module_id,module_code,module_title,group_code,group_title,measure_id,measure_code,measure_title,measure_body,assignees,security_codes
b5028426029f54e5432675ba5538d818,GRC.3,GRC.3: Varade haldus,3.2,3.2 Põhimeetmed,7071f9a04e52e90dcbf14c280bd84b0d,GRC.3.M1,GRC.3.M1 Varahalduse korraldus,"Vastutaja:  Organisatsiooni juhtkond 
 Elutsükli etapp:  Kavandamine 
   
 a. Organisatsioonis on loodud protsess kõigi füüsiliste ja digitaalsete vahendite ja seadmete haldamiseks, mis võivad infoturbe olukorda mõjutada. 
 b. Organisatsioonis hallatakse varasid süsteemselt kokkulepitud reeglite alusel. 
 c. Varahaldus on kooskõlas organisatsiooniliste, õiguslike ja regulatiivsete nõuetega ja loob tingimused kriitiliste süsteemide ja teenuste kättesaadavuse tagamiseks. 
 d. Varahalduse protseduurid võimaldavad olulistest varadest aktuaalse ülevaate saamist. 
 e. Varahaldus hõlmab vara elutsüklit tervikuna. 
 f. Varahalduses peab saama tuvastada varade vahelisi seoseid. 
 g. Hankimisel arvestatakse varade ühilduvust olemasolevate süsteemidega.",Organisatsiooni juhtkond,
b5028426029f54e5432675ba5538d818,GRC.3,GRC.3: Varade haldus,3.2,3.2 Põhimeetmed,b5b216d1e15066a3b866bd08e0b20777,GRC.3.M2,GRC.3.M2 Varade haldustoimingute vastutuse määramine,"Vastutaja:  Organisatsiooni juhtkond 
 Elutsükli etapp:  Kavandamine 
 Turvakomponent:  I 
   
 a. Organisatsiooni varade elutsükkel on hallatud. 
 b. Iga vara on vajalik ühe või mitme äriprotsessi eesmärgi täitmise saavutamiseks. 
 c. On määratud varade halduse eest vastutavad isikud: 
 
 IT-juht, IT-varade üle arvestuse pidamine; 
 Haldusjuht, mistahes muu tehnovara nt. sõidukid; 
 Finantsjuht, varadega seotud rahalised kohustused näiteks teenuselepingud; 
 Hankejuht, hake- ja projektilepingud; 
 Andmekaitsespetsialist, isikuandmeid sisaldavad andmekogud. 
 
 d. Organisatsioon on määranud varahalduse suhtluskanalid ja kinnitanud organisatsiooniüksuste vahelise aruandluse, sh suhtluskanalid intsidentide eskaleerimise korral.",Organisatsiooni juhtkond,
b5028426029f54e5432675ba5538d818,GRC.3,GRC.3: Varade haldus,3.2,3.2 Põhimeetmed,620dd1830efeb76b89ce368dea75485e,GRC.3.M4,GRC.3.M4 Varade register,"Vastutaja:  Organisatsiooni juhtkond 
 Elutsükli etapp:  Käitamine 
   
 a. Organisatsioonis on kasutusel ajakohane register kõigi kasutatavate varade jaoks. 
 b. Vara soetusel registreeritakse vara ja vara halduseks oluline info koheselt varade registris. 
 c. Varade register on koostatud ja koosseisu ajakohasus on kontrollitud regulaarselt varade inventuuride käigus vähemalt järgmiste parameetrite osas: 
 
 vara kirjeldus; 
 vara liik; 
 käideldavad andmed (kui on asjakohane); 
 asukoht; 
 vastutaja; 
 seisukord.",Organisatsiooni juhtkond,
b5028426029f54e5432675ba5538d818,GRC.3,GRC.3: Varade haldus,3.2,3.2 Põhimeetmed,cefbb3c836bcf5cc5c1320474ee54bdb,GRC.3.M8,GRC.3.M8 Varade kasutuselt kõrvaldamine,"Vastutaja:  Infoturbejuht 
 Elutsükli etapp:  Kõrvaldamine 
   
 a. Varade turvaliseks kasutuselt kõrvaldamiseks on koostatud juhendid ja soetatud vajalikud abivahendid. 
 b. Vara kõrvaldamisel ajakohastatakse varade registrit. 
 c. Vara kõrvaldamise käigus teostatakse vähemalt järgmised toimingud: 
 
 seadme kõrvaldamise protsessi käigus tagatakse, et seadmesse või integreeritud irdandmekandjale ei jääks kaitset vajavaid andmeid; 
 serveritest kustutatakse turvaliselt kõik kasutaja- ja konfiguratsiooniandmed; 
 tagatakse kõikide, ka veel arhiveerimata logide säilitamine; 
 tühistatakse serveri ning tarbijate sertifikaadid; 
 dokumentatsioonist kustutatakse kõik viited kõrvaldatud seadmetele või süsteemidele.",Organisatsiooni juhtkond,
b5028426029f54e5432675ba5538d818,GRC.3,GRC.3: Varade haldus,3.3,3.3 Standardmeetmed,7a7479d3706b3cf8aca7c16d36278cea,GRC.3.M3,GRC.3.M3 Andmehaldus,"Vastutaja:  Organisatsiooni juhtkond 
 Elutsükli etapp:  Käitamine 
   
 a. Kõik organisatsiooni protsessides kasutatavad andmed on tuvastatud ja kaitsevajaduse alusel klassifitseeritud. Andmekaitsemeetmed vastavad ärilistele ja regulatiivsetele nõuetele. 
 b. Kõik andmetüübid, sõltumata vormingust, asukohast või süsteemist, on tuvastatud ja registreeritud. 
 c. Andmete seotus varadega, kus andmeid töödeldakse, dokumenteeritakse vähemalt järgmiste varaloenditesse kantud varade korral: 
 
 füüsilised seadmed; 
 serverid; 
 IT-süsteemid; 
 rakendused. 
 
 d. Andmetüübid, klassifikatsioonid ja seotud varad on dokumenteeritud ning regulaarselt ajakohastud vastavalt keskkonnas toimuvatele muudatustele.",Organisatsiooni juhtkond,
b5028426029f54e5432675ba5538d818,GRC.3,GRC.3: Varade haldus,3.3,3.3 Standardmeetmed,048f54dba80946fdcab7b92fcbb0298c,GRC.3.M5,GRC.3.M5 Varahalduse protsess,"Vastutaja:  Organisatsiooni juhtkond 
 Elutsükli etapp:  Käitamine 
   
 a. Kõik asjakohased varad, sh seadmed, IT-süsteemid, tarkvara, pilvteenused, andmed, on tuvastatud ja registreeritud varaloendites. 
 b. Varad on klassifitseeritud rolli alusel: 
 
 esmased varad - varad, mis toetavad otseselt organisatsiooni põhitegevust; 
 sekundaarsed varad - varad, mis toetavad, kaitsevad või võimaldavad esmaseid varasid. 
 
 c. Varade olulisus ja prioriteetsus on hinnatud toimepidevusriskide hindamise käigus. Arvestatud on vähemalt järgmiste mõjudega: 
 
 tegevushäired; 
 finantskahjud; 
 õiguslikud või regulatiivsed tagajärjed; 
 ohutusriskid; 
 mainekahju. 
 
 d. Igal varal on vastutav omanik, kes vastutab varaga seotud andmete õigsuse ja ajakohasuse eest. 
 e. Varadega seotud teavet hallatakse varade registris.",Organisatsiooni juhtkond,
b5028426029f54e5432675ba5538d818,GRC.3,GRC.3: Varade haldus,3.3,3.3 Standardmeetmed,7c14e5cc91f958176e338798c3bebfce,GRC.3.M6,GRC.3.M6 IT-varade arvelevõtt,"Vastutaja:  IT-juht 
 Elutsükli etapp:  Käitamine 
 Turvakomponent:  I; A 
   
 a. Organisatsioonis on arvele võetud kõik infoturbe olukorda mõjutada võivad IT-varad, sõltumata vara raamatupidamuslikust väärtusest. 
 b. IT-varadega seonduvad kulumaterjalid, tarkvara, andmekandjad on kaardistatud ning varadele on tagatud piisav kulumaterjalide varu. 
 c. Arvele on võetud on vähemalt järgmised varaliigid: 
 
 IT-süsteemid; 
 tööstusautomaatika seadmed; 
 esemevõrgu seadmed. 
 
 d. Enne kasutuselevõttu vara märgistatakse ja registreeritakse ning varale määratakse vastutaja. 
 e. Uute IT-varade arvelevõtul on otsustatud, kas on vajalik täiendavate juhendite koostamine või kasutajate koolituse korraldamine. 
 f. Täpse ja ajakohase ülevaate saamiseks võrku ühendatud IT-varadest kasutatakse automatiseeritud avastustööriistu.",Organisatsiooni juhtkond,
b5028426029f54e5432675ba5538d818,GRC.3,GRC.3: Varade haldus,3.3,3.3 Standardmeetmed,6cd5d4872913d9c1f5f203b69a712697,GRC.3.M9,GRC.3.M9 Varade nõrkuste hindamine,"Vastutaja:  Organisatsiooni juhtkond 
 Elutsükli etapp:  Käitamine 
 Turvakomponent:  C 
   
 a. On olemas protsess riistvara, tarkvara, võrgusüsteemide ja rajatistega seotud ohtude ja nõrkuste tuvastamiseks. 
 b. Kõik kriitiliste süsteemide, rakenduste, võrkude ja rajatiste nõrkused on kaardistatud. 
 c. Varade nõrkuste hindamisel tuginetakse usaldusväärsete allikate teabele teadaolevate haavatavuste ja turvanõrkuste kohta. Sellisteks allikateks võivad olla tootjad, teenusepakkujad, teadaolevate nõrkuste andmebaasid, riiklikud teavitused. 
 d. Varahalduse eest vastutajad on kursis oma tegevusvaldkonna tüüpsete ohtudega. 
 e. Teadaolevad varade nõrkused ja tüüpsed ohud on dokumenteeritud. Sellega arvestatakse IT-riskide hindamise läbiviimisel. 
 f. Varade nõrkuste ja tüüpsete ohtude loendit ajakohastatakse ja uuendatakse uute varade lisamisel või ohumaastiku muutumisel.",Organisatsiooni juhtkond,
b5028426029f54e5432675ba5538d818,GRC.3,GRC.3: Varade haldus,3.4,3.4 Kõrgmeetmed,b261b41b2574f4996d24be958405bc1f,GRC.3.M7,GRC.3.M7 Keskne varahaldussüsteem,"Vastutaja:  Organisatsiooni juhtkond 
 Elutsükli etapp:  Käitamine 
 Turvakomponent:  I; A 
   
 a. Varade arvestuse pidamiseks on kasutusel keskne digitaalne varahaldussüsteem, mis võimaldab varadest ja vara seisukorrast reaalajas ülevaate saamist. 
 b. Keskses varahaldussüsteemis on registreeritud kasutusel olevad, testimiseks kasutatavad ja varus olevad varad. Vajadusel registreeritakse ka varade komponendid. 
 c. Varahaldussüsteemis on andmed ka olemasolevate, kuid kasutusest maha võetud varade kohta. 
 d. Varahaldussüsteemis on registreeritud kõik varade elutsüklit mõjutavad parameetrid ja tehtavad toimingud. 
 e. Keskse varahaldussüsteemi koosseisu õigsust ja ajakohasust kontrollitakse regulaarselt vähemalt üks kord aastas.",Organisatsiooni juhtkond,
d514aeea81e329e33dedbff2fba6ca96,GRC.5,GRC.5: Krüptograafia,3.2,3.2 Põhimeetmed,67c6e252b668d63daf5ae921386708a0,GRC.5.M1,GRC.5.M1 Krüptomehhanismide kasutuselevõtu kavandamine,"Vastutaja:  Organisatsiooni juhtkond 
 Elutsükli etapp:  Kavandamine 
 Turvakomponent:  C; I; A 
   
 a. Krüptomehhanismide valimisel eelistatakse sõltumatutes uuringutes heakskiidetud krüptoalgoritme, mida on põhjalikult kontrollitud ja mis on teadaolevate turvanõrkusteta. 
 b. Krüptomehhanisme sisaldavates IT-süsteemides kasutatakse kontrollitud ja heakskiidetud krüptovõtme pikkuseid. 
 c. Krüptovõtme pikkuse määramisel arvestatakse selle sobivust ja seost krüptovõtme plaanitud kasutusajaga.",Organisatsiooni juhtkond,
d514aeea81e329e33dedbff2fba6ca96,GRC.5,GRC.5: Krüptograafia,3.2,3.2 Põhimeetmed,241348210cbf14389f2bdae152fd0cf4,GRC.5.M2,GRC.5.M2 Krüptokontseptsioon,"Vastutaja:  Organisatsiooni juhtkond 
 Elutsükli etapp:  Kavandamine 
 Turvakomponent:  A 
   
 a. Organisatsiooni krüptokontseptsioon esitab kasutatavate krüptomehhanismide ja krüptograafiliste vahendite tehnilised ja korralduslikud nõuded ning lähtub organisatsiooni infoturvapoliitikast. 
 b. Krüptokontseptsioonis on sätestatud vähemalt järgmine: 
 
 vastutus krüptograafiliste vahendite halduse eest; 
 krüptograafiliste vahendite turvaline kasutamine; 
 krüptograafiliste vahendite turvaline konfigureerimine ja haldus; 
 krüptovõtmete haldus, sealhulgas võtmete turvaline varundamine; 
 krüptograafiliste vahendite turvaline kustutus ja hävitamine. 
 
 c. Krüptograafiliste vahendite kasutajatele on koostatud juhendmaterjalid ja tegevusjuhised probleemidest ning turvasündmustest teavitamiseks. 
 d. Asjassepuutuvad töötajad järgivad tegevusjuhiseid. 
 e. Krüptokontseptsiooni täitmist kontrollitakse regulaarselt, kontrollitulemused dokumenteeritakseja vajadusel krüptokontseptsioon ajakohastatakse.",Organisatsiooni juhtkond,
d514aeea81e329e33dedbff2fba6ca96,GRC.5,GRC.5: Krüptograafia,3.2,3.2 Põhimeetmed,0ec1ecb77705cf2f88cbb0b06f2a5e10,GRC.5.M4,GRC.5.M4 Reageerimine krüptomehhanismide nõrgenemisele,"Vastutaja:  Organisatsiooni juhtkond 
 Elutsükli etapp:  Käitamine 
 Turvakomponent:  I 
   
 a. Usaldusväärsetele allikatele tuginedes kontrollib organisatsioon vähemalt korra aastas kõigi kasutatavate krüptograafiliste vahendite, meetodite ja parameetrite ajakohasust ja turvalisust. 
 b. Krüptomehhanismi turvanõrkuste ilmnemiseks on koostatud protseduur, mis taastab krüptomehhanismi nõutava turvataseme või asendab nõrgenenud krüptograafilise vahendi sobiva alternatiiviga.",Organisatsiooni juhtkond,
d514aeea81e329e33dedbff2fba6ca96,GRC.5,GRC.5: Krüptograafia,3.2,3.2 Põhimeetmed,c9514cd40ffc0118d8c8dff5186da291,GRC.5.M5,GRC.5.M5 Krüptovõtmete turvaline kustutus ja hävitamine,"Vastutaja:  Infoturbejuht 
 Elutsükli etapp:  Kõrvaldamine 
 Turvakomponent:  C 
   
 a. Kasutuselt võetud krüptovõtmed ja sertifikaadid kustutatakse tavakasutusest ja hävitatakse. 
 b. Krüptovõtmete turvalise kustutuse ja digitaalse ja füüsilise hävitamise protseduurid on dokumenteeritud krüptokontseptsioonis.",Organisatsiooni juhtkond,
d514aeea81e329e33dedbff2fba6ca96,GRC.5,GRC.5: Krüptograafia,3.2,3.2 Põhimeetmed,48aa5a1996e40e20f007a8600de344e5,GRC.5.M6,GRC.5.M6 Krüptograafiliste vahendite arvestuse pidamine,"Vastutaja:  IT-juht 
 Elutsükli etapp:  Kavandamine 
 Turvakomponent:  C; I; A 
   
 a. Organisatsioon on loonud kasutatavate krüptograafiliste vahendite halduseks loendi. Loend sisaldab vähemalt järgmist: 
 
 IT-süsteemid, mis antud krüptograafilist vahendit kasutavad; 
 krüptograafilise vahendi kasutamise eesmärk; 
 krüptograafilised meetodid ja krüptomehhanismid; 
 krüptograafilise vahendi turvaparameetrid; 
 krüptovõimekus ja kontrollimise metoodika.",Organisatsiooni juhtkond,
d514aeea81e329e33dedbff2fba6ca96,GRC.5,GRC.5: Krüptograafia,3.3,3.3 Standardmeetmed,e79226028a84331f0d88dc6584e1ec48,GRC.5.M3,GRC.5.M3 Krüptograafiliste vahendite valikukriteeriumite kehtestamine,"Vastutaja:  Organisatsiooni juhtkond 
 Elutsükli etapp:  Kavandamine 
 Turvakomponent:  C; I; A 
   
 a. Enne krüptograafiliste vahendi valimist määratakse, millistele nõuetele peab vahend vastama. Seejuures kaalutakse järgmiseid aspekte: 
 
 funktsionaalsus; 
 koostalitlusvõime; 
 majanduslik otstarbekus; 
 töö- ja tõrkekindlus; 
 tehnilised aspektid; 
 personali- ja muud korralduslikud aspektid; 
 kasutatavad krüptomehhanismid, -algoritmid ja võtmepikkused; 
 andmekaitse nõuded; 
 õiguslikud raamtingimused (sh rahvusvahelised õiguslikud aspektid). 
 
 b. Kasutatakse ainult sertifitseeritud krüptovahendeid.",Organisatsiooni juhtkond,
d514aeea81e329e33dedbff2fba6ca96,GRC.5,GRC.5: Krüptograafia,3.3,3.3 Standardmeetmed,25b670da6e9722fbb458171ff4bb228f,GRC.5.M7,GRC.5.M7 Turvaline võtmehaldus,"Vastutaja:  IT-juht 
 Elutsükli etapp:  Käitamine 
 Turvakomponent:  I 
   
 a. Krüptograafiliste vahendite krüptovõtmete halduseks on kehtestatud sobiv võtmehaldussüsteem ja loodud turvaline keskkond. 
 b. Võtmehaldussüsteem käsitleb krüptovõtmete tervikluse ja autentsuse säilitamist kogu võtme elutsükli vältel. 
 d. Kasutatakse ainult tõendatud päritoluga krüptovõtmeid. 
 e. Privaatvõtit sisaldavad vaikevõtmete paar on asendatud. 
 g. Salajased võtmed (ingl  secret key ) on kaitstud volitamata juurdepääsu eest ja nende transpordil kasutatakse turvalisi edastuskanaleid. 
 h. On loodud protseduurid krüptovõtmete vahetamiseks. Protseduure muudetakse IT-süsteemi nõuete muutumisel.",Organisatsiooni juhtkond,
d514aeea81e329e33dedbff2fba6ca96,GRC.5,GRC.5: Krüptograafia,3.3,3.3 Standardmeetmed,8180f7498872e1c634a3f6ce4f94dd5b,GRC.5.M12,GRC.5.M12 Krüptomehhanismide pikaajaline töövõime tagamine,"Vastutaja:  IT-juht 
 Elutsükli etapp:  Käitamine 
 Turvakomponent:  I; A 
   
 b. Pika kasutuskestusega krüptovõtmeid varundatakse väljaspool kasutatavat IT-süsteemi. 
 c. Krüpteeritud andmete pikaajalisel säilitamisel on tagatud krüptomehhanismi kasutatavus, kasutatavust testitakse regulaarset: 
 
 kas võtmed funktsioneerivad; 
 kas krüptomehhanism on endiselt piisavalt tugev. 
 
 d. Krüpteerimiseks kasutatav tarkvara ja tehniline kirjeldus on dokumenteeritud. 
 e. On kehtestatud protseduur, kuidas ja millise regulaarsusega andmeid ümber krüpteerida juhul kui krüptomehhanism muutub kasutuskõlbmatuks. 
 f. Kasutusest eemaldatud krüptograafilised vahendid hävitatakse.",Organisatsiooni juhtkond,
d514aeea81e329e33dedbff2fba6ca96,GRC.5,GRC.5: Krüptograafia,3.4,3.4 Kõrgmeetmed,76a3355f7e3a79c555a0734c54c727a4,GRC.5.M8,GRC.5.M8 Krüptograafiliste funktsioonidega IT-süsteemi testimine,"Vastutaja:  Infoturbejuht 
 Elutsükli etapp:  Käitamine 
 Turvakomponent:  C; I 
   
 a. Krüptograafiliste funktsioonidega toote kasutuselevõtu eel luuakse uued krüptovõtmed ja kontrollitakse, kas krüptograafilised funktsioonid toimivad ootuspäraselt. 
 b. Krüptograafiliste funktsioonidega toote testimisprotseduurid on kirjeldatud krüptokontseptsioonis. 
 c. Toote muudatuste järgselt testitakse kasutavate krüptograafiliste funktsioonide toimivust. 
 e. Enesetestimise võimaluse olemasolul tootes on need sisse lülitatud.",Organisatsiooni juhtkond,
d514aeea81e329e33dedbff2fba6ca96,GRC.5,GRC.5: Krüptograafia,3.4,3.4 Kõrgmeetmed,3187b71f7405d2d42b59b44246c40c99,GRC.5.M9,GRC.5.M9 Krüptograafiliste funktsioonidega riistvara asendus,"Vastutaja:  IT-juht 
 Elutsükli etapp:  Käitamine 
 Turvakomponent:  C; I; A 
   
 a. Krüptograafiliste funktsioonidega riistvaral on olemas asendusriistvara. 
 b. On olemas krüptograafiliste funktsioonidega riistvara asendamist kirjeldavad juhendid.",Organisatsiooni juhtkond,
d514aeea81e329e33dedbff2fba6ca96,GRC.5,GRC.5: Krüptograafia,3.4,3.4 Kõrgmeetmed,660b406ef9939734772834e6eba4009e,GRC.5.M10,GRC.5.M10 Krüptograafiliste funktsioonidega riist- ja tarkvara manipuleerimise tuvastamine,"Vastutaja:  Infoturbejuht 
 Elutsükli etapp:  Käitamine 
 Turvakomponent:  C; I 
   
 a. Kasutajal ei ole oma juurdepääsuõiguste tasemel võimalust krüptomooduleid desaktiveerida. 
 b. Krüptograafilisi funktsioone täitvate riist- või tarkvaraüksuste toimimist seiratakse võimalike manipuleerimiskatsete tuvastamiseks. 
 c. On rakendatud meetmed krüptograafiliste funktsioonidega vahendile volitamata füüsilise juurdepääsu tõkestamiseks.",Organisatsiooni juhtkond,
d514aeea81e329e33dedbff2fba6ca96,GRC.5,GRC.5: Krüptograafia,3.4,3.4 Kõrgmeetmed,16ecbfc0a792864f1334e7a0083aee00,GRC.5.M11,GRC.5.M11 Riistvaraliste krüptomoodulite füüsiline turve,"Vastutaja:  IT-juht 
 Elutsükli etapp:  Käitamine 
 Turvakomponent:  I; A 
   
 a. On rakendatud meetmed krüptograafiliste funktsioonidega riistvarale volitamata füüsilise juurdepääsu tõkestamiseks.",Organisatsiooni juhtkond,
d943bbb3f788025da19851de764ccba7,ORP.2,ORP.2: Personali haldus,3.2,3.2 Põhimeetmed,d30f859c37f8b250ae743ceaa04f5325,ORP.2.M1,ORP.2.M1 Uue töötaja sisseelamise kord,"Vastutaja:  Personalijuht 
 Elutsükli etapp:  Kavandamine 
   
 a. Uute töötajate sisseelamise kord sisaldab infoturbe nõuete, tavade ja tegevusjuhiste tutvustamist. 
 b. On koostatud kontroll-loend, mis sisaldab kõiki uue töötaja töö alustamiseks vajalikke tegevusi (nt ligipääsud, töövahendid, turbekoolitus).",Personalijuht,
d943bbb3f788025da19851de764ccba7,ORP.2,ORP.2: Personali haldus,3.2,3.2 Põhimeetmed,dd6cf8601f7dafdcf5ce1712b611afcc,ORP.2.M2,ORP.2.M2 Töötaja lahkumise ja ametikoha muutumise kord,"Vastutaja:  Personalijuht 
 Elutsükli etapp:  Kavandamine 
   
 a. Töötaja lahkumise ja ametikoha muutumise kord tagab tööülesannete nõuetekohase üleandmise ja töö järjepidevuse. 
 b. Töösuhte lõppemisel annab töötaja organisatsioonile üle kõik töösuhte ajal temale kasutamiseks antud füüsilised varad. 
 c. Töösuhte lõppemisel või ametikoha muutumisel tagatakse kas töötaja ligipääsuõiguste õigeaegne sulgemine või kohandamine. 
 e. Töötaja lahkumise ja ametikoha muutumise kord sätestab konfidentsiaalsuskohuse ja nõuded huvide konflikti vältimiseks. 
 f. Töötaja töösuhte muutumisel teavitatakse asjakohaseid töötajaid ning vajadusel ajakohastatakse tegevus- ja järjepidevusplaanid. 
 h. Tegevuste koordineerimiseks töötaja lahkumise korral kasutatakse asjakohast kontroll-loendit.",Personalijuht,
d943bbb3f788025da19851de764ccba7,ORP.2,ORP.2: Personali haldus,3.2,3.2 Põhimeetmed,f853e1577412c4ecbeea048cbda57c0c,ORP.2.M3,ORP.2.M3 Töötaja asendamise kord,"Vastutaja:  Personalijuht 
 Elutsükli etapp:  Käitamine 
   
 a. Juhtkond on koostanud töötaja asendamise korra ja loonud eeldused selle järgimiseks. Asendamise kord eksisteerib tööülesannetele kõigis olulistes äriprotsessides. 
 c. Asendaja nimetamisel veendutakse, et tal on olemas asendamiseks vajalikud teadmised. Vajadusel asendajat koolitatakse ja tööprotseduurid dokumenteeritakse sellise täpsusega, et ka vähemate teadmistega isik saaks asendamisega hakkama. 
 d. Kui erandjuhul ei saa konkreetsele töötajale pädevat asendajat määrata ega koolitada, otsustatakse, kas saab töötaja asendamiseks kasutada organisatsioonivälist tööjõudu.",Personalijuht,
d943bbb3f788025da19851de764ccba7,ORP.2,ORP.2: Personali haldus,3.2,3.2 Põhimeetmed,e79ba9e42bacf9a4fbb8616094c3f8e0,ORP.2.M4,ORP.2.M4 Asendamise kord välise töötaja puhul,"Vastutaja:  Personalijuht 
 Elutsükli etapp:  Käitamine 
   
 a. Kui töötaja asendamiseks kasutatakse välist töötajat, siis kohustub ta täitma organisatsiooni poliitikaid ja sise-eeskirju sarnaselt organisatsiooni töötajatega. 
 b. Lühiajaliselt või ühekordselt kaasatud välist töötajat käsitletakse külastajana, keda kaitsevajadusega alas üksinda ei jäeta. 
 c. Pikemaks ajaks värvatud väliseid töötajaid õpetatakse ja koolitatakse tööülesandeid täitma sarnaselt organisatsiooni töötajatega. Ka välistele töötajatele kehtib töötaja asendamise kord. 
 d. Töölt lahkumise korral annab väline töötaja oma töö tulemi üle ja tema juurdepääsuõigused suletakse sarnaselt organisatsiooni oma töötajaga.",Personalijuht,
d943bbb3f788025da19851de764ccba7,ORP.2,ORP.2: Personali haldus,3.2,3.2 Põhimeetmed,70476552a00d9b306ccb535a07758351,ORP.2.M5,ORP.2.M5 Konfidentsiaalsusleping väliste töötajate kasutamisel,"Vastutaja:  Personalijuht 
 Elutsükli etapp:  Käitamine 
   
 a. Organisatsioonivälise isikuga sõlmitakse kirjalik konfidentsiaalsusleping enne, kui talle antakse juurdepääs konfidentsiaalsele teabele. 
 b. Konfidentsiaalsuslepingus on määratud vähemalt järgmine: 
 
 millist teavet käsitletakse konfidentsiaalsena; 
 millised nõuded kehtivad konfidentsiaalse teabe kasutamisel ja edastamisel; 
 kui kaua konfidentsiaalsusleping kehtib; 
 kuidas reguleeritakse teabe omandiõigusi; 
 millised on lepingu rikkumise tagajärjed.",Personalijuht,
d943bbb3f788025da19851de764ccba7,ORP.2,ORP.2: Personali haldus,3.2,3.2 Põhimeetmed,3e617430038f16e4fbe15a51d6f3564f,ORP.2.M14,ORP.2.M14 Tööülesannete ja kohustuste kehtestamine,"Vastutaja:  Personalijuht 
 Elutsükli etapp:  Kavandamine 
   
 a. Kõik töötajad on selgesõnaliselt kohustunud järgima asjakohaseid õigusakte, organisatsiooni poliitikaid ja sise-eeskirju. 
 b. Töötaja tööülesanded ja kohustused on dokumenteeritud ja neid on töötajale tutvustatud. Töötajad kinnitavad nõuete järgimist, allkirjastades vastava kontroll-loetelu. 
 c. Töötajad teavad, et töötamise käigus saadav teave on ette nähtud ainult organisatsioonisiseseks kasutamiseks, kui see ei ole teisiti tähistatud. 
 d. Töötajad on kohustatud organisatsiooni varasid ja andmeid kaitsma ka pärast tööaega ja väljaspool organisatsiooni territooriumi.",Personalijuht,
d943bbb3f788025da19851de764ccba7,ORP.2,ORP.2: Personali haldus,3.2,3.2 Põhimeetmed,b42b236dc81e751986ce22e82d735bfc,ORP.2.M15,ORP.2.M15 Piisava kvalifikatsiooniga töötajad,"Vastutaja:  Personalijuht 
 Elutsükli etapp:  Käitamine 
   
 a. Töötajad saavad regulaarselt tegevusalal vajalikku koolitust ja täiendõpet. 
 c. Uute töötajate otsimisel on nõutav haridus, kvalifikatsioon ja oskused selgelt kirjeldatud. 
 d. Töötajate vastavust ametikohale ja vastava ametikohale vajaliku kvalifikatsiooni kirjelduste õigsust kontrollitakse perioodiliselt.",Personalijuht,
d943bbb3f788025da19851de764ccba7,ORP.2,ORP.2: Personali haldus,3.3,3.3 Standardmeetmed,dbe81d56e77b2dca69696ee2c4d5e492,ORP.2.M7,ORP.2.M7 Kandidaadi usaldusväärsuse kontrollimine,"Vastutaja:  Personalijuht 
 Elutsükli etapp:  Käitamine 
   
 a. Personalivalikul osalejad kontrollivad enne töölevõtmist nõuetekohase hoolsusega kandidaadi esitatud andmete (nt elulookirjeldus) tõepärasust. 
 b. Olulisi andmeid kontrollitakse täiendavate tõendite küsimise ja esitamise teel.",Personalijuht,
d943bbb3f788025da19851de764ccba7,ORP.2,ORP.2: Personali haldus,3.3,3.3 Standardmeetmed,4f11e94166dbf7fc3ad7a999957fb592,ORP.2.M13,ORP.2.M13 Töötaja taustakontroll,"Vastutaja:  Personalijuht 
 Elutsükli etapp:  Käitamine 
 Turvakomponent:  C; I; A 
   
 a. Suure kaitsetarbega valdkondades tehakse lisaks töötajate usaldatavuse põhikontrollile seadusega lubatud piires täiendav taustakontroll.",Personalijuht,
d943bbb3f788025da19851de764ccba7,ORP.2,ORP.2: Personali haldus,3.4,3.4 Kõrgmeetmed,58d6b430d047e4a8543ae6572f15d813,ORP.2.M11,ORP.2.M11 Turvakultuuri analüüs,"Vastutaja:  Personalijuht 
 Elutsükli etapp:  Kavandamine 
 Turvakomponent:  C; I; A 
   
 a. Turvameetmete rakendamisel arvestatakse organisatsiooni töötajaid, nende tausta, teadmisi ning IT-süsteemide kasutamise kogemusi. Turvalisust parandatakse analüüsides töötajate turvakäitumist. 
 c. Analüüsitakse, kas turvakultuuri võivad mõjutada riikidevahelised, piirkondlikud või üksustevahelised kultuurilised erinevused.",Personalijuht,
a1f072821cd41c44dd8e1b50dd5f7182,GRC.1,GRC.1: Infoturbe haldus üldiselt,3.2,3.2 Põhimeetmed,9a203be26a48fed5a22db80c95d6c94d,GRC.1.M1,GRC.1.M1 Organisatsiooni juhtkonna infoturbe vastutus,"Vastutaja:  Organisatsiooni juhtkond 
 Elutsükli etapp:  Kavandamine 
   
 a. Organisatsiooni juhtkond tagab, et infoturvalisust käsitletakse strateegilise prioriteedina, mitte ainult tehnilise küsimusena. 
 b. Juhtkond haldab ja kontrollib infoturbe toimimist ning on infoturbe korraldamisel eeskujuks. 
 c. Juhtkond määratleb infoturbe eesmärgid, poliitikad, rollid, vastutusalad ja volitused ning nende edastamise ja regulaarse ülevaatamise kogu organisatsioonis. 
 d. Infoturbe korralduse põhimõtted on kirjeldatud, kinnitatud ja kõigile teatavaks tehtud. 
 e. Organisatsiooni juhatus vastutab infoturbe vastutuse mittevõtmisega kaasnevate tagajärgede eest.",Organisatsiooni juhtkond,
a1f072821cd41c44dd8e1b50dd5f7182,GRC.1,GRC.1: Infoturbe haldus üldiselt,3.2,3.2 Põhimeetmed,6767390d5f3e992323a2ec106157ce8c,GRC.1.M3,GRC.1.M3 Infoturvapoliitika,"Vastutaja:  Organisatsiooni juhtkond 
 Elutsükli etapp:  Kavandamine 
   
 a. Organisatsiooni juhatus piiritleb üheselt ja selgelt infoturbe kaitseala, arvestades organisatsiooni eesmärke, äriprotsesse ja muud olulist teavet. 
 b. Organisatsiooni juhatus kinnitab ja kehtestab infoturvapoliitika (ingl  information security policy ). 
 c. Infoturvapoliitikas kajastatakse vähemalt järgmised teemasid: 
 
 infoturbe üldised eesmärgid ja põhimõtted, sealhulgas kaitseala, kaitsetarve ja riskihalduse alused; 
 infoturbe rollide ja vastutuste jaotus; 
 küberintsidentide käsitlemise ja infoturbe halduse hindamise alused; 
 viited seotud dokumentidele, sealhulgas alampoliitikad, korrad, tegevusdokumentatsioon. 
 
 d. Infoturvapoliitika seob turvanõuded organisatsiooni eesmärkidega arusaadaval ja töötajaid motiveerival viisil. 
 e. Infoturvapoliitika on arusaadavalt sõnastatud ja suunatud teadmiseks kõigile töötajatele ja organisatsiooni partneritele, vajadusel ka avalikkusele. 
 f. Infoturvapoliitikat vaadatakse üle regulaarsusega üks kord aastas. Infoturvapoliitikas kavandatakse muudatusi kui: 
 
 plaanitakse muutusi organisatsiooni eesmärkides ja regulatsioonides ning selle tulemusel ka kaitsealas ja kaitsetarbes; 
 muutub üldine turvaolukord või riiklikud ohuhinnangud; 
 toimub olulise mõjuga küberintsident.",Organisatsiooni juhtkond,
a1f072821cd41c44dd8e1b50dd5f7182,GRC.1,GRC.1: Infoturbe haldus üldiselt,3.2,3.2 Põhimeetmed,611c86ba9f978cb805d3d984b0d87a7b,GRC.1.M4,GRC.1.M4 Infoturbejuhi määramine,"Vastutaja:  Organisatsiooni juhtkond 
 Elutsükli etapp:  Kavandamine 
   
 a. Organisatsiooni juhatus on määranud infoturbe eest vastutava isiku - infoturbejuhi, kelle kohustused hõlmavad järgmist: 
 
 infoturbeprotsessi koordineerimine; 
 juhatuse toetamine infoturvapoliitika kehtestamisel; 
 turvameetmete rakendusplaani koostamine, elluviimise algatamine ja kontrollimine; 
 muude infoturvet hõlmavate rakendusplaanide väljatöötamise koordineerimine; 
 infoturvapoliitikate ja -meetmete rakendamise koordineerimine; 
 juhtkonna regulaarne teavitamine infoturbe hetkeseisust; 
 infoturbeprojektide koordineerimine; 
 infoturvaintsidentide menetlemine; 
 infoturbe teadlikkuse suurendamine ja koolituste korraldamine. 
 
 b. Organisatsiooni juhatus tagab infoturbejuhile tööks vajalikud ressursid ja juurdepääsud ning volitab infoturbejuhti infoturvapoliitika ja turvameetmete jõustamiseks. 
 c. Infoturbejuhi erialane kvalifikatsioon on piisav ning talle tagatakse võimalused oma teadmiste täiendamiseks. 
 d. Infoturbejuhi kompetents ja isikuomadused lisaks erialastele oskustele on järgmised: 
 
 organisatsiooni eesmärkide ja protsesside tundmine; 
 koostöö- ja meeskonnatöö oskused; 
 iseseisva töö võime; 
 valmisolek erialaseks enesearenguks; 
 enesekehtestamise oskus; 
 projektijuhtimise kogemus. 
 
 g. Kui infoturbejuhi rolli ei ole võimalik täita organisatsioonisiseselt, hangitakse vastav teenus väljastpoolt organisatsiooni või vastutab nende ülesannete täitmise eest organisatsiooni juhatus.",Organisatsiooni juhtkond,
a1f072821cd41c44dd8e1b50dd5f7182,GRC.1,GRC.1: Infoturbe haldus üldiselt,3.2,3.2 Põhimeetmed,4d2c0eda5151f0d98fae11c41323e57c,GRC.1.M6,GRC.1.M6 Infoturbe korralduse rajamine,"Vastutaja:  Organisatsiooni juhtkond 
 Elutsükli etapp:  Kavandamine 
   
 a. Organisatsiooni juhtkond kehtestab infoturbe korralduse organisatsioonis: 
 
 määrab infoturbega seotud rollid ja ülesanded; 
 tagab, et infoturbe vastutavatel töötajatel on tööülesannete täitmiseks vajalik pädevus; 
 tagab ülesannete täitmiseks vajalikud ressursid: raha, aeg, tööjõud, vahendid. 
 
 b. Infoturbe korraldamisel teevad omavahel koostööd järgmised osapooled: 
 
 infoturbejuht; 
 IT-juht; 
 äriüksuste juhid; 
 personalijuht; 
 andmekaitsespetsialist; 
 kvaliteedijuht; 
 kasutaja. 
 
 c. Infoturbe ülesanded on sõnastatud arusaadavalt, osapoolte kohustused on määratud. Vastuolulised rollid ja vastuolulised ülesanded määratakse erinevatele osapooltele. 
 d. Infoturbe suhtluskanalid on kavandatud, dokumenteeritud ja organisatsioonis teatavaks tehtud.",Organisatsiooni juhtkond,
a1f072821cd41c44dd8e1b50dd5f7182,GRC.1,GRC.1: Infoturbe haldus üldiselt,3.2,3.2 Põhimeetmed,4921b3037be001236ca08d3f28ac0cae,GRC.1.M8,GRC.1.M8 Töötajate kaasamine turbeprotsessi,"Vastutaja:  Organisatsiooni juhtkond 
 Elutsükli etapp:  Käitamine 
   
 a. Töötajad on igapäevaselt turbeprotsessi kaasatud. Nad on teadlikud infoturbe ohtudest, tunnevad turvameetmeid ning oskavad neid tööülesannete täitmisel järgida. 
 b. Töötajatel on võimalik osaleda turvameetmete kavandamisel, rakendamisel ja tagasisidestamisel. Tagasisidekanalid on kokku lepitud. 
 c. Enne turvapoliitika ja turvameetmete jõustamist on töötajad läbinud koolituse. 
 e. Töötajaid teavad infoturvapoliitikate mittejärgimise ja turvameetmete eiramise võimalikke tagajärgi.",Organisatsiooni juhtkond,
a1f072821cd41c44dd8e1b50dd5f7182,GRC.1,GRC.1: Infoturbe haldus üldiselt,3.2,3.2 Põhimeetmed,d162dcd304c8d43c44c3d2313329e3bc,GRC.1.M9,GRC.1.M9 Infoturbe integreerimine organisatsiooniülestesse protsessidesse,"Vastutaja:  Organisatsiooni juhtkond 
 Elutsükli etapp:  Käitamine 
   
 a. Infoturve on integreeritud kõigisse organisatsiooni põhi- ja tugiprotsessidesse. 
 b. Infoturbe põhimõtteid arvestatakse nii uute protsesside juurutamisel kui ka olemasolevate muutmisel. 
 c. Infoturbe haldus organisatsioonis on kooskõlas teiste turvalisuse ja riskihalduse valdkondadega. 
 d. Infoturbejuht on õigeaegselt kaasatud infoturvet puudutavate valdkondlike otsuste tegemisse. 
 e. Turvameetmete rakendamine mõjutab töötajate igapäevatööd võimalikult vähesel määral.",Organisatsiooni juhtkond,
a1f072821cd41c44dd8e1b50dd5f7182,GRC.1,GRC.1: Infoturbe haldus üldiselt,3.2,3.2 Põhimeetmed,ecb0ddb9d09f8f645d2107958434a853,GRC.1.M10,GRC.1.M10 Infoturbe kontseptsioon,"Vastutaja:  Organisatsiooni juhtkond 
 Elutsükli etapp:  Kavandamine 
   
 a. Infoturbe strateegia elluviimiseks on välja töötatud infotehnoloogiast sõltuvate äriprotsesside olulisi riske arvesse võttev infoturbe kontseptsioon. 
 c. Turbekontseptsioon määratleb vähemalt järgmist: 
 
 kaitseala ja sellesse kuuluvad varad; 
 põhiprotsessid; 
 kaitsetarve; 
 turvameetmete modelleerimise protsess; 
 riskihalduse korraldus; 
 turbeprotsesside dokumenteerimise kohustus; 
 infoturbe koolituste korraldus; 
 infoturbe aruandluse korraldus.",Organisatsiooni juhtkond,
a1f072821cd41c44dd8e1b50dd5f7182,GRC.1,GRC.1: Infoturbe haldus üldiselt,3.2,3.2 Põhimeetmed,6d74b1f149065d7855df39e723dbef85,GRC.1.M12,GRC.1.M12 Infoturbearuanded juhatusele,"Vastutaja:  Organisatsiooni juhtkond 
 Elutsükli etapp:  Käitamine 
   
 a. Infoturbe halduse süsteemi korraldus peab võimaldama juhatusel saada regulaarseid ja operatiivseid ülevaateid infoturbe olukorrast, et hinnata turbeprotsessi toimivust ja tõhusust. 
 b. Infoturbearuande võib esitada ka sündmusepõhiselt: 
 
 riskidest ning nende võimalikust mõjust ja kulust; 
 toimunud küberintsidentide mõjust äriprotsessidele; 
 õigusaktidest ja lepingutest tulenevatest nõudetest ja nende muudatustest; 
 infoturbe hetkeseisust ja infoturbe meetmete rakendusplaani täitmisest. 
 
 c. Juhatusele esitatavad aruanded sisaldavad olulist ja asjakohast teavet, probleeme, edusamme ja parendamisvõimalusi, parandusettepanekud koos prioriteetidega ning hinnangud nende rakendamiseks vajaliku aja ja töömahu kohta. Aruanded on sisendiks juhatuse otsuste tegemisel, sealhulgas eelarve osas. 
 d. Juhatuse otsused turvameetmete jääkriski ning turbeprotsesside muutmise kohta põhinevad nõutava kaitsetarbe saavutamisel ning on jälgitavalt dokumenteeritud.",Organisatsiooni juhtkond,
a1f072821cd41c44dd8e1b50dd5f7182,GRC.1,GRC.1: Infoturbe haldus üldiselt,3.3,3.3 Standardmeetmed,b8a0024fb9e36c5a0b0475b38770310a,GRC.1.M16,GRC.1.M16 Täpsustavate turvapoliitikate väljatöötamine,"Vastutaja:  Organisatsiooni juhtkond 
 Elutsükli etapp:  Kavandamine 
 Turvakomponent:  C; I; A 
   
 a. Juhtkond on algatanud protsessi asjakohaste infoturbe ja küberturvalisusega seotud õiguslike ja regulatiivsete nõuete jälgimiseks ja rakendamiseks. Nõuded on integreeritud organisatsiooni asjakohastesse poliitikatesse, protseduuridesse ja tegevuspraktikatesse. 
 b. On otsustatud, mis valdkonnad järgnevatest reguleeritakse eraldiseisvate turvapoliitikatega: 
 
 andmevarundus ja arhiveerimine; 
 andmekandjate kasutamine; 
 andmekaitse ja teabehaldus; 
 krüptograafia kasutamine; 
 IT teenuste haldus; 
 tarkvaraarendus; 
 võrguhaldus; 
 logimine ja seire; 
 pääsuõiguste haldus; 
 mobiilseadmete kasutamine; 
 tehisarusüsteemid; 
 tööstusautomaatika; 
 pilvteenused. 
 
 c. Täpsustava turvapoliitika puudumisel on nõuded kehtestatud valdkondlikes eeskirjades, juhendites või kordades.",Organisatsiooni juhtkond,
a1f072821cd41c44dd8e1b50dd5f7182,GRC.1,GRC.1: Infoturbe haldus üldiselt,3.3,3.3 Standardmeetmed,4baa7946bb7521352905b9e07271935c,GRC.1.M17,GRC.1.M17 Infoturbe tegevus- ja kontrollikohustuste lahusus,"Vastutaja:  Organisatsiooni juhtkond 
 Elutsükli etapp:  Kavandamine 
 Turvakomponent:  I 
   
 a. Organisatsioonis tagatakse infoturbe toimingu sooritaja ning toimingu kontrollija rollide lahusus ning neid rolle täidavad erinevad töötajad. 
 b. Tegevus- ja kontrollikohustuste lahusus kehtib ka töötaja asendamise korral.",Organisatsiooni juhtkond,
a1f072821cd41c44dd8e1b50dd5f7182,GRC.1,GRC.1: Infoturbe haldus üldiselt,3.3,3.3 Standardmeetmed,096befe5d3b20e35d22d429a36a6fa55,GRC.1.M18,GRC.1.M18 Riskihalduse raamistik,"Vastutaja:  Organisatsiooni juhtkond 
 Elutsükli etapp:  Käitamine 
 Turvakomponent:  C; I; A 
   
 a. Organisatsioonis on loodud organisatsiooni vajadustega kohandatud infoturbe riskihalduse raamistik. 
 b. Infoturbe riskihalduse eesmärk on tagada, et organisatsiooni tase, teenuste ja tehnoloogiatega seotud riskid oleksid süsteemselt tuvastatud, hinnatud ja juhitud. 
 c. Riskihalduse raamistik hõlmab: 
 
 kasutatavat riskihindamise metoodikat; 
 infoturvariski aktsepteeritava taseme määratlust; 
 riskikäsitluse strateegiaid; 
 riskihindamise protsessi kirjeldust. 
 
 d. Juhtkond tagab riskihalduse järjepidevuse, see hõlmab riskide tuvastamist, hindamist, prioriseerimist, käsitlemist, järeltegevusi ning regulaarset ülevaatust. 
 e. Riskihalduse raamistiku põhimõtted, sealhulgas eesmärk, sidusrühmade ootused, lepingulised ja tehnoloogilised sõltuvused ning õiguslikud, regulatiivsed ja lepingulised nõuded on dokumenteeritud.",Organisatsiooni juhtkond,
a1f072821cd41c44dd8e1b50dd5f7182,GRC.1,GRC.1: Infoturbe haldus üldiselt,3.3,3.3 Standardmeetmed,b52a6c762c778d102c50e40cd67298f0,GRC.1.M19,GRC.1.M19 Pideva infoturbe parendamise kultuur,"Vastutaja:  Organisatsiooni juhtkond 
 Elutsükli etapp:  Käitamine 
 Turvakomponent:  C; I; A 
   
 a. Organisatsioon on määranud protsessidele vastutajad, eesmärgid ja hinnanud infoturberiskid. 
 b. Infoturbe halduse põhimõtete rakendamine on integreeritud organisatsiooni strateegiasse. 
 c. Organisatsiooni töötajad on teadlikud oma rollist infoturbe halduse protsessis. 
 d. Käivitatud on regulaarne protsesside tööga rahulolu mõõtmise ja tagasisidestamise süsteem, mille osaks on hinnang infoturbe olukorrale. 
 e. Organisatsiooni juhtimisotsused põhinevad usaldusväärsetel andmetel ja faktidel. 
 f. Juhtkond on loonud organisatsioonikultuuri, kus innovatsioon ja parendused on osa igapäevategevustest ning vigadest õppimine on aktsepteeritud. 
 g. Infoturbe halduse protsess on osa organisatsiooni kvaliteedijuhtimise protsessist.",Organisatsiooni juhtkond,
982ac15c4a71ff03c1e31be1786c86b9,GRC.7,GRC.7: Auditid ja läbivaatused,3.2,3.2 Põhimeetmed,18f57d284e4f8e7bfbb4ba085dd7c131,GRC.7.M1,GRC.7.M1 Auditite ja läbivaatuste vastutaja määramine,"Vastutaja:  Organisatsiooni juhtkond 
 Elutsükli etapp:  Kavandamine 
   
 a. Organisatsiooni juhtkond on määranud vastutaja, kes: 
 
 koostab läbivaatuse tegevusplaani ja valib meeskonna; 
 vajadusel tellib välise vastavusauditi ja haldab välise vastavusauditi lepingut; 
 on kontaktpunktiks kõigile osapooltele läbivaatuse või auditi toimumise ajal; 
 korraldab audiitoritega suhtluse ja infovahetuse protseduurid.",Organisatsiooni juhtkond,
982ac15c4a71ff03c1e31be1786c86b9,GRC.7,GRC.7: Auditid ja läbivaatused,3.2,3.2 Põhimeetmed,7275e4f3d28a82c0d131e529408c23e1,GRC.7.M2,GRC.7.M2 Läbivaatuse teostamise kord,"Vastutaja:  Organisatsiooni juhtkond 
 Elutsükli etapp:  Käitamine 
   
 a. Enne läbivaatuse alustamist lepitakse kokku läbivaatuse käsitlusala, eesmärgid ja läbiviija(d). 
 b. Läbivaatuse tegevused hõlmavad IT- ja infoturbe dokumentatsiooni asja- ja ajakohasuse kontrolle, intervjuusid, meetmete toimimise teste ja paikvaatluseid. 
 d. Läbivaatuse protseduurid ja leiud dokumenteeritakse. 
 e. Läbivaatuse läbiviijatele on tagatud läbivaatuseks vajalikud juurdepääsud ja pääsuõigused.",Organisatsiooni juhtkond,
982ac15c4a71ff03c1e31be1786c86b9,GRC.7,GRC.7: Auditid ja läbivaatused,3.2,3.2 Põhimeetmed,895fa215d24c2ba350a6f6249ed66513,GRC.7.M5,GRC.7.M5 Lõimimine infoturbeprotsessi,"Vastutaja:  Infoturbejuht 
 Elutsükli etapp:  Käitamine 
   
 a. Regulaarseid auditeid ja läbivaatusi käsitletakse osana organisatsiooni infoturbe halduse süsteemist ja turbeprotsessist ning need algatatakse infoturbe halduse süsteemi toimimise kontrolliks ja võimalike parenduskohtade tuvastamiseks. 
 b. Auditite ja läbivaatuste tulemusi kasutatakse infoturbe halduse süsteemi täiustamiseks. 
 c. Auditite ja läbivaatuste tulemused ja puuduste kõrvaldamise ning kvaliteedi parandamisega seotud tegevused esitatakse regulaarselt organisatsiooni juhtkonnale.",Organisatsiooni juhtkond,
982ac15c4a71ff03c1e31be1786c86b9,GRC.7,GRC.7: Auditid ja läbivaatused,3.2,3.2 Põhimeetmed,d6b31596daaa10b8fd1376994ea64248,GRC.7.M9,GRC.7.M9 Läbivaatuse teostajate valimine,"Vastutaja:  Organisatsiooni juhtkond 
 Elutsükli etapp:  Kavandamine 
   
 b. Läbivaatuse teostajad valitakse lähtudes kontrollivaldkonnast, läbivaatuse mahuhinnangutest ja kontrolliobjektide asukohtadest. 
 c. Läbivaatuse teostajad on sobiva kvalifikatsiooniga ja kontrollitava valdkonna suhtes neutraalsed ning sõltumatud.",Organisatsiooni juhtkond,
982ac15c4a71ff03c1e31be1786c86b9,GRC.7,GRC.7: Auditid ja läbivaatused,3.2,3.2 Põhimeetmed,d55c467c73f4e9fdb59d68e528aa5df1,GRC.7.M21,GRC.7.M21 Infoturbe halduse taseme regulaarne hindamine,"Vastutaja:  Infoturbejuht 
 Elutsükli etapp:  Käitamine 
   
 a. Infoturbe halduse küpsustaset hinnatakse organisatsiooni poolt keskselt kehtestatud infoturbe enesehindamise mõõdikuga. 
 b. Infoturbe enesehindamise tulemeid kasutatakse läbivaatuste plaanimiseks ja esitatakse juhtkondlikes aruannetes. 
 d. Enesehinnangu sisendi õigsuse kontroll on osa infoturbe läbivaatuse tegevustest.",Organisatsiooni juhtkond,
982ac15c4a71ff03c1e31be1786c86b9,GRC.7,GRC.7: Auditid ja läbivaatused,3.2,3.2 Põhimeetmed,4a1fda632bb6dd3494186e9b1fd9f278,GRC.7.M24,GRC.7.M24 Auditijärgne juurdepääsude piiramine,"Vastutaja:  Infoturbejuht 
 Elutsükli etapp:  Käitamine 
   
 a. Läbivaatuste ja auditite aktiivsete tegevuste lõppedes tühistatakse selleks antud juurdepääsuõigused viivitusteta. Õigused tühistatakse ka väliste vastavusauditite audititsükli vahepealsetel perioodidel. 
 b. Läbivaatuste ja auditite tarbeks jagatud materjalid küsitakse tagasi või hävitatakse kokkulepitud protseduuri alusel.",Organisatsiooni juhtkond,
982ac15c4a71ff03c1e31be1786c86b9,GRC.7,GRC.7: Auditid ja läbivaatused,3.2,3.2 Põhimeetmed,3dcbc180e3cceea11473aa1c21b0d01a,GRC.7.M25,GRC.7.M25 Auditi ja läbivaatuse järeltoimingud,"Vastutaja:  Organisatsiooni juhtkond 
 Elutsükli etapp:  Käitamine 
   
 a. Juhtkond on tutvunud auditite ja läbivaatuste tulemitega. 
 b. Auditite ja läbivaatuste leiud on läbi vaadatud asjasse puutuvate osapoolte poolt. Tähelepanekutest, riskihinnangutest ja soovitustest lähtudes on kavandatud kohesed ja pikemaajalised parendustegevused. 
 c. Osapooltega kokku lepitud parendustegevused on kantud infoturbe meetmete rakendusplaani. 
 d. Eelnevate auditite ja läbivaatuste leidude parendustegevustele on läbiviidud järelkontroll. Välise vastavusauditi korral on kokku lepitud mõistliku ajaperioodi järgselt tehtav piiratud käsitlusalaga järelaudit. 
 e. Välise vastavusauditi järeldusotsus on edastatud Riigi Infosüsteemi Ametile 30 päeva jooksul selle kättesaamisest. 
 f. Auditite ja läbivaatuste tulemusi ja leide kasutatakse sisendina riskihalduseks ning infoturbe halduse süsteemi täiustamiseks.",Organisatsiooni juhtkond,
982ac15c4a71ff03c1e31be1786c86b9,GRC.7,GRC.7: Auditid ja läbivaatused,3.2,3.2 Põhimeetmed,720e988cffcf334dda294d60ae581b03,GRC.7.M27,GRC.7.M27 Auditite ja läbivaatuste dokumentide säilitamine ja arhiveerimine,"Vastutaja:  Organisatsiooni juhtkond 
 Elutsükli etapp:  Käitamine 
   
 a. Auditikava, auditiplaane ning auditite ja läbivaatuste dokumente säilitatakse vastavalt õigusaktide või sise-eeskirjade nõuetele. 
 c. Auditite aruannetele omavad juurdepääsu üksnes pääsuõigusega isikud. 
 d. Pärast arhiveerimistähtaja möödumist hävitatakse asjakohased dokumendid vastavalt kokkulepitud korrale.",Organisatsiooni juhtkond,
982ac15c4a71ff03c1e31be1786c86b9,GRC.7,GRC.7: Auditid ja läbivaatused,3.3,3.3 Standardmeetmed,d9c3714373853c9bf2833289089d3f8e,GRC.7.M3,GRC.7.M3 Välise vastavusauditi korraldamine,"Vastutaja:  Organisatsiooni juhtkond 
 Elutsükli etapp:  Käitamine 
   
 a. Organisatsioon on tuvastanud regulatsioonidest lähtuva välise auditi kohustuse ja edastanud kõigile asjaosalistele vastavusauditi aluseks oleva standardi nõuded. 
 b. Välise vastavusauditi läbiviimise algatab organisatsiooni juhtkond. 
 c. Väline vastavusaudit tellitakse organisatsioonist ja organisatsiooni protsessidest sõltumatult audiitorettevõttelt. 
 g. Organisatsioon on määratlenud ja audiitoritele edastanud auditi käsitlusala ja muu auditiplaani koostamiseks vajaliku teabe. 
 h. Organisatsioon sõlmib enne tundlikele andmetele juurdepääsu andmist audiitoritega konfidentsiaalsuslepingu. 
 i. Organisatsioon on täitnud auditi edukaks läbimiseks vajalikud eeldused.",Organisatsiooni juhtkond,
982ac15c4a71ff03c1e31be1786c86b9,GRC.7,GRC.7: Auditid ja läbivaatused,3.3,3.3 Standardmeetmed,365ac8636a7ea7fac8e794ff099dd5c1,GRC.7.M6,GRC.7.M6 Ühtse kontrolliraamistiku ja hindamissüsteemi kehtestamine,"Vastutaja:  Organisatsiooni juhtkond 
 Elutsükli etapp:  Kavandamine 
   
 a. Auditite ja läbivaatuste läbiviimiseks on kehtestatud ühtsetel alustel põhinev kontrolliraamistik ja hindamissüsteem. 
 b. IT- ja infoturbe auditid ja läbivaatused on osa organisatsiooni üldisest kvaliteedihalduse süsteemist. 
 c. Infoturbe auditite tulemusi käsitletakse ja hallatakse teiste valdkondade audititega (nt finantsaudit) samadel alustel.",Organisatsiooni juhtkond,
982ac15c4a71ff03c1e31be1786c86b9,GRC.7,GRC.7: Auditid ja läbivaatused,3.3,3.3 Standardmeetmed,fc2f9d41c0533b0fa879fdb9144829a0,GRC.7.M7,GRC.7.M7 Auditite ja läbivaatuste pikaajaline kava,"Vastutaja:  Organisatsiooni juhtkond 
 Elutsükli etapp:  Kavandamine 
   
 a. Organisatsioon koostab riskipõhiselt kolmeks aastaks etteulatuva auditite ja läbivaatuste kava, mis hõlmab kõiki infoturbe halduse süsteemi valdkondi. 
 b. Auditite ja läbivaatuste kavas esitatakse organisatsiooni ja infoturbe eesmärkidest tulenevad kontrollieesmärgid. 
 d. Läbivaatuste kava korrigeeritakse vastavalt muutuvatele riskihinnangutele (muutused organisatsioonis, kaitsetarbes, varades, ohuprognoosides).",Organisatsiooni juhtkond,
982ac15c4a71ff03c1e31be1786c86b9,GRC.7,GRC.7: Auditid ja läbivaatused,3.3,3.3 Standardmeetmed,e71f7fe9104c64ee210335ea474b9134,GRC.7.M10,GRC.7.M10 Läbivaatuse plaanimine,"Vastutaja:  IT-juht 
 Elutsükli etapp:  Kavandamine 
   
 a. Läbivaatuse plaan sisaldab järgmisi tegevusi: 
 
 avakoosolek (läbivaatusel osalejate, eesmärkide ja tingimuste tutvustamine); 
 detailne tegevusplaan etappide kaupa (ajalised piirid, ressursid); 
 käsitlusala dokumentatsiooni ja protseduuridega tutvumine; 
 käsitlusala poliitikate, eeskirjade ja juhendite täitmise kontroll; 
 infoturbe meetmete rakendatuse seisu pisteline kontroll; 
 tulemite hindamine (kogutud tõendusmaterjali analüüs, vajaduse täiendava materjali küsimine, lõpphinnangu koostamine); 
 lõpukoosolek (tulemuste tutvustamine ja edasiste tegevuste plaanimine). 
 
 d. Läbivaatuse plaanis kajastatakse iga tegevuse kavandatav aeg ja osalejad.",Organisatsiooni juhtkond,
982ac15c4a71ff03c1e31be1786c86b9,GRC.7,GRC.7: Auditid ja läbivaatused,3.3,3.3 Standardmeetmed,be4f96919050ec75d3a7a0c4b55830d8,GRC.7.M28,GRC.7.M28 Audiitori täiendav taustakontroll,"Vastutaja:  Organisatsiooni juhtkond 
 Elutsükli etapp:  Kavandamine 
   
 a. Kui auditi käigus võivad audiitorid saada ligipääsu väga tundlikule teabele, tehakse audiitorile taustakontroll. 
 c. Põhjendatud juhtudel on organisatsioonil õigus taotleda audiitori väljavahetamist.",Organisatsiooni juhtkond,
982ac15c4a71ff03c1e31be1786c86b9,GRC.7,GRC.7: Auditid ja läbivaatused,3.3,3.3 Standardmeetmed,6d96682e6b1cad766e1beb841e6d7555,GRC.7.M29,GRC.7.M29 Automaatkontrollid pideva vastavuse jälgimiseks,"Vastutaja:  Organisatsiooni juhtkond 
 Elutsükli etapp:  Käitamine 
   
 a. Organisatsioon on tuvastanud ja rakendanud infoturbe seisundi hindamist ja läbivaatusi lihtsustavad automaatkontrollid. 
 b. On välja töötatud protsess automaatkontrollide haldamiseks (uuendamine, integreerimine, alarmide käsitlemine).",Organisatsiooni juhtkond,
3014dfbee9ce0ae56d7f763880a9c2b0,GRC.4,GRC.4: Isikuandmete kaitse,3.2,3.2 Põhimeetmed,ce564c700131546a7eabb3986dfdde25,GRC.4.M1,GRC.4.M1 Isikuandmete kaitse kavandamine,"Vastutaja:  Organisatsiooni juhtkond 
 Elutsükli etapp:  Kavandamine 
 Turvakomponent:  I 
   
 a. Organisatsioon on kaardistanud ja dokumenteerinud töödeldavate isikuandmete kategooriad, nende laadi ja mahu, töötlemise eesmärgid ning kõik asukohad ja süsteemid, kus isikuandmeid säilitatakse või muul viisil töödeldakse. 
 b. Organisatsioon on tuvastanud andmekaitsenõuded ja -kohustused, mis tulenevad kohalduvatest õigusaktidest ning kolmandate osapooltega sõlmitud lepingutest. 
 c. Organisatsioon on kehtestanud asjakohased korralduslikud ja tehnilised infoturbemeetmed, lähtudes isikuandmete kaitsetarbest, ning määranud vastutajad nende meetmete rakendamise ja toimivuse tagamiseks.",Organisatsiooni juhtkond,
3014dfbee9ce0ae56d7f763880a9c2b0,GRC.4,GRC.4: Isikuandmete kaitse,3.2,3.2 Põhimeetmed,08bd4841f5c1809bc8a178f5a904c6d6,GRC.4.M2,GRC.4.M2 Andmekaitsespetsialisti määramine,"Vastutaja:  Organisatsiooni juhtkond 
 Elutsükli etapp:  Kavandamine 
   
 a. Organisatsiooni juhtkond on määranud andmekaitsespetsialisti, kui seda nõuab IKÜM artikkel 37, isikuandmete kaitse seaduse § 40 või muu asjakohane õigusakt. 
 b. Organisatsioon tagab, et andmekaitsespetsialist saab regulaarselt täiendada oma teadmisi koolituste kaudu ning püsida kursis andmekaitsevaldkonna arengute ja suundumustega. 
 c. Organisatsioon tagab andmekaitsespetsialisti õigeaegse ja nõuetekohase kaasamise kõigisse isikuandmete kaitsega seotud küsimustesse.",Organisatsiooni juhtkond,
3014dfbee9ce0ae56d7f763880a9c2b0,GRC.4,GRC.4: Isikuandmete kaitse,3.2,3.2 Põhimeetmed,d1cdda2e4f34cd0534132138aa27a6d0,GRC.4.M3,GRC.4.M3 Isikuandmete töötluse kaardistamine,"Vastutaja:  Organisatsiooni juhtkond 
 Elutsükli etapp:  Käitamine 
   
 a. Organisatsioon on kaardistanud isikuandmete töötlemise kogu andmete elutsükli ulatuses. 
 b. Kaardistamise tulemused on dokumenteeritud isikuandmete töötlemise ülevaates.",Organisatsiooni juhtkond,
3014dfbee9ce0ae56d7f763880a9c2b0,GRC.4,GRC.4: Isikuandmete kaitse,3.2,3.2 Põhimeetmed,e0cd52c778439df21da392137b9ebaf7,GRC.4.M4,GRC.4.M4 Andmekaitsejuhiste väljatöötamine,"Vastutaja:  Organisatsiooni juhtkond 
 Elutsükli etapp:  Kavandamine 
   
 a. Organisatsioon on välja töötanud ja kirjeldanud isikuandmetele juurdepääsu andmise põhimõtted ning isikuandmete kogumise, töötlemise, säilitamise ja kustutamise alused. 
 c. Andmekaitsejuhised sätestavad organisatsiooni töötajate vastutuse isikuandmete kaitse tagamisel. 
 d. Andmekaitsejuhised sisaldavad organisatsiooni töötajatele suunatud tegevusjuhiseid isikuandmete turvalisust mõjutavate intsidentidele ja andmesubjektide pöördumistele reageerimiseks.",Organisatsiooni juhtkond,
3014dfbee9ce0ae56d7f763880a9c2b0,GRC.4,GRC.4: Isikuandmete kaitse,3.2,3.2 Põhimeetmed,e8dcbd4579fe1cae0242f32fa43dc9c3,GRC.4.M5,GRC.4.M5 Töötajate andmekaitsealase teadlikkuse tõstmine,"Vastutaja:  Organisatsiooni juhtkond 
 Elutsükli etapp:  Käitamine 
   
 a. Organisatsioonis on korraldatud regulaarselt andmekaitsealast nõustamist ja koolitusi, kaasates selleks vajadusel ka väliseid eksperte. 
 b. Organisatsioon on kontrollinud töötajate teadlikkust regulaarselt, näiteks testide kaudu, mis sisaldavad andmekaitsealaseid küsimusi ja tüüpolukordade lahendamist. 
 c. Töötajaid on teavitatud võimalikest andmetöötluse väärkasutustest ning nende vastutusest isikuandmete kaitse nõuete rikkumise korral.",Organisatsiooni juhtkond,
3014dfbee9ce0ae56d7f763880a9c2b0,GRC.4,GRC.4: Isikuandmete kaitse,3.2,3.2 Põhimeetmed,fcb42b06d267e87cbf080002314dbaf3,GRC.4.M6,GRC.4.M6 Isikuandmete töötlemise õigus- ja eesmärgipärasuse ning minimaalsuse tagamine,"Vastutaja:  Organisatsiooni juhtkond 
 Elutsükli etapp:  Käitamine 
   
 a. Organisatsioonis on lubatud isikuandmete töötlemine üksnes juhul, kui töötlemiseks on olemas IKÜM artiklites 6 ja 9, isikuandmete kaitse seaduse §-s 15 või muus asjakohases õigusaktis sätestatud õiguslik alus. 
 b. Organisatsioon on minimeerinud isikuandmete töötlemisel füüsilise isikuga otseselt või kaudselt seostatavate andmete kasutamist. 
 c. Organisatsioon on välja töötanud ja kehtestanud nõuded, protsessid ja juhised, mis tagavad isikuandmete minimaalse ja eesmärgipärase töötlemise. 
 d. Isikuandmetele juurdepääsu andmisel on lähtutud minimaalsuse põhimõttest - töötajale antakse juurdepääs ainult nendele süsteemidele ja andmetele, mis on tööülesannete täitmiseks vajalikud. Juurdepääsu piiramine hõlmab nii füüsilist juurdepääsu kui ka pääsuõiguste haldamist. 
 e. Organisatsioon on rakendanud vajadusel tähtajalisi juurdepääsuõigusi, et tagada juurdepääsuõiguste õiguspärasus ning vähendada isikuandmete volitamata töötlemise riski. 
 f. Organisatsioon on määranud isikuandmetele säilitustähtajad ning säilitab isikuandmeid ainult nii kaua, kui see on vajalik säilitamise eesmärgi saavutamiseks. 
 g. Säilitamise eesmärgi täitmisel või juhul, kui andmeid ei ole enam vaja, on organisatsioon korraldanud isikuandmete turvalise hävitamise. 
 h. Säilitamise eesmärgi täitmisel või juhul, kui andmeid ei ole enam vaja, korraldab organisatsioon isikuandmete turvalise hävitamise.",Organisatsiooni juhtkond,
3014dfbee9ce0ae56d7f763880a9c2b0,GRC.4,GRC.4: Isikuandmete kaitse,3.2,3.2 Põhimeetmed,6f6aefaa3d6f12bbfc9f10794360a6ca,GRC.4.M7,GRC.4.M7 Andmekaitsetingimuste dokumenteerimine,"Vastutaja:  Organisatsiooni juhtkond 
 Elutsükli etapp:  Käitamine 
   
 a. Organisatsioon on koostanud andmekaitsetingimused vastavalt IKÜM artikli 5 lõike 1 punktile a ning lõigetele 2 ja 12-22, arvestades põhjenduspunkte 39 ja 58-72, või vastavalt isikuandmete kaitse seaduse §-le 23 või muule asjakohasele õigusaktile. 
 b. Andmekaitsetingimused on volitatud töötajatele ja andmesubjektidele arusaadavad ning vajadusel kergesti leitavad. 
 c. Andmesubjektidele antakse selget, üheselt ja hõlpsasti mõistetavat teavet nende õiguste kohta. 
 d. Organisatsioon ajakohastab andmekaitsetingimusi regulaarselt ning siis, kui andmete töötlemises, õigusaktides või riskihinnangutes toimub muudatusi.",Organisatsiooni juhtkond,
3014dfbee9ce0ae56d7f763880a9c2b0,GRC.4,GRC.4: Isikuandmete kaitse,3.2,3.2 Põhimeetmed,9e7fd5ab32a7504fe7cc93efdd954b75,GRC.4.M8,GRC.4.M8 Andmesubjekti õiguste  tehnoloogiline tagamine,"Vastutaja:  Organisatsiooni juhtkond 
 Elutsükli etapp:  Käitamine 
   
 a. Organisatsioon on taganud, et andmesubjektide IKÜM-st või seadusest tulenevaid õigusi on IT-süsteemides tehniliselt võimalik rakendada. 
 b. Andmesubjektidel on IT-süsteemides antud selget ja arusaadavat teavet nende õiguste kohta. 
 c. Õiguste rakendamine on andmesubjekti jaoks lihtne.",Organisatsiooni juhtkond,
3014dfbee9ce0ae56d7f763880a9c2b0,GRC.4,GRC.4: Isikuandmete kaitse,3.2,3.2 Põhimeetmed,bb2cb0939b6311403c160d354e72431a,GRC.4.M9,GRC.4.M9 Isikuandmete pseudonüümimine ja anonüümimine,"Vastutaja:  Organisatsiooni juhtkond 
 Elutsükli etapp:  Käitamine 
   
 a. Organisatsioon on minimeerinud isikuandmete töötlemisel isikuga otseselt või kaudselt seostatavate andmete kasutamist. 
 b. Võimalusel on isikuandmed pseudonüümitud või anonüümitud. Isikuandmed on asendatud töötlemise käigus unikaalse identifikaatori või koodiga, mis ei võimalda isikut otseselt tuvastada. 
 c. Statistilise andmetöötluse puhul on kasutatud võimalusel üksnes anonüümitud isikuandmeid.",Organisatsiooni juhtkond,
3014dfbee9ce0ae56d7f763880a9c2b0,GRC.4,GRC.4: Isikuandmete kaitse,3.2,3.2 Põhimeetmed,13d56db0832a2249de3ee09a168e433b,GRC.4.M10,GRC.4.M10 Privaatsusseadistused veebilehtedel,"Vastutaja:  Organisatsiooni juhtkond 
 Elutsükli etapp:  Käitamine 
   
 a. Organisatsiooni veebilehel kasutatavad küpsised (ingl  cookie ) ja jälgimisvahendid on kooskõlas isikuandmete kaitse üldmääruse ja teiste asjakohaste õigusaktidega. 
 b. Veebilehe külastajatele on kasutavate küpsiste ja jälgimisvahendite kohta antud selge ja üheselt mõistetav teave. Kui on nõutud, küsitakse küpsiste kasutamiseks veebilehe külastajalt nõusolekut. 
 c. Veebilehe külastajatel on võimalik kontrollida ja hallata oma küpsiste eelistusi. 
 d. Organisatsioon on veebilehel avalikustanud andmekaitsetingimused, mis kirjeldavad, milliseid isikuandmeid kogutakse (sh. küpsised), kuidas neid töödeldakse, millistel eesmärkidel, kaua säilitatakse ja kuidas privaatsust kaitstakse. Täiendavate andmekaitsetingimuste elementide koostamisel tuleb lähtuda IKÜM artiklitest 12-22 või asjaomasest seadusest. 
 e. Organisatsioon rakendab veebilehtedel isikuandmete kaitseks turvameetmeid. 
 f. Organisatsioon rakendab isikuandmeid sisaldaval veebilehel turvalist andmeedastusprotokolli. 
 g. Veebilehe või võrguühenduse kaitseks kasutavate kolmandate osapoolte teenuste kasutamine on andmekaitsetingimustes välja toodud. 
 h. Organisatsioon on teinud kõik selleks, et volitatud töötlejad rakendaksid isikuandmete kaitseks asjakohaseid turvameetmeid.",Organisatsiooni juhtkond,
3014dfbee9ce0ae56d7f763880a9c2b0,GRC.4,GRC.4: Isikuandmete kaitse,3.2,3.2 Põhimeetmed,a32167f427d53190f3c23df78761bed8,GRC.4.M11,GRC.4.M11 Isikuandmete kaitse tehniliste meetmete rakendamine,"Vastutaja:  IT-juht 
 Elutsükli etapp:  Käitamine 
   
 a. Organisatsioon on isikuandmetele volitamata juurdepääsu takistamiseks võtnud IT-süsteemides kasutusele turvalised autentimismeetodid. Võimalusel rakendatakse mitmikautentimist (ingl  multifactor authentication ). 
 b. Organisatsioon on piiranud mittevajaliku võrguliikluse. 
 c. Isikuandmete töötlemisel organisatsioon krüpteerib isikuandmed, kui see on asjakohane. 
 d. Isikuandmete töötluse tegevused ja asjaolud logitakse. 
 e. Isikuandmete varundamine toimub regulaarselt. 
 f. Organisatsioon kontrollib ja testib regulaarselt isikuandmete töötlemisel tehniliste meetmete rakendamist, et veenduda nende tõhususes, turvalisuses ning vastavuses IKÜM-i isikuandmete kaitse seaduse või muu asjaomase seaduse ja asjaomase standardiga. 
 g. Kaugtöötamiseks isikuandmetega on organisatsioonis kasutusel virtuaalne privaatvõrk.",Organisatsiooni juhtkond,
3014dfbee9ce0ae56d7f763880a9c2b0,GRC.4,GRC.4: Isikuandmete kaitse,3.2,3.2 Põhimeetmed,2b0099b8149b551a72a9bdca09c99491,GRC.4.M12,GRC.4.M12 Isikuandmete kustutamine töötaja lahkumisel,"Vastutaja:  Personalijuht 
 Elutsükli etapp:  Kõrvaldamine 
   
 a. Organisatsioon on kehtestanud reeglid isikuandmete käitlemiseks ja kustutamiseks arvutitöökohtadel. 
 b. Reeglid sisaldavad sätteid lahkuva töötaja võimaluste kohta saada kätte oma isiklikud dokumendid (sh. isikuandmed), mida ta on tööandja IT-süsteemides hoiustanud. Näiteks võib sätestada, et töötaja hoiab oma isikuandmeid ja isiklikke dokumente ainult selleks markeeritud kaustas. 
 c. Reeglid hõlmavad lahkuva töötaja andmetest organisatsioonile vajalike andmete, nagu e-postkastist organisatsiooni jaoks oluliste kirjade või dokumentide kättesaamist. 
 d. Töötaja organisatsioonist lahkumisel kustutatakse talle personaalseks kasutuseks antud seadmetelt ja andmekandjatelt töötaja isikuandmed. 
 e. Lahkunud töötaja isikuandmeid hoiab organisatsioon alles õigusaktidest tulenevas ulatuses ning määratud tähtaja jooksul.",Organisatsiooni juhtkond,
3014dfbee9ce0ae56d7f763880a9c2b0,GRC.4,GRC.4: Isikuandmete kaitse,3.2,3.2 Põhimeetmed,3f5c9051d9d3ee622b75a39a4f0f2bfd,GRC.4.M16,GRC.4.M16 Isikuandmete turvaline säilitamine ja kõrvaldamine,"Vastutaja:  Organisatsiooni juhtkond 
 Elutsükli etapp:  Kõrvaldamine 
 Turvakomponent:  A 
   
 a. Organisatsioon on koostanud ja rakendanud protseduurid isikuandmete turvaliseks säilitamiseks ja pärast säilitamise tähtaja möödumist isikuandmete kustutamiseks ning isikuandmeid sisaldavate andmekandjate hävitamiseks. 
 b. Organisatsioon on määranud säilitusperioodid kõigile varundatud või arhiveeritud isikuandmetele. 
 c. Organisatsioon kasutab säilitamistähtaegade jälgimiseks automaatseid teavitusi või automaatset kustutamist. 
 d. Organisatsioon auditeerib andmete säilitamise tähtaegade järgimist regulaarselt.",Organisatsiooni juhtkond,
3014dfbee9ce0ae56d7f763880a9c2b0,GRC.4,GRC.4: Isikuandmete kaitse,3.3,3.3 Standardmeetmed,c782e3893e5f47aafcb70d51d6c4e3fb,GRC.4.M13,GRC.4.M13 Lõimitud andmekaitse ja vaikimisi andmekaitse põhimõtted rakendustes,"Vastutaja:  Organisatsiooni juhtkond 
 Elutsükli etapp:  Käitamine 
   
 a. Süsteemides ja rakendustes, mis põhinevad isikuandmete töötlemisel või mille käigus töödeldakse isikuandmeid, on arvestatatud lõimitud andmekaitse (ingl  data protection by design ) ja vaikimisi andmekaitse (ingl  data protection by default ) põhimõtteid juba rakenduse valimise ja väljatöötamise kavandamise etappides. 
 b. Rakendustele kehtestatud andmekaitsenõuete täitmist järgitakse ja kontrollitakse rakenduse kogu eluea vältel. 
 c. Rakendustes kasutatakse ainult töötlemise eesmärgi täitmiseks vajalikke isikuandmeid.",Organisatsiooni juhtkond,
3014dfbee9ce0ae56d7f763880a9c2b0,GRC.4,GRC.4: Isikuandmete kaitse,3.3,3.3 Standardmeetmed,5130451473f8a4801430ab18a95fca18,GRC.4.M14,GRC.4.M14 Volitatud töötlejate haldus andmetöötluses,"Vastutaja:  Organisatsiooni juhtkond 
 Elutsükli etapp:  Käitamine 
   
 a. Organisatsioon on isikuandmete volitatud töötlejatega sõlminud IKÜMist, seadusest või muust õigusaktist tuleneva andmetöötluslepingu. Andmetöötluslepingut ei sõlmita juhul, kui andmete töötlemine toimub Euroopa Liidu või selle liikmesriigi õiguse kohase siduva õigusakti alusel. 
 b. Organisatsioon on kontrollinud, et volitatud töötlejad rakendavad isikuandmete töötlemisel nõutavaid turvameetmeid ning järgivad isikuandmete töötlemise põhimõtteid. 
 c. Organisatsioon valib volitatud töötlejaid hoolikalt, tehes põhjalikke taustauuringuid ning veendudes nende pädevuses ja kogemustes andmekaitse valdkonnas. 
 d. Juriidiliste volitatud töötlejate kaasamisel vaatab organisatsioon üle nende andmekaitsetingimused, protseduurid ja turvameetmed ning veendub, et need vastavad IKÜMis või muus asjaomases õigusaktis sätestatud nõuetele. 
 e. Organisatsioon kontrollib volitatud töötlejate tegevuse vastavust IKÜMis või muust õigusaktist tulenevatele nõuetele. Vastavusaudit viiakse läbi vähemalt kord nelja aasta jooksul ning see võib toimuda koos üldise andmekaitseauditiga. 
 f. Isikuandmete kaitse nõuete muutumisel veendub organisatsioon, et volitatud töötlejad on muudatustest teadlikud ning et sõlmitud andmetöötluslepingud vastavad uuendatud nõuetele. Vajadusel ajakohastatakse andmetöötluslepinguid.",Organisatsiooni juhtkond,
3014dfbee9ce0ae56d7f763880a9c2b0,GRC.4,GRC.4: Isikuandmete kaitse,3.3,3.3 Standardmeetmed,b4b01073176db041abcd476ebc23e06d,GRC.4.M15,GRC.4.M15 Isikuandmete krüpteerimine,"Vastutaja:  IT-juht 
 Elutsükli etapp:  Käitamine 
 Turvakomponent:  C; I 
   
 a. Organisatsioon on kasutusel võtnud isikuandmete turvalisuse tagamiseks tugeva ja usaldusväärse krüpteerimisvahendi. 
 b. Organisatsioon on taganud, et asjakohasel juhul toimub krüpteerimine juba andmete kogumise või edastamise ajal. 
 c. Organisatsioon on taganud, et krüpteeritud isikuandmete dekrüpteerimise võimalus oleks rangelt piiratud vaid selleks volitatud isikutele. 
 d. Organisatsiooni töötajaid on koolitatud pidevalt teavitatud krüpteerimise parimate tavade teemal ja on tagatud, et töötajad oskavad krüptovahendeid isikuandmete kaitseks korrektselt kasutada.",Organisatsiooni juhtkond,
3014dfbee9ce0ae56d7f763880a9c2b0,GRC.4,GRC.4: Isikuandmete kaitse,3.3,3.3 Standardmeetmed,06cb3f94e49093770501a40973b7d766,GRC.4.M17,GRC.4.M17 Keskne pääsuhalduse süsteem,"Vastutaja:  IT-juht 
 Elutsükli etapp:  Käitamine 
 Turvakomponent:  C; I; A 
   
 a. Organisatsioon on kasutusele võtnud keskset pääsuhalduste süsteemi, mille abil organisatsioon haldab töötajate juurdepääsu isikuandmetele. 
 b. Organisatsioon logib töötajate tegevusi, et tuvastada isikuandmete väärkasutamist, kiirendada reageerimist turvasündmustele ning vähendada andmelekke riski. 
 c. Organisatsioon on korraldanud juurdepääsuõiguste ülevaatuse vähemalt kord aastas. Liigsed pääsuõigused on eemaldatud.",Organisatsiooni juhtkond,
3014dfbee9ce0ae56d7f763880a9c2b0,GRC.4,GRC.4: Isikuandmete kaitse,3.3,3.3 Standardmeetmed,441e69ddcac073dd6b66896c1486ac27,GRC.4.M18,GRC.4.M18 Andmekaitsealane mõjuhinnang,"Vastutaja:  Organisatsiooni juhtkond 
 Elutsükli etapp:  Kavandamine 
 Turvakomponent:  C; I 
   
 a. Organisatsioon on koostanud andmekaitsealase mõjuhinnangu, kui see on IKÜM artiklist 35 või isikuandmete kaitse seaduse §-st 38 või muus asjaomasest seadusest tulenevalt nõutav. 
 b. Organisatsiooni juhtkond on kehtestanud mõjuhinnangu koostamise juhendi, mille alusel oskavad mõjuhinnangut teha ka ilma eelneva põhjaliku ettevalmistuseta töötajad.",Organisatsiooni juhtkond,
3014dfbee9ce0ae56d7f763880a9c2b0,GRC.4,GRC.4: Isikuandmete kaitse,3.3,3.3 Standardmeetmed,19ce0f03a5decd44782efe608b3c13b0,GRC.4.M19,GRC.4.M19 Andmetöötluse toimingute logimine,"Vastutaja:  IT-juht 
 Elutsükli etapp:  Käitamine 
 Turvakomponent:  I 
   
 a. Kõik isikuandmete töötlemise toimingud on logitud. 
 b. Andmetöötluse logid sisaldavad vähemalt järgmist teavet: 
 
 kes isikuandmeid töötles; 
 millal isikuandmeid töödeldi; 
 milliseid isikuandmeid töödeldi; 
 milliseid toiminguid isikuandmetega tehti (sh vaatamine, muutmine, allalaadimine, kustutamine ja muud andmetöötluse vormid). 
 
 c. Kui andmetöötluses osalevad kolmandad osapooled näiteks volitatud või kaasvastutavad töötlejad, on kokku lepitud selged rollid andmetöötluslogide talletamise ja juurdepääsu osas. 
 d. Andmetöötluslogidele on rakendatud automaatne logianalüsaator, mis aitab tuvastada võimalikke andmekaitsealaseid rikkumisi. 
 e. Organisatsioon on kehtestanud protseduuri andmetöötluslogide ülevaatamiseks. Logisid kontrollitakse regulaarselt ning vajadusel ka juhtumipõhiselt. 
 f. Andmetöötluslogisid säilitatakse minimaalsuse ja eesmärgipärasuse põhimõtteid järgides: neid ei säilitata kauem, kui on vajalik võimalike rikkumiste tuvastamiseks ja uurimiseks. 
 g. Andmetöötluslogidele on kehtestatud säilitamistähtajad ning tähtaja lõppemisel kustutatakse logid automaatselt.",Organisatsiooni juhtkond,
3014dfbee9ce0ae56d7f763880a9c2b0,GRC.4,GRC.4: Isikuandmete kaitse,3.3,3.3 Standardmeetmed,4b8a4581bd7da00c34c0061140b3e59a,GRC.4.M20,GRC.4.M20 Andmetöötluse asukohtade füüsiline turvalisus,"Vastutaja:  Organisatsiooni juhtkond 
 Elutsükli etapp:  Käitamine 
 Turvakomponent:  I; A 
   
 a. Organisatsioon on määranud isikuandmete turvaliseks töötlemiseks ja säilitamiseks piiratud juurdepääsuga alad, näiteks lukustatavad ruumid või serveriruumid. 
 b. Organisatsioon on kehtestanud ruumidele juurdepääsu reeglid ning rakendanud nende jõustamiseks tehnilised juurdepääsu- ja valvesüsteemid, näiteks elektroonilised lukud, uksekaardid, biomeetriline autentimine, valvekaamerad. 
 c. Organisatsioon viib regulaarselt läbi ülevaatusi füüsiliste turvameetmete tõhususe hindamiseks, sh kontrollitakse uste ja lukkude seisukorda, testitakse valvesüsteeme, hinnatakse videoseire toimimist ja kontrollitakse uksekaardi logisid. 
 d. Organisatsioon on koostanud protseduurid külaliste haldamiseks aladel, kus töödeldakse isikuandmeid. See hõlmab külaliste registreerimist, külastuste eelnevat kooskõlastamist, juhendamist organisatsiooni reeglite osas ning külaliste saatmist, näiteks külaline liigub ruumides ainult koos organisatsiooni töötajast saatjaga. 
 e. Organisatsioon ajakohastab füüsilisi turvameetmeid regulaarselt ning alati siis, kui muutuvad riskid, tehnoloogilised võimalused või õigusaktidest tulenevad nõuded.",Organisatsiooni juhtkond,
3014dfbee9ce0ae56d7f763880a9c2b0,GRC.4,GRC.4: Isikuandmete kaitse,3.3,3.3 Standardmeetmed,42ed3e6cbcb84f023ef4345d4c2e3b82,GRC.4.M23,GRC.4.M23 Isikuandmeid sisaldavate rakenduste testimine,"Vastutaja:  Organisatsiooni juhtkond 
 Elutsükli etapp:  Käitamine 
   
 a. Isikuandmeid sisaldavate rakenduste testimisel rakendatatakse meetmeid isikuandmete avalikustamise takistamiseks. Testimise all peetakse silmas nii rakenduste kasutuselevõtueelset testimist kui rakenduse läbistustestimisi turvanõrkuste avastamiseks. 
 c. Enne testimise läbiviimist tehakse kindlaks testimiseks hädavajalikud isikuandmed, võimalusel need andmed anonüümitakse või pseudonüümitakse. 
 d. Võimalusel antakse testijatele IT-süsteemi regulaarsest kasutajast piiratumad õigused. Testijal on juurdepääs ainult neile ressurssidele, mis on vajalikud testimise läbiviimiseks. 
 e. Organisatsioon tagab, et pärast testimise lõppu kõik testijate poolt talletatud isikuandmed turvaliselt kustutatakse. Selleks sõlmitakse vastavad lepingud (nt andmetöötlusleping). 
 f. Pärast testimist teostab organisatsioon järelkontrolli, et hinnata andmekaitse ja turvameetmete tõhusust.",Organisatsiooni juhtkond,
3014dfbee9ce0ae56d7f763880a9c2b0,GRC.4,GRC.4: Isikuandmete kaitse,3.3,3.3 Standardmeetmed,cfbc9bc4e01c706751e571c8e8e86d94,GRC.4.M26,GRC.4.M26 Andmekaitseauditi läbiviimine,"Vastutaja:  Organisatsiooni juhtkond 
 Elutsükli etapp:  Käitamine 
   
 a. Organisatsioon viib läbi regulaarseid sõltumatuid läbivaatusi või auditeid, et hinnata organisatsiooni isikuandmete kaitse tegelikku olukorda ning tuvastada võimalikud riskid ja puudused. 
 b. Andmekaitseaudit viiakse läbi vähemalt kord nelja aasta jooksul.",Organisatsiooni juhtkond,
3014dfbee9ce0ae56d7f763880a9c2b0,GRC.4,GRC.4: Isikuandmete kaitse,3.4,3.4 Kõrgmeetmed,3092593def11908d4a26699caf04c13c,GRC.4.M21,GRC.4.M21 Võrguturbe tagamine isikuandmete töötlemisel,"Vastutaja:  IT-juht 
 Elutsükli etapp:  Käitamine 
 Turvakomponent:  C; I 
   
 a. Organisatsioon kasutab võrgurünnete ja isikuandmetega tehtavate ebaharilike tegevuste tuvastamiseks ja ennetamiseks sissetungituvastuse ja -tõrje süsteeme (IDS, IPS). 
 b. Isikuandmete saatmiseks üle avaliku võrgu kasutatakse turvalisi, krüpteeritud protokolle.",Organisatsiooni juhtkond,
3014dfbee9ce0ae56d7f763880a9c2b0,GRC.4,GRC.4: Isikuandmete kaitse,3.4,3.4 Kõrgmeetmed,9b33f9cc8105deda2fe200ea01bc77c2,GRC.4.M28,GRC.4.M28 Isikuandmete töötlemise automaatseire,"Vastutaja:  Organisatsiooni juhtkond 
 Elutsükli etapp:  Käitamine 
 Turvakomponent:  C 
   
 a. Organisatsioon kasutab automaatset isikuandmete töötlemise seiresüsteemi, mis tuvastab isikuandmed, mida soovitakse organisatsioonist välja saata, saadab selle kohta volitatud isikutele teavituse ja vajadusel blokeerib isikuandmete saatmise. 
 b. Teavituse saabudes hinnatakse, kas isikuandmete saatmine on õiguspärane ja vajalik.",Organisatsiooni juhtkond,
3014dfbee9ce0ae56d7f763880a9c2b0,GRC.4,GRC.4: Isikuandmete kaitse,3.4,3.4 Kõrgmeetmed,867435f9fac641401ddbff7b877ebbc1,GRC.4.M29,GRC.4.M29 Juurdepääsupiirangute klassifikaatorite süsteem,"Vastutaja:  Organisatsiooni juhtkond 
 Elutsükli etapp:  Kavandamine 
 Turvakomponent:  C; I 
   
 a. Avaliku sektori organisatsioon on rakendanud juurdepääsupiirangute klassifikaatorite süsteemi, mis hõlbustab dokumentidele avaliku teabe seadusest tuleneva juurdepääsupiirangu määramist vastavalt dokumendi sisule. 
 b. Juurdepääsupiirangute klassifikaatorite süsteem suudab muuhulgas automaatselt tuvastada, kas dokumentides sisaldub isikuandmeid või peaks dokument olema konfidentsiaalne mõnel muul põhjusel.",Organisatsiooni juhtkond,
3014dfbee9ce0ae56d7f763880a9c2b0,GRC.4,GRC.4: Isikuandmete kaitse,3.4,3.4 Kõrgmeetmed,41da15b44b75949198e9ed247871e1d4,GRC.4.M30,GRC.4.M30 Eriliiki isikuandmete automaatne tuvastamine,"Vastutaja:  IT-juht 
 Elutsükli etapp:  Käitamine 
 Turvakomponent:  C; I 
   
 a. Organisatsioon on kasutusele võtnud automaatsüsteemi, mis suudab tuvastada organisatsiooni võrguliikluses ja infosüsteemides delikaatseid isikuandmeid (sh IKÜM mõistes eriliiki isikuandmeid) ning neid klassifitseerida ilma kasutaja sekkumiseta. 
 b. Eriliiki andmete asukohad on automaatselt kaardistatud. 
 c. Organisatsioon on rakendatud eriliiki isikuandmete kaitseks tugevdatud turvameetmed.",Organisatsiooni juhtkond,
3014dfbee9ce0ae56d7f763880a9c2b0,GRC.4,GRC.4: Isikuandmete kaitse,3.4,3.4 Kõrgmeetmed,8882db0038b1807373d35941c74f6714,GRC.4.M31,GRC.4.M31 Digitaalsete õiguste halduse süsteem,"Vastutaja:  Infoturbejuht 
 Elutsükli etapp:  Käitamine 
 Turvakomponent:  C; I; A 
   
 a. Organisatsioon on privaatsuse tagamiseks kasutusele võtnud digitaalsete õiguste halduse süsteemi, mis võimaldab erinevatele kaustadele, IT-süsteemidele ja dokumentidele määrata rangelt vajaduspõhiseid õigusi, millega on võimalik määrata, et teatud töötajad saavad dokumenti ainult vaadata ja mille muutmine (sh. allalaadimine) nõuab täiendavaid õigusi.",Organisatsiooni juhtkond,
71a974302c01d3e33d009262b3d62166,GRC.2,GRC.2: Infoturbe korraldus,3.2,3.2 Põhimeetmed,4621826a9d79591927af9df7730d5396,GRC.2.M1,GRC.2.M1 Turvameetmete määramine,"Vastutaja:  Infoturbejuht 
 Elutsükli etapp:  Kavandamine 
   
 a. Organisatsioon on määranud turvaeesmärkidest tulenevad ja kaitsetarbele vastavad turvameetmed. Turvameetmed vastavad järgmistele põhinõuetele: 
 
 turvameetmete valikul arvestatakse nende toimivust, tõhusust ja majanduslikku otstarbekust; 
 turvameetmete valik on põhjendatud sihtobjektide ning kaitsetarbega; 
 iga turvameetme jaoks on määratud vastutav isik ja meetme rakendamise tähtaeg, sh rakendamise regulaarsus; 
 turvameetme rakendamise kirjeldus on esitatud sellise täpsusega, mis võimaldab meetme elluviimist ja kontrollimist. 
 
 b. Rakendatavad turvameetmed on süsteemselt ja ajakohaselt dokumenteeritud ning nende teostatuse tase on hinnatud vähemalt järgmiste kategooriate alusel: 
 
 Pole asjakohane - meede ei ole vajalik ega konkreetsete sihtobjektide puhul kohaldatav näiteks teenuse mitteaktiivsuse tõttu. Meetme mitterakendamine ei mõjuta organisatsiooni infoturvet. 
 Ei ole rakendatud - meede on teostamata või teostatud minimaalselt, kuid vajab rakendamist. 
 Aktsepteeritud risk - meede on rakendamata ja sellega seotud risk on juhatuse tasandil aktsepteeritud vastavalt kaitsetarbele. 
 Rakendatud - turvameede on tõhusalt ja otstarbekalt rakendatud. 
 Osaliselt rakendatud - meede on rakendatud vaid osaliselt ning vajab lisategevusi.",Infoturbejuht,
71a974302c01d3e33d009262b3d62166,GRC.2,GRC.2: Infoturbe korraldus,3.2,3.2 Põhimeetmed,d222c62723a6703d79a29dc1a6827f01,GRC.2.M2,GRC.2.M2 Kohustuste ja vastutuse kehtestamine infoturbe meetmete rakendamisel,"Vastutaja:  Infoturbejuht 
 Elutsükli etapp:  Kavandamine 
   
 a. On määratud infoturbe meetmete rakendamisega seotud ülesanded, vastutus ning kohustused. 
 b. On määratud vastutajad kogu teabe ning kõigi äriprotsesside, rakenduste ja IT-komponentide turvameetmete rakendamise osas. 
 c. Infoturbe meetmete rakendamise kohustus on selgelt sõnastatud ja kirjalikult määratud. 
 d. Töötajad teavad, kes ja mil viisil infoturbe meetmete rakendamise eest vastutab.",Infoturbejuht,
71a974302c01d3e33d009262b3d62166,GRC.2,GRC.2: Infoturbe korraldus,3.2,3.2 Põhimeetmed,6aa81e48a8f86f51347fa83a1400507f,GRC.2.M3,GRC.2.M3 Infoturbe teavituskanal,"Vastutaja:  Infoturbejuht 
 Elutsükli etapp:  Kavandamine 
   
 a. Organisatsioonis on turvaküsimuste lahendamiseks määratud isik(ud), kelle poole töötajad võivad kõikide infoturbe teemaliste küsimustega pöörduda. 
 b. Infoturbe kontaktisik ja teavitamisteed on kõigile töötajatele teada või vajadusel kergesti leitavad. 
 c. Töötajad on koolitatud infoturbe probleemi või intsidendi kahtluse korral teavitama sellest koheselt, vajaduse korral anonüümselt.",Infoturbejuht,
71a974302c01d3e33d009262b3d62166,GRC.2,GRC.2: Infoturbe korraldus,3.2,3.2 Põhimeetmed,ca4176ee8efc88a15adf8c0b8f7e2023,GRC.2.M4,GRC.2.M4 Infoturbe käigushoid,"Vastutaja:  Infoturbejuht 
 Elutsükli etapp:  Käitamine 
   
 a. Turbeprotsessi korralduse toimimist, meetmete rakendamist ja dokumentatsiooni aja- ning asjakohasust kontrollitakse regulaarselt. 
 b. Regulaarsete läbivaatuste jaoks on planeeritud, kes, millal ja milliseid konkreetseid valdkondi ning turvameetmeid kontrollib. Läbivaatuse viivad läbi sobiva kvalifikatsiooniga sõltumatud isikud. 
 c. Infoturvameetmete rakendusplaani IMR korrigeeritakse vähemalt järgmiste muudatuste korral: 
 
 põhiprotsessides; 
 kaitsetarbes, elkõige regulatsioonide ja lepingute muudatuste korral; 
 sihtobjektides; 
 organisatsiooni struktuuris; 
 ohupildi muutumisel; 
 eelarves. 
 
 d. Läbivaatuse tulemused dokumenteeritakse ning lahknevuste põhjused selgitatakse. Läbivaatuse käigus ilmnenud puuduste parandusmeetmed dokumenteeritakse. 
 f. Infoturvameetmete rakendusplaani uuendatakse regulaarselt, kuid mitte harvem kui kord aastas. 
 g. Turbeprotsessi korralduse dokumentatsioon ja selles tehtavad muudatused tehakse teatavaks kõigile töötajaile.",Infoturbejuht,
71a974302c01d3e33d009262b3d62166,GRC.2,GRC.2: Infoturbe korraldus,3.2,3.2 Põhimeetmed,2c34620474af83dc25039ec2cff23bdb,GRC.2.M5,GRC.2.M5 Turbeprotsessi dokumenteerimine,"Vastutaja:  Infoturbejuht 
 Elutsükli etapp:  Käitamine 
   
 a. Turbeprotsessi protseduurid, olulised otsused ja tegevuste tulemused on dokumenteeritud. Dokumenteeritakse vähemalt: 
 
 infoturbe alusdokumendid: kaitsetarbe määramise protokoll, infoturvapoliitika, juhtkonna aruanded; 
 infoturvameetmete rakendusplaan IMR ja sellega seotud turbetegevuste dokumentatsioon, tehnilised juhendid, testimistulemused, litsentsid, kasutusload, teenuselepingud, taasteplaanid; 
 infoturvasündmused, mis on sisendiks riskihaldusse; 
 juhendid töötajatele; 
 
 b. Dokumentatsiooni koostamise, säilitamise, ajakohasuse ja konfidentsiaalsuse tagamiseks on kokku lepitud reeglistik. Dokumenteerimisel järgitakse järgmisi põhimõtteid: 
 
 jälgitavus: kes, mida ja millal muutis ning miks; 
 versioonihaldus taasesitatavas formaadis; 
 kehtetud versioonid on käibest eemaldatud. 
 
 c. Olemasolevate dokumentide kehtivad versioonid on sihtgrupile lihtsalt kättesaadavad. 
 d. Dokumentide aja- ja asjakohasust hinnatakse kord aastas toimuva läbivaatuse käigus ning need uuendatakse vastavalt muutmisvajadusele: 
 
 läbivaatus dokumenteeritakse; 
 korrad ja juhendid hoitakse kooskõlas muude regulatsioonidega.",Infoturbejuht,
71a974302c01d3e33d009262b3d62166,GRC.2,GRC.2: Infoturbe korraldus,3.2,3.2 Põhimeetmed,d23379c5fdb7390d30f603da8c28b175,GRC.2.M6,GRC.2.M6 Riskihindamine,"Vastutaja:  Infoturbejuht 
 Elutsükli etapp:  Käitamine 
   
 a. Organisatsioonil on arusaam infoturvalisuse riskidest, mis mõjutavad organisatsiooni, varasid ja isikuid. 
 b. Organisatsioon peab läbi viima riskihindamisi, kus risk määratakse ohtude, haavatavuste ning nende mõjude alusel äriprotsessidele ja varadele. 
 c. Riskihindamise sammud: 
 
 ohtude ja haavatavuste tuvastamine tarkvaras, võrgu- ja süsteemiarhitektuurides ning rajatistes, kus paiknevad kriitilised arvutusressursid. 
 ärilise mõju analüüs organisatsiooni tegevusele, teenustele ja varadele, et määrata iga riski tõsidus. 
 inimkäitumise arvestamine turvapoliitikate kavandamisel ja rakendamisel 
 dokumenteerimine ja ajakohastamine vastavalt muudatustele süsteemides, tegevuses või ohumaastikus.",Infoturbejuht,
71a974302c01d3e33d009262b3d62166,GRC.2,GRC.2: Infoturbe korraldus,3.2,3.2 Põhimeetmed,d3bc77093c5c0bc60af3b0c3ea814e05,GRC.2.M8,GRC.2.M8 Infoturbe riskihalduse korraldus,"Vastutaja:  Infoturbejuht 
 Elutsükli etapp:  Käitamine 
   
 a. Organisatsioon on hinnanud oma äriprotsesside kaitsetarbe tasemeks vastavalt normaalne, suur või väga suur, ning see kandub edasi seotud varadele. Hinnangud on kooskõlastatud juhtkonnaga. 
 b. Kaitsetarve määratakse kahjustsenaariumite alusel, hinnates mõju konfidentsiaalsusele, terviklusele ja käideldavusele. Kahjustsenaariumites kaalutakse vähemalt: 
 
 organisatsiooni ülesannete täitmise võimekuse kadu; 
 seaduste ja lepingute rikkumist; 
 inimeste elu ja tervise ning keskkonna ohustamist; 
 kaudset majanduslikku ning otsest rahalist kahju; 
 mainekahju. 
 
 c. Organisatsiooni juhtkond on määranud ja kinnitanud riskide aktsepteerimise kriteeriumid. Riskide aktsepteerimist kasutatakse riskihaldusega seotud otsustes. 
 d. Kui etalonturbe kataloogis ei leidu sobivaid riski maandavaid meetmeid või määratud kaitsetarve on suur või väga suur, hinnatakse riske täiendavalt, määratakse vajalikud lisaturvameetmed ja lisatakse need infoturbe meetmete rakendusplaani. 
 e. Riskide kaalutlemise protsess, tulemused ja otsused on dokumenteeritud. 
 f. Juhtkond on teadlik aksepteeritud jääkriskidest ja nende võimalikust mõjust kaitsetarbe saavutamisele. 
 g. Juhtkond on teadlik aksepteeritud jääkriskidest ja nende võimalikust mõjust kaitsetarbe saavutamisele.",Infoturbejuht,
71a974302c01d3e33d009262b3d62166,GRC.2,GRC.2: Infoturbe korraldus,3.2,3.2 Põhimeetmed,be1a37af78b765c9217b95daceaf72a3,GRC.2.M9,GRC.2.M9 Riskipõhine lähenemine hangete ja väljasttellimise korraldamisel,"Vastutaja:  Hankejuht 
 Elutsükli etapp:  Kavandamine 
   
 a. Väljasttellimise võimalikkus otsustatakse riskipõhiselt, eelnevalt määratud kaitsetarbe ja riskiprofiili alusel: 
 
 pakkuja võimekus ja usaldusväärsus; 
 õiguslik ja lepinguline raamistik; 
 tehniline sobivus ja ühilduvus; 
 potentsiaalsed ja varjatud kulud; 
 sõltuvusrisk ja lõpetamise risk. 
 mõju asutuse mainele ja tööprotsessidele. 
 
 b. Väljasttellitava teenuse jätkuvat vastavust lubatud riskiprofiilile kontrollitakse regulaarselt. 
 c. Hangetel ja väljasttellimisel arvestatakse tellitavate varade ühilduvust olemasolevate süsteemidega.",Infoturbejuht,
71a974302c01d3e33d009262b3d62166,GRC.2,GRC.2: Infoturbe korraldus,3.2,3.2 Põhimeetmed,fa2a490651079b046aeb3ea06d9c2b08,GRC.2.M10,GRC.2.M10 Kaugtöö korraldus,"Vastutaja:  Infoturbejuht 
 Elutsükli etapp:  Kavandamine 
   
 a. Organisatsioon on koostatud turvalise kaugtöö põhimõtted ja määratlenud turvanõuded. 
 b. Turvalise kaugtöö põhimõtted käsitlevad vähemalt järgmist: 
 
 andmete, dokumentide ja andmekandjate käitluse kord; 
 organisatsiooni ja kaugtöökoha vahelise side korraldamine; 
 autentimismehhanismid; 
 võrguühenduste kasutamise kord; 
 andmevahetuse kord; 
 andmevarunduse kord. 
 
 d. Kaugtööd käsitlevat dokumentatsiooni ajakohastatakse regulaarselt.",Infoturbejuht,
71a974302c01d3e33d009262b3d62166,GRC.2,GRC.2: Infoturbe korraldus,3.2,3.2 Põhimeetmed,68e767c5b384c9fa8e318a7d6990aa10,GRC.2.M14,GRC.2.M14 Pääsuhalduse korraldus,"Vastutaja:  Infoturbejuht 
 Elutsükli etapp:  Kavandamine 
   
 a. Organisatsioonis on kehtestatud süsteemide pääsuhalduse põhimõtted. 
 b. Organisatsioonis kasutatakse pääsuhaldusel kaitsetarbele vastavaid tuvastus- ja autentimismehhanisme. 
 c. Paroolidele ja muudele pääsuvahenditele on kehtestatud turvanõuded. 
 d. On määratud, millistes IT-süsteemideds on kohustuslik rakendada parooliga autentimisest turvalisemaid autentimisviise. 
 e. Pääsuvahendite kasutamise kord on kirjeldatud kasutajatele suunatud IT reeglites. 
 f. On kehtestatud süsteemide paroolide kvaliteedinõuded.",Infoturbejuht,
71a974302c01d3e33d009262b3d62166,GRC.2,GRC.2: Infoturbe korraldus,3.3,3.3 Standardmeetmed,05c8fb44ee26f30b326c7db02243758f,GRC.2.M12,GRC.2.M12 Kindlustuslepingute sõlmimine,"Vastutaja:  Infoturbejuht 
 Elutsükli etapp:  Käitamine 
 Turvakomponent:  A 
   
 a. Jääkriskide hindamise osana on hinnatud vajadust järgmiste kindlustusliikide järele: 
 
 tule- ja loodusjõudude kahjukindlustus; 
 finantskahjude kindlustus; 
 varakindlustus; 
 õnnetusjuhtumikindlustus; 
 vastutuskindlustus; 
 tsiviilvastutuskindlustus; 
 tarneahelakindlustus. 
 
 b. Olemasolevate kindlustuslepingute otstarbekust ja toimivust kontrollitakse regulaarselt.",Infoturbejuht,
71a974302c01d3e33d009262b3d62166,GRC.2,GRC.2: Infoturbe korraldus,3.3,3.3 Standardmeetmed,57d32120404882c397ffe58abb602dfa,GRC.2.M13,GRC.2.M13 Infoturbe korralduse valdkonnad,"Vastutaja:  Infoturbejuht 
 Elutsükli etapp:  Kavandamine 
 Turvakomponent:  C; I; A 
   
 a. Kehtestatakse infoturbe kontrollid ja protseduurid vähemalt järgmistes valdkondades: 
 
 varundus ja taaste; 
 intsidendihaldus; 
 väljasttellimine; 
 e-posti ja rühmatarkvara turvaline seadistus ja kasutamine; 
 mobiilseadmete turvaline kasutamine; 
 füüsiline turve; 
 andmekandjate käitus 
 logimine ja monitooring; 
 jätkusuutlikkus ja kriisiplaanid. 
 
 b. Turbeprotsessi protseduurid on asjaomastele sihtgruppidele kättesaadavad ning neid vaadatakse üle regulaarselt.",Infoturbejuht,
dbfa3a47d21c6bbe7ea94f77070d197e,GRC.6,GRC.6: Vastavuse haldus,3.2,3.2 Põhimeetmed,9c0739a5ffe3f86f999b5969ef0f3bdc,GRC.6.M1,GRC.6.M1 Õiguslike raamtingimuste piiritlemine,"Vastutaja:  Organisatsiooni juhtkond 
 Elutsükli etapp:  Kavandamine 
   
 a. Organisatsioonis on välja töötatud protsess turbehaldusele mõju avaldavate põhiliste õigusaktide, lepingute ja muude nõuete väljaselgitamiseks. 
 b. Tuvastatud õiguslikke raamtingimusi võetakse arvesse äriprotsesside, rakenduste ja IT-süsteemide kavandamisel ning IT-komponentide hankimisel. 
 d. Õigusaktidest tulenevaid erinõudeid arvestatakse eriti järgmistes valdkondades: 
 
 isikuandmete kaitse; 
 ärisaladuse kaitse; 
 intellektuaalomandi kaitse; 
 krüptograafia kasutamine; 
 IT-süsteemide logimine ja seire; 
 andmete pikaajaline säilitamine; 
 tegutsemine eriolukorras.",Organisatsiooni juhtkond,
dbfa3a47d21c6bbe7ea94f77070d197e,GRC.6,GRC.6: Vastavuse haldus,3.2,3.2 Põhimeetmed,5a5d2363975ead9d6495225130899436,GRC.6.M2,GRC.6.M2 Õiguslike raamtingimuste järgimine,"Vastutaja:  Organisatsiooni juhtkond 
 Elutsükli etapp:  Käitamine 
   
 a. Äriprotsesside kujundamisel või IT-süsteemide väljatöötamisel arvestatakse õiguslikest raamtingimustest tulenevaid infoturbe nõudeid juba kavandamise ja disaini etappides. 
 b. Õigusaktide nõuete järgimise üldvastutus on organisatsiooni juhtkonnal. 
 c. Õiguslike raamtingimuste järgimise ja õigusaktide nõuete täitmise eest vastutavad konkreetsed, kinnitatud tööülesannetega töötajad. 
 d. Mittevastavuste kõrvaldamiseks rakendatakse sobivaid meetmeid.",Organisatsiooni juhtkond,
dbfa3a47d21c6bbe7ea94f77070d197e,GRC.6,GRC.6: Vastavuse haldus,3.3,3.3 Standardmeetmed,341b759463c86b606bd68d683f6594ef,GRC.6.M4,GRC.6.M4 Vastavusehalduse korraldamine,"Vastutaja:  Organisatsiooni juhtkond 
 Elutsükli etapp:  Kavandamine 
   
 b. Vastavusnõuetest tehakse sihtrühmadele struktureeritud kokkuvõtted. 
 c. Vastavusnõuetest tulenevad täiendavad infoturvameetmed integreeritakse eeskirjadesse ja kordadesse koostöös infoturbejuhiga. 
 d. Vastavuse halduse infoturvameetmete rakendamist kontrollitakse vähemalt kord aastas.",Organisatsiooni juhtkond,
dbfa3a47d21c6bbe7ea94f77070d197e,GRC.6,GRC.6: Vastavuse haldus,3.3,3.3 Standardmeetmed,e3079d19cac2f247e83f05d9d827d4f8,GRC.6.M5,GRC.6.M5 Erandite haldus,"Vastutaja:  Infoturbejuht 
 Elutsükli etapp:  Käitamine 
   
 a. Erandjuhtudel võib vastavusnõuete järgimises teha mööndusi. Erandite tegemine põhjendatakse kirjalikku taasesitamist võimaldavas vormis ja viiakse läbi riskihindamine. 
 b. Erandid kooskõlastatakse juhtkonnaga, kõigist eranditest säilitatakse ülevaade. 
 c. Tehtud erandite jätkuvat vajadust kontrollitakse regulaarselt.",Organisatsiooni juhtkond,
dbfa3a47d21c6bbe7ea94f77070d197e,GRC.6,GRC.6: Vastavuse haldus,3.3,3.3 Standardmeetmed,ecc87f689328cd72c35729923fed9efd,GRC.6.M8,GRC.6.M8 Vastavuse halduse regulaarne läbivaatus,"Vastutaja:  Organisatsiooni juhtkond 
 Elutsükli etapp:  Käitamine 
   
 a. Vastavushalduse ning sellest tulenevate meetmete tõhususe ja toimivuse läbivaatust tehakse regulaarselt. 
 b. Regulaarsel läbivaatusel kontrollitakse töökorralduse ja äriprotsesside vastavust muutuvatele vastavuse halduse nõuetele.",Organisatsiooni juhtkond,
aad2490c2e1ac7edf215dbd112e22c54,ORP.6,ORP.6: Kaugtöö,3.2,3.2 Põhimeetmed,599ff51db86f5220bbda800e46f886b3,ORP.6.M1,ORP.6.M1 Kaugtöö kord,"Vastutaja:  Infoturbejuht 
 Elutsükli etapp:  Kavandamine 
   
 a. Organisatsioonis on kehtestatud ja töötajatele kättesaadav kaugtöö kord. 
 b. Kaugtöö korras on kirjeldatud järgmisi turvaaspekte: 
 
 konfidentsiaalse teabe käitlus; 
 andmekaitsenõuded; 
 andmevarundus ja andmete sünkroniseerimine; 
 andmeside kasutamine; 
 kaugpääsuõigused; 
 dokumentide ja andmekandjate transport ja säilitamine; 
 turvasündmustest teatamise kord. 
 
 d. Kaugtöö korda vaadatakse üle ja ajakohastatakse regulaarselt või vajadusel riskide muutumisel.",Infoturbejuht,
aad2490c2e1ac7edf215dbd112e22c54,ORP.6,ORP.6: Kaugtöö,3.3,3.3 Standardmeetmed,a3c38b26f8b335d2086c76cfb5fe3b4b,ORP.6.M9,ORP.6.M9 Kaugtöökoha kasutajatugi ja hooldus,"Vastutaja:  IT-juht 
 Elutsükli etapp:  Käitamine 
   
 a. Kaugtöökoha arvuti tark- ja riistvara probleemide lahendamiseks on loodud kasutajatoe funktsioon ja määratud kontaktisikud. 
 b. Kasutajatoel on teada kaugtöökoha arvuti riist-ja tarkvara konfiguratsioon. 
 c. Kaughooldust tehakse eelnevalt kokkulepitud ajal. Kaugligipääs arvutile võimaldatakse ainult kaughoolduse ajaks ning selleks volitatud töötajale.",Infoturbejuht,
aad2490c2e1ac7edf215dbd112e22c54,ORP.6,ORP.6: Kaugtöö,3.3,3.3 Standardmeetmed,f70ff018e4007ed0552a16965e1a6779,ORP.6.M10,ORP.6.M10 Kaugtöökoha nõuete analüüs,"Vastutaja:  Infoturbejuht 
 Elutsükli etapp:  Kavandamine 
   
 a. Enne kaugtöökohtade loomist on läbi viidud nõuete analüüs, mis sisaldab vähemalt järgmist: 
 
 konfidentsiaalsusnõuded kaugtöökohas käideldavale teabele; 
 organisatsioonile juurdepääsu saamise eesmärgid; 
 andmeliikluse maht kaugtöökoha ja organisatsiooni vahel; 
 sisevõrguteenuste kasutamise vajadused; 
 Interneti kasutamise vajadused; 
 nõuded dokumentide ja andmekandjate transportimisele: 
 kaugtöökoha riist- ja tarkvarakomponentide vajadus ja valik (kooskõlastatakse IT-haldusega). 
 
 b. Konkreetse kaugtöökoha nõuded dokumenteeritakse ja kooskõlastatakse IT-juhiga.",Infoturbejuht,
44752959be7805d20d2d5f07678cee42,ORP.7.1,ORP.7.1: IT-vahendite kasutus üldiselt,3.2,3.2 Põhimeetmed,07a1b508390ade88cd4b949954b1da42,ORP.7.1.M1,ORP.7.1.M1 IT-vahendite turvalise kasutamise juhendid,"Vastutaja:  Infoturbejuht 
 Elutsükli etapp:  Käitamine 
   
 a. Organisatsioon on koostanud juhendid IT-vahendite turvaliseks kasutamiseks. 
 b. Juhendid sisaldavad viiteid abistavatele materjalidele ning kontakte vajadusel täiendava abi saamiseks. 
 c. Töötajad on IT-vahendite turvalise kasutamise juhenditega tutvunud.",Infoturbejuht,
44752959be7805d20d2d5f07678cee42,ORP.7.1,ORP.7.1: IT-vahendite kasutus üldiselt,3.2,3.2 Põhimeetmed,3625a82a1660e89cce5ea69642f06e78,ORP.7.1.M2,ORP.7.1.M2 IT-vahendite kasutusrollide ja kasutusõiguste määramine,"Vastutaja:  Infoturbejuht 
 Elutsükli etapp:  Kavandamine 
   
 a. Organisatsioon on määranud IT-vahendiga seotud rollid ja rolle täitvad isikud (nt kasutaja, omanik). 
 b. Rollipõhised pääsuõigused on dokumenteeritud ja lähtuvad minimaalsuse põhimõttest. 
 c. Kasutajate määramise ja muutmise protsess (taotlemine, kooskõlastus, kinnitamine) on dokumenteeritud. 
 d. Rollide ja seotud kasutajate juurdepääsuõiguste asjakohasust vaadatakse üle regulaarselt, vähemalt kord aastas või rollimuudatuse korral.",Infoturbejuht,
44752959be7805d20d2d5f07678cee42,ORP.7.1,ORP.7.1: IT-vahendite kasutus üldiselt,3.2,3.2 Põhimeetmed,6b68d7cf9f434bcc0b0f406270d7514a,ORP.7.1.M4,ORP.7.1.M4 IT-vahendite sobivuse hindamine enne soetamist,"Vastutaja:  Infoturbejuht 
 Elutsükli etapp:  Kavandamine 
   
 a. Uute seadmete või tehnoloogiate soetamisel hinnatakse turvastandardite toetust (nt Wi-Fi WPA3, Bluetooth 5.x). 
 b. Hinnatakse ühilduvust organisatsioonis kasutuselolevate süsteemidega. 
 c. Hinnatakse seadmete ja tehnoloogiate riskitaset ning vastavust infoturbepoliitikale.",Infoturbejuht,
44752959be7805d20d2d5f07678cee42,ORP.7.1,ORP.7.1: IT-vahendite kasutus üldiselt,3.2,3.2 Põhimeetmed,9ebed54c08c0a1cfcb3d6d39de45d55f,ORP.7.1.M6,ORP.7.1.M6 IT-vahendite turvapaikade ja uuenduste haldamine,"Vastutaja:  Infoturbejuht 
 Elutsükli etapp:  Käitamine 
   
 a. IT-vahendite turvapaigad ja tarkvarauuendused paigaldatakse õigeaegselt. 
 b. Uuenduste paigaldamise eest vastutavad rollid on määratletud. 
 c. Uuenduste paigaldamine on logitud või dokumenteeritud.",Infoturbejuht,
44752959be7805d20d2d5f07678cee42,ORP.7.1,ORP.7.1: IT-vahendite kasutus üldiselt,3.2,3.2 Põhimeetmed,5d30c4f9e511d5c54be3904fec049c65,ORP.7.1.M7,ORP.7.1.M7 IT-vahendi kasutusest eemaldamine,"Vastutaja:  Infoturbejuht 
 Elutsükli etapp:  Kõrvaldamine 
   
 a. IT-vahend tagastatakse koos kõigi lisatarvikutega ja tagastus dokumenteeritakse. 
 b. Kõik juurdepääsuõigused eemaldatakse seadmest enne selle kõrvaldamist. 
 c. Taaskasutuseks mõeldud IT-vahend seadistatakse uuesti vastavalt tüüpkonfiguratsioonile. 
 d. Taaskasutuskõlbmatud IT-vahendid hävitatakse volitatud partneri või turvalise kõrvaldamise protsessi kaudu. 
 e. Kõrvaldamise või hävitamise toiming dokumenteeritakse (nt hävitusakt või logikirje).",Infoturbejuht,
44752959be7805d20d2d5f07678cee42,ORP.7.1,ORP.7.1: IT-vahendite kasutus üldiselt,3.3,3.3 Standardmeetmed,fbdd1434bd887ad4fa07a585660b7aa6,ORP.7.1.M9,ORP.7.1.M9 Kiipkaardi lugeja turvalisus,"Vastutaja:  Kasutaja 
 Elutsükli etapp:  Käitamine 
   
 a. Kiipkaardi lugeja on arvutiga ühendatud vahetult (välditakse lugeja ühendamist USB jaoturite ja -dokkide kaudu). 
 b. Avalikus kasutuses, mitme kasutaja või kõrgendatud turbevajadusega töökohal kasutatakse PIN-sõrmistikuga ja sertifitseeritud kiipkaardi lugejaid. 
 c. Kiipkaart eemaldatakse lugejast vajaliku toimingu lõpetamisel ning arvuti juurest lahkumisel.",Infoturbejuht,
44752959be7805d20d2d5f07678cee42,ORP.7.1,ORP.7.1: IT-vahendite kasutus üldiselt,3.3,3.3 Standardmeetmed,9d7c63ea9c7d776b53faa39a7fa80e39,ORP.7.1.M11,ORP.7.1.M11 eID kasutajakoolitus,"Vastutaja:  Infoturbejuht 
 Elutsükli etapp:  Käitamine 
   
 a. Kasutajaid on koolitatud eID vahendite turvalise käitlemise osas enne kasutamist järgmistel teemadel: 
 
 manipuleerimiskatsete äratundmine ning manipuleerimiskahtlustest teavitamise kord; 
 PIN-koodide valik, vahetamine ning turvaline säilitamine; 
 eIDga seotud mobiilseadmete turvalisus; 
 juhised eID vahendi varguse või hävimise puhuks; 
 eID vahendite ja sertifikaatide kehtivus (sh mõju krüpteeritud konteinerite dekrüpteerimisele) ja vahendite õigeaegne uuendamine; 
 eID vahendite olemasolu ja korrasoleku regulaarne kontrollimine (sh Mobiil-ID ja SmartID, mis võivad eksisteerida mitmes seadmes samaaegselt); 
 eID vahendite turvaline kasutusest kõrvaldamine (sh Mobiil-ID ja SmartID, mis võivad eksisteerida mitmes seadmes samaaegselt); 
 e-allkirjastamise, e-tembeldamise, e-allkirjade/e-templite valideerimise ning krüpteeritud konteinerite dekrüpteerimise töökorraldus organisatsioonis; 
 kiipkaartide kiipkaardist eemaldamine toimingu või kasutusseansi lõppedes; 
 vastavalt töötaja tööülesannetele: e-allkirjade erinevad vormingud ja tasemed ning nende tasemete tuvastamise töövahendid.",Infoturbejuht,
ff9793bfc627786de72264fe2c2a6e2a,ORP.3,ORP.3: Töötajate infoturbe teadlikkuse tõstmine,3.2,3.2 Põhimeetmed,5f2d3d60be0cce37cf163172718207db,ORP.3.M1,ORP.3.M1 Juhtkonna teadlikkuse suurendamine infoturbe alal,"Vastutaja:  Infoturbejuht 
 Elutsükli etapp:  Kavandamine 
   
 a. Juhtkond on teavitatud regulaarselt infoturbe riskidest, nendega seotud võimalikest kahjudest ja mõjust äriprotsessile. 
 b. Juhtkond on teadlik õigusaktidega kehtestatud infoturbenõuetest. 
 c. Juhtkond on kursis infoturbe rakendamise praktikatega teistes sarnastes organisatsioonides ning infoturbe protsesside sertifitseerimise võimalustega. 
 d. Juhtkond toetab töötajatele korraldatavaid turvalisuse tõstmise kampaaniaid ning muude koolitusmeetmete rakendamist. 
 e. Juhtivtöötajad näitavad infoturbes eeskuju, järgides turvameetmeid ise ja juhtides teiste töötajate tähelepanu meetmetest kinnipidamise vajalikkusele.",Infoturbejuht,
ff9793bfc627786de72264fe2c2a6e2a,ORP.3,ORP.3: Töötajate infoturbe teadlikkuse tõstmine,3.2,3.2 Põhimeetmed,05404876aad62d846951e2c911722159,ORP.3.M2,ORP.3.M2 Kaugtöötajate infoturbealane koolitus,"Vastutaja:  Personalijuht 
 Elutsükli etapp:  Käitamine 
   
 a. Kaugtöötajad on läbinud kaugtöö turvameetmete alase koolituse. 
 b. Kaugtöötaja koolitusel on käsitletud vähemalt järgmisi aspekte: 
 
 kaugtöö ohud; 
 tööalaste dokumentide turvaline hoidmine; 
 kaugtöökoha füüsiline turve; 
 võrguturve; 
 andmekandjate turvaline kasutamine; 
 lihtsamad hooldetööd ja probleemilahendused. 
 
 d. Kaugtöötaja koolitust korratakse regulaarselt.",Infoturbejuht,
ff9793bfc627786de72264fe2c2a6e2a,ORP.3,ORP.3: Töötajate infoturbe teadlikkuse tõstmine,3.2,3.2 Põhimeetmed,8007128eb9d1197dbf7a539acc137a37,ORP.3.M3,ORP.3.M3 Infotehnoloogia turvalise kasutamise juhendamine,"Vastutaja:  Infoturbejuht 
 Elutsükli etapp:  Kavandamine 
   
 a. Töötajad on läbinud küberhügieeni baasteadmise koolituse ja tõendanud oma teadmisi vastava testi sooritamisega. 
 b. Töötajatele ja organisatsioonivälistele kasutajatele on selgitatud, kuidas IT-, tööstusautomaatika- ja esemevõrgu komponente turvaliselt kasutada ja millised on kasutamisega seotud õigused ja kohustused. 
 d. Eeskirjade või kasutusjuhiste muutmisel tagatakse, et muudatused tehakse kasutajatele teatavaks. 
 e. Infotehnoloogia turvalise kasutamise juhendeid uuendatakse vastavalt vajadusele, sh arvestades toimunud infoturvaintsidente ja ettevõttes kasutusele võetud uusi IT-tehnoloogiaid.",Infoturbejuht,
ff9793bfc627786de72264fe2c2a6e2a,ORP.3,ORP.3: Töötajate infoturbe teadlikkuse tõstmine,3.2,3.2 Põhimeetmed,8877d801a7c4a2e44e209eb44fa958b6,ORP.3.M10,ORP.3.M10 Kasutajate koolitus e-posti teenuse turbe alal,"Vastutaja:  Infoturbejuht 
 Elutsükli etapp:  Käitamine 
   
 a. Kasutajaid koolitatakse regulaarselt e-posti teenusega turvaliselt töötama. 
 b. Kasutajaid on teavitatud e-posti teenuse kasutamisega seotud ohtudest, sealhulgas õngitsuskirjadest, petuskeemidest ning võltsitud saatja-aadressidega e-kirjadest tulenevatest riskidest. 
 c. Kasutajaid on teavitatud e-posti väärkasutamise ja tarbetu edastamise riskidest, sealhulgas rämpskirjade levitamisest, sobimatute meililistide kasutamisest ning organisatsiooni maine ja turvalisuse kahjustamisest. 
 d. Kasutajatele antakse juhised, kuidas käituda kahtlaste e-kirjade korral, sealhulgas kuidas neist teavitada ja milliseid tegevusi vältida. 
 e. E-posti turvalise kasutamisega seotud teadlikkust uuendatakse regulaarselt või oluliste ohtude ja muudatuste ilmnemisel.",Infoturbejuht,
ff9793bfc627786de72264fe2c2a6e2a,ORP.3,ORP.3: Töötajate infoturbe teadlikkuse tõstmine,3.2,3.2 Põhimeetmed,ed6f7730bf554330182c2160c5368c9d,ORP.3.M11,ORP.3.M11 Rämpsposti ja andmepüügi käsitlemine,"Vastutaja:  Kasutaja 
 Elutsükli etapp:  Käitamine 
   
 a. Kasutajad ei tohi tundmatult saatjalt saabunud e-kirjades olevaid linke ega manuseid avada ega neile vastata enne e-kirja sisu turvalist hindamist. Kui e-kiri on kahtlane, kuid võib sisaldada ametlikku pöördumist, edastatakse see ettenähtud korras hindamiseks infoturbe eest vastutavale isikule. 
 b. E-posti serveris on kasutusele võetud tsentraalselt hallatav spämmifilter. 
 c. Ilmselgelt pahatahtlikud või rämpsuks liigitatud e-kirjad tuleb raporteerida ettenähtud kanalite kaudu ning seejärel kustutada. 
 d. Kasutajatele teavad kuidas ja kellele kahtlastest e-kirjadest teatada.",Infoturbejuht,
ff9793bfc627786de72264fe2c2a6e2a,ORP.3,ORP.3: Töötajate infoturbe teadlikkuse tõstmine,3.3,3.3 Standardmeetmed,b5fb7bc08c6a1dce88e01859956f3cb5,ORP.3.M4,ORP.3.M4 Infoturbe teadvustus- ja koolitusplaan,"Vastutaja:  Infoturbejuht 
 Elutsükli etapp:  Kavandamine 
   
 a. Töötajate teadlikkuse suurendamiseks on välja töötatud ja juhtkonna poolt kinnitatud infoturbe teadvustus- ja koolitusplaan. 
 b. Infoturbe teadvustus- ja koolitusplaanide koostamisel võetakse arvesse konkreetsete sihtrühmade vajadusi. Ühte sihtrühma koondatakse sarnase erialatausta, teadmiste või ülesannetega töötajad. Praktikas moodustatakse sihtrühmi ka struktuuriüksuste alusel. 
 c. Infoturbe teadvustus- ja koolitusprogrammi ajakohasust kontrollitakse regulaarselt, vajaduste muutumise korral koolitusprogrammi kohandatakse või täiustatakse.",Infoturbejuht,
ff9793bfc627786de72264fe2c2a6e2a,ORP.3,ORP.3: Töötajate infoturbe teadlikkuse tõstmine,3.3,3.3 Standardmeetmed,a12b3b5ce31e84a9c900c92feb9569e5,ORP.3.M6,ORP.3.M6 Infoturbe teadvustus- ja koolitusmeetmete kavandamine ja rakendamine,"Vastutaja:  Infoturbejuht 
 Elutsükli etapp:  Käitamine 
   
 a. Töötajate infoturbe koolituse kavandamisel lähtutakse töötajate tööülesannetest ja vastutusalast. Koolituse sisu on piisav kehtivate turvanõuete ja -meetmete rakendamiseks. 
 b. Kõik töötajad on läbinud oma tööülesannetele ja vastutusalale vastava infoturbe koolituse.",Infoturbejuht,
ff9793bfc627786de72264fe2c2a6e2a,ORP.3,ORP.3: Töötajate infoturbe teadlikkuse tõstmine,3.3,3.3 Standardmeetmed,13729b4954b696c99004c8596e0df826,ORP.3.M7,ORP.3.M7 Infoturbe halduse meetodeid käsitlevad koolitused,"Vastutaja:  Infoturbejuht 
 Elutsükli etapp:  Käitamine 
   
 a. Infoturbe eest vastutavad isikud on läbinud infoturbe halduse ja infoturbe standardi rakendamise koolituse. 
 b. Infoturbe halduse koolitused peavad sisaldama näiteid ja praktilisi harjutusi, sh elulisi näiteid infoturbe standardi rakendamisest. 
 c. Infoturbe eest vastutavad isikud osalevad regulaarselt täiendkoolitustel ja täiendavad pidevalt oma tehnilisi oskusi.",Infoturbejuht,
ff9793bfc627786de72264fe2c2a6e2a,ORP.3,ORP.3: Töötajate infoturbe teadlikkuse tõstmine,3.3,3.3 Standardmeetmed,1e42b8eaa5e6cd5ec13830f630aa7ec1,ORP.3.M8,ORP.3.M8 Infoturbe koolituste tulemuslikkuse mõõtmine ja hindamine,"Vastutaja:  Personalijuht 
 Elutsükli etapp:  Käitamine 
   
 a. Infoturbe valdkonna õpitulemusi mõõdetakse ja hinnatakse sihtrühmapõhiselt, et teha kindlaks, millisel määral on infoturbe teadvustus- ja koolitusplaanis ettenähtud eesmärgid saavutatud. 
 b. Õpitulemuste hindamisel mõõdetakse nii teadvustus- ja koolitusplaani kvalitatiivseid kui kvantitatiivseid aspekte, kasutades selleks näiteks koolituste hindamislehti, koolituse lõputeste, töötajate küsitlusi või perioodilisi teadmiste kontrolle. 
 c. Personaliosakond teeb koolituse sisu ja efektiivsuse hindamisel koostööd infoturbejuhi, andmekaitsespetsialisti, töökeskkonnavoliniku, tuleohutuse eest vastutava isiku ja teiste oluliste võtmeisikutega. 
 d. Õpitulemuste mõõtmise tulemusi arvestatakse infoturbe teadvustus- ja koolitusplaani muutmisel ja täiustamisel. 
 e. Kõik töötajad on läbinud oma tööülesannetele ja vastutusalale vastava infoturbe koolituse.",Infoturbejuht,
ff9793bfc627786de72264fe2c2a6e2a,ORP.3,ORP.3: Töötajate infoturbe teadlikkuse tõstmine,3.4,3.4 Kõrgmeetmed,efb63aae1ff762d348e57f4581de6808,ORP.3.M9,ORP.3.M9 Ohustatud isikute ja organisatsioonide erikoolitus,"Vastutaja:  Infoturbejuht 
 Elutsükli etapp:  Käitamine 
 Turvakomponent:  C; I; A 
   
 a. Eriti ohustatud isikud (nt kriitilise funktsiooni täitjad) ning eriti turvatundlike organisatsioonide töötajad on läbinud põhjaliku koolituse ohtude, ohu realiseerumise korral tegutsemise ja ettevaatusmeetmete kohta. 
 b. Õppematerjalide kinnistamise meetmed valitakse sobivalt organisatsiooni kultuuri ja suurusega, näiteks võib korraldada töötajatele simulatsiooniõppuseid pingeolukorras tegutsemise harjutamiseks.",Infoturbejuht,
f3f09ee032cee11a0dc81d983a9d732a,ORP.1.1,ORP.1.1: Identiteedi- ja õiguste haldus üldiselt,3.2,3.2 Põhimeetmed,7d1fcf464cfa5ac1b77e6d7d481184e4,ORP.1.1.M1,ORP.1.1.M1 Kasutajakontode haldus,"Vastutaja:  Infoturbejuht 
 Elutsükli etapp:  Käitamine 
   
 a. Organisatsioonis on kasutajakontode halduseks kokku lepitud reeglid. 
 b. Kasutajakonto on seotud kindla kasutaja või kasutajate grupiga. 
 c. Isikustamata tehniliste ja külaliskontode kasutuse ja ajakohasuse eest vastutab konto tellija. 
 d. Kasutajakontode ajakohasuse üle teostatakse regulaarseid kontrolle. Suletakse kontod, millel pole vastutajat või halduskonto kasutusvajadus on kadunud.",Infoturbejuht,
f3f09ee032cee11a0dc81d983a9d732a,ORP.1.1,ORP.1.1: Identiteedi- ja õiguste haldus üldiselt,3.2,3.2 Põhimeetmed,aa97081ab230678b740eedac6474c62d,ORP.1.1.M2,"ORP.1.1.M2 Kasutajakonto õiguste andmine, muutmine, tühistamine","Vastutaja:  Infoturbejuht 
 Elutsükli etapp:  Kavandamine 
   
 a. IT-süsteemi kasutajakonto luuakse ja pääsuõigused antakse üksnes tööalase vajaduse alusel, kasutades minimaalsuse põhimõtet. 
 b. Muudatuste korral personali koosseisus tühistatakse pääsuõigused, mida enam ei vajata. 
 c. Mittevajalike kasutajakontode kustutamine on lubatud ainult erandjuhtudel ning ainult siis kui samade kasutajatunnuste taaskasutamine ei tekita probleeme identiteedihaldusega. 
 d. Õigused määratakse vastavalt kasutaja rollile. 
 e. Tavapärasest suuremaid õigusi antakse töötajatele juhi taotluse alusel ning pärast vajadust kinnitavate ja täpsustavate põhjenduse esitamist.",Infoturbejuht,
f3f09ee032cee11a0dc81d983a9d732a,ORP.1.1,ORP.1.1: Identiteedi- ja õiguste haldus üldiselt,3.2,3.2 Põhimeetmed,d78dc9aa48d10958fcf0319cf47c2a1d,ORP.1.1.M3,ORP.1.1.M3 Kasutajakontode andmestik,"Vastutaja:  Infoturbejuht 
 Elutsükli etapp:  Kavandamine 
   
 a. Kasutajakontod, moodustatud kasutajarühmad ja õiguste profiilide info on kättesaadavad volitatud isikutele. 
 b. Kasutajakontode, moodustatud kasutajarühmade ja õiguseprofiilide ajakohasust ja vastavust kasutaja tööülesannete ning infoturbe nõuetega kontrollitakse regulaarselt. 
 c. Kasutajaõiguste andmestik on kaitstud volitamata juurdepääsu eest. 
 d. Elektroonilisel kujul talletatav kasutajaõiguste andmestik varundatakse vastavalt kehtestatud varundusprotseduurile.",Infoturbejuht,
f3f09ee032cee11a0dc81d983a9d732a,ORP.1.1,ORP.1.1: Identiteedi- ja õiguste haldus üldiselt,3.2,3.2 Põhimeetmed,b9cad9c08e74df494f12a5e8e7a2db8d,ORP.1.1.M4,ORP.1.1.M4 Kohustuste lahusus,"Vastutaja:  Organisatsiooni juhtkond 
 Elutsükli etapp:  Kavandamine 
   
 b. On määratud, milliseid kohustusi või tööülesandeid ei saa täita sama isik. 
 c. Tööülesandeid määrates järgitakse kohustuste lahususe põhimõtteid, tööülesannete omavahelisi rollikonflikte arvestatakse täiendavate kontrollide kehtestamisel. Kui täielik lahusus ei ole võimalik, rakendatakse kompenseerivaid kontrolle.",Infoturbejuht,
f3f09ee032cee11a0dc81d983a9d732a,ORP.1.1,ORP.1.1: Identiteedi- ja õiguste haldus üldiselt,3.2,3.2 Põhimeetmed,ad9565923a96e4e4d1c8569b08a9d2a0,ORP.1.1.M6,ORP.1.1.M6 IT-vahenditele juurdepääsu haldamine,"Vastutaja:  Infoturbejuht 
 Elutsükli etapp:  Käitamine 
   
 a. Organisatsioon on määranud töötaja kohustuste ja tööülesannete täitmiseks vajalikud IT-vahendite juurdepääsuõigused. 
 b. Juurdepääsuvahendina kasutatavate kiipkaartide vm pääsmike väljaandmine või kehtetuks muutmine dokumenteeritakse. 
 c. Kõiki juurdepääsuõigusega isikuid juhendatakse juurdepääsuvahendeid õigesti kasutama. 
 d. Isiku pikema äraoleku korral peatatakse ajutiselt tema digitaalsed juurdepääsuõigused ja määratakse asendaja.",Infoturbejuht,
f3f09ee032cee11a0dc81d983a9d732a,ORP.1.1,ORP.1.1: Identiteedi- ja õiguste haldus üldiselt,3.2,3.2 Põhimeetmed,5c1ae161847fa7b26eaa76876014ec35,ORP.1.1.M8,ORP.1.1.M8 Paroolide kasutamise kord,"Vastutaja:  Infoturbejuht 
 Elutsükli etapp:  Käitamine 
   
 f. Sama parooli ei tohi kasutada rohkem kui üks kord. 
 g. Iga IT-süsteemi või rakenduse jaoks kasutatakse erinevat parooli. 
 h. Parooli talletamine kirjalikult on lubatud ainult erandjuhtudel, neid hoitakse turvalises asukohas. 
 i. Elektroonilise paroolihalduri kasutamine on lubatud ainult juhul, kui paroolihalduri kasutamiseks on läbi viidud turvaanalüüs ja kasutus on infoturbejuhiga kooskõlastatud. 
 j. Kui IT-süsteemides saab kehtestada parooli keerukusreegleid, tuleb keerukusreeglid jõustada. 
 k. Kui IT-süsteem seda võimaldab, kasutatakse ainult parooliga autentimise asemel mitmikautentimist.",Infoturbejuht,
f3f09ee032cee11a0dc81d983a9d732a,ORP.1.1,ORP.1.1: Identiteedi- ja õiguste haldus üldiselt,3.2,3.2 Põhimeetmed,050d53855a4bf68b956d62ceaa647ac2,ORP.1.1.M9,ORP.1.1.M9 Tuvastamine ja autentimine,"Vastutaja:  Infoturbejuht 
 Elutsükli etapp:  Käitamine 
   
 a. Piiratud juurdepääsuga IT-süsteemid ja teenused nõuavad kasutajate (sh ka teised IT-süsteemid) identifitseerimist ja autentimist. 
 c. Autentimisteave edastatakse kasutajale turvaliselt (nt krüpteeritult). 
 d. Salajast autentimisteavet hoitakse konfidentsiaalsena.",Infoturbejuht,
f3f09ee032cee11a0dc81d983a9d732a,ORP.1.1,ORP.1.1: Identiteedi- ja õiguste haldus üldiselt,3.2,3.2 Põhimeetmed,572fe320f50014f3ea7848b095164de2,ORP.1.1.M22,ORP.1.1.M22 Parooli kvaliteedinõuete kehtestamine,"Vastutaja:  Infoturbejuht 
 Elutsükli etapp:  Kavandamine 
   
 a. Nõuded parooli keerukusele on kehtestatud arvestades IT-süsteemide kaitsetarvet ja kasutajate profiili (näiteks tähtede, numbrite, erisümbolite jne olemasolu paroolis). 
 b. Parool peab olema piisavalt keerukas, et parooli ei saaks ära arvata ja piisavalt lihtne, et kasutaja suudaks seda regulaarse kasutuse puhul mõistlike pingutustega meelde jätta. 
 c. Soovitatav on kasutada vähemalt 15 tähemärgi pikkuseid paroole. 
 e. On keelatud kasutada paroole, mis on hõlpsasti äraarvatavad või mis on välja toodud avaldatud enimkasutatud paroolide nimekirjades.",Infoturbejuht,
f3f09ee032cee11a0dc81d983a9d732a,ORP.1.1,ORP.1.1: Identiteedi- ja õiguste haldus üldiselt,3.2,3.2 Põhimeetmed,36dc7032f5d5f298b3543549b3e17323,ORP.1.1.M23,ORP.1.1.M23 Nõuded paroole töötlevatele IT-süsteemidele,"Vastutaja:  Infoturbejuht 
 Elutsükli etapp:  Kavandamine 
   
 a. IT-süsteemis või rakenduses ei talletata paroole avateksti kujul. 
 b. Võrgustatud IT-süsteemide ja rakenduste paroole edastatakse ainult krüpteeritult. See meede kehtib ka sisevõrgus kasutatavate rakenduste puhul. 
 d. IT-süsteemi või rakenduse standardsete kasutaja- ja süsteemikontode paroolid on muudetud esimesel võimalusel. Vaikeparoolid asendatakse piisavalt tugevate paroolidega, vaikimisi sisselogimisseaded muudetakse. 
 e. Edutu sisselogimiskatse puhul ei tohi IT-süsteem anda vihjet, kas vale on parool või kasutajanimi.",Infoturbejuht,
f3f09ee032cee11a0dc81d983a9d732a,ORP.1.1,ORP.1.1: Identiteedi- ja õiguste haldus üldiselt,3.2,3.2 Põhimeetmed,0b455cf3879c84fe3eef76f1274c39a9,ORP.1.1.M25,ORP.1.1.M25 Paroolihalduri kasutamine,"Vastutaja:  Infoturbejuht 
 Elutsükli etapp:  Käitamine 
   
 a. Paroole hoitakse paroolihalduris krüpteeritult. 
 b. Juurdepääs paroolihaldurisse salvestatud paroolidele on võimalik üksnes pärast peaparooli (ingl  Master Password ) sisestamist. 
 d. Kasutaja saab omi salvestatud paroole paroolihalduris kustutada. 
 e. Paroolihalduri paroolide sünkroniseerimine pilvteenuse vahendusel on keelatud.",Infoturbejuht,
f3f09ee032cee11a0dc81d983a9d732a,ORP.1.1,ORP.1.1: Identiteedi- ja õiguste haldus üldiselt,3.3,3.3 Standardmeetmed,a63d630070faefc1f4e744bc8c99cd9c,ORP.1.1.M11,ORP.1.1.M11 Paroolide lähtestamine ja muutmine,"Vastutaja:  Infoturbejuht 
 Elutsükli etapp:  Kavandamine 
   
 a. Paroolide lähtestamiseks või muutmiseks on organisatsioonis kehtestatud piisavalt turvalised protseduurid. 
 b. Paroolide lähtestamise ja muutmisega seotud tugipersonal on asjakohaselt koolitatud. 
 c. Suurema kaitsetarbe puhuks on olemas tegevuskava parooli turvaliseks muutmiseks ja edastamiseks ilma tugipersonali osaluseta.",Infoturbejuht,
f3f09ee032cee11a0dc81d983a9d732a,ORP.1.1,ORP.1.1: Identiteedi- ja õiguste haldus üldiselt,3.3,3.3 Standardmeetmed,5b2decc5d48098c9ea4a216beaed6a88,ORP.1.1.M13,ORP.1.1.M13 Sobivate autentimismehhanismide valimine,"Vastutaja:  Infoturbejuht 
 Elutsükli etapp:  Kavandamine 
   
 a. Organisatsioonis kasutatakse kaitsetarbele vastavaid tuvastus- ja autentimismehhanisme. 
 b. IT-süsteemide või rakenduste autentimisandmeid kaitstakse kogu nende töötlemise ajal volitamata juurdepääsu, muutmise ja hävitamise eest. 
 c. Pärast ebaõnnestunud sisselogimiskatseid suurendab IT-süsteem või rakendus ajavahemikku, mille möödudes on lubatud teha uus sisselogimine. 
 d. IT-süsteemis või rakenduses on võimalik määrata ebaõnnestunud sisselogimiskatsete arv, pärast mida IT-süsteemi või rakenduse kasutajakonto lukustatakse.",Infoturbejuht,
f3f09ee032cee11a0dc81d983a9d732a,ORP.1.1,ORP.1.1: Identiteedi- ja õiguste haldus üldiselt,3.3,3.3 Standardmeetmed,1ec00235959b219a23aead60d2699114,ORP.1.1.M14,ORP.1.1.M14 Kasutajakontode kasutuse kontrollimine,"Vastutaja:  Infoturbejuht 
 Elutsükli etapp:  Käitamine 
   
 a. Kasutajakontode aktiivsust ja kasutajate sisselogimiskäitumist kontrollitakse regulaarselt. 
 b. IT-süsteemi sisenemine teise füüsilise kasutaja kasutajanimega on rangelt keelatud. 
 c. Kontrollitakse, kas IT-süsteemide kasutajad logivad end pärast ülesande täitmist alati süsteemist välja või on rakendatud automaatne väljalogimine süsteemist.",Infoturbejuht,
f3f09ee032cee11a0dc81d983a9d732a,ORP.1.1,ORP.1.1: Identiteedi- ja õiguste haldus üldiselt,3.3,3.3 Standardmeetmed,5dfd44c71d84aea7e653243bc3eff042,ORP.1.1.M17,ORP.1.1.M17 Sobiv identiteedi- ja õiguste halduse süsteem,"Vastutaja:  Infoturbejuht 
 Elutsükli etapp:  Käitamine 
   
 a. Identiteedi- ja pääsuõiguste halduse süsteem on sobitatud organisatsiooni ja selle äriprotsessidega ning vastab nende kaitsetarbele. 
 b. Identiteedi- ja pääsuõiguste halduse süsteemi kaitstakse siseste ja väliste rünnete eest. 
 c. Identiteedi- ja pääsuõiguste halduse süsteem vastab organisatsioonis kehtivatele pääsuhalduse nõuetele. 
 d. Identiteedi- ja pääsuõiguste halduse süsteem võimaldab ellu viia kohustuste lahususe põhimõtet.",Infoturbejuht,
f3f09ee032cee11a0dc81d983a9d732a,ORP.1.1,ORP.1.1: Identiteedi- ja õiguste haldus üldiselt,3.3,3.3 Standardmeetmed,e56755c5bbf5e6b47c4e3bff29fe2a63,ORP.1.1.M18,ORP.1.1.M18 Keskse autentimisteenuse kasutamine,"Vastutaja:  Infoturbejuht 
 Elutsükli etapp:  Käitamine 
   
 a. Ühtse identiteedi- ja õiguste halduse rakendamiseks kasutatakse keskset autentimisteenust. 
 c. Võimalusel kasutatakse erinevate rakenduste poole pöördumiseks ainulogimist (ingl single sign on, SSO).",Infoturbejuht,
f3f09ee032cee11a0dc81d983a9d732a,ORP.1.1,ORP.1.1: Identiteedi- ja õiguste haldus üldiselt,3.3,3.3 Standardmeetmed,02fa9f2b72b8c427add25af892964b35,ORP.1.1.M21,ORP.1.1.M21 Mitmikautentimine,"Vastutaja:  Infoturbejuht 
 Elutsükli etapp:  Käitamine 
   
 a. Autentimiseks kasutatakse turvalist mitmikautentimist, nt ID-kaardi või tookeni (ingl  token ) abil.",Infoturbejuht,
f3f09ee032cee11a0dc81d983a9d732a,ORP.1.1,ORP.1.1: Identiteedi- ja õiguste haldus üldiselt,3.3,3.3 Standardmeetmed,c29dd861056de5df6c604d52522c9a8e,ORP.1.1.M24,ORP.1.1.M24 Nelja silma põhimõtte rakendamine IT-halduses,"Vastutaja:  Infoturbejuht 
 Elutsükli etapp:  Käitamine 
   
 a. Suure kaitsetarbega haldustegevuste läbiviimiseks kasutatakse kahte administraatorit. 
 b. Mitmikautentimise korral on autentimisvahendid administraatorite vahel jagatud. Ainult parooli kasutamise puhul on parool jagatud kaheks osaks, millest kumbki administraator teab ainult oma osa.",Infoturbejuht,
f3f09ee032cee11a0dc81d983a9d732a,ORP.1.1,ORP.1.1: Identiteedi- ja õiguste haldus üldiselt,3.4,3.4 Kõrgmeetmed,4db287f30e4c26e2066294f9d1de16fb,ORP.1.1.M20,ORP.1.1.M20 Identiteedi- ja õiguste halduse süsteemi varundamine,"Vastutaja:  IT-juht 
 Elutsükli etapp:  Käitamine 
 Turvakomponent:  C; I; A 
   
 a. Identiteedi- ja õiguste halduse süsteemi koos määratud kasutajaõigustega varundatakse regulaarselt. 
 b. Avariiolukordade puhul tegutsemiseks on koostatud kasutajaõiguste erikontseptsioon ja määratud avariiolukorras rakendatavad õiguseprofiilid vastavalt töötajate hädaolukorras teistsuguseks muutuvatele kohustustele. 
 c. Varundatud kasutajaõiguste profiilide taastamist testitakse vähemalt kord aastas.",Infoturbejuht,
3da97b391b990e577b0d57bb1f8f4b95,ORP.4,ORP.4: Välislähetuste infoturve,3.2,3.2 Põhimeetmed,7a1178f2d0c0a8de4f740dae0321d96a,ORP.4.M1,ORP.4.M1 Välislähetuste infoturbe juhend,"Vastutaja:  Infoturbejuht 
 Elutsükli etapp:  Kavandamine 
   
 a. Infoturbe nõuded välisriigis viibimisel on kehtestatud välislähetuste infoturbe juhendis. 
 b. Välislähetuste infoturbe juhendis käsitletakse vähemalt järgmist: 
 
 IT-süsteemi kaotuse, varguse või teabelekke käsitlus; 
 IT-seadmete kaitse; 
 andmete ja andmekandjate kaitse ja käitlus; 
 side ja andmevahetuse turve; 
 andmekandjate kaasavõtmise ja andmete kogumise käsitlus; 
 kasutajatoe kanalid küsimuste esitamiseks ja intsidentide lahendamiseks. 
 
 c. Mobiilseid IT-seadmeid kasutavatele, välislähetustel käivatele töötajatele koostatakse infoturbe aspekte käsitlev teabeleht.",Infoturbejuht,
3da97b391b990e577b0d57bb1f8f4b95,ORP.4,ORP.4: Välislähetuste infoturve,3.2,3.2 Põhimeetmed,dc2e7cacac4ec7153d67733a6e0f0ac4,ORP.4.M14,ORP.4.M14 E-posti turve,"Vastutaja:  Infoturbejuht 
 Elutsükli etapp:  Käitamine 
   
 a. Tundliku teabe edastamisel e-posti teel kasutatakse DigiDoc krüpteerimist. 
 b. Organisatsiooni e-posti kasutamine on avalikes või jagatud arvutites keelatud. 
 c. E-postile juurdepääs toimub ainult turvalise ühenduse kaudu (nt HTTPS, TLS või VPN). 
 d. Välislähetuses kasutatakse e-posti teenuseid ainult asutuse poolt heaks kiidetud lahenduste kaudu.",Infoturbejuht,
3da97b391b990e577b0d57bb1f8f4b95,ORP.4,ORP.4: Välislähetuste infoturve,3.2,3.2 Põhimeetmed,d87f3b8a7a38e4b05a16fbfbd21ce6d6,ORP.4.M19,ORP.4.M19 Kaitset vajavate materjalide ja dokumentide turvaline hävitamine,"Vastutaja:  Kasutaja 
 Elutsükli etapp:  Käitamine 
   
 a. Töötajad on välisriigis viibides kohustatud tarbetud andmekandjad või dokumendid nende äraviskamise asemel turvaliselt hävitama. 
 b. Kui reisil olles puuduvad turvalise hävituse võimalused või kui on tegemist eriti tundlikku teavet sisaldavate dokumentide või andmekandjatega, hoitakse need tagasipöördumiseni alles ja seejärel hävitatakse turvalisel viisil. 
 c. Võõraste andmehävitusseadmete kasutamisel kontrollitakse kasutuselt kõrvaldamise õnnestumist.",Infoturbejuht,
3da97b391b990e577b0d57bb1f8f4b95,ORP.4,ORP.4: Välislähetuste infoturve,3.3,3.3 Standardmeetmed,7726d593890db7fd59f8b4c662c618e1,ORP.4.M3,"ORP.4.M3 Riigispetsiifiliste õigusaktide, reisi- ja keskkonnatingimuste väljaselgitamine","Vastutaja:  Personalijuht 
 Elutsükli etapp:  Kavandamine 
   
 a. Enne reisi algust tutvutakse riigikohaste õigusaktide ja kliimatingimustega ja koostatakse töötajatele vastav infomaterjal. 
 b. Organisatsioon hindab sihtkoha riski- ja turvataset ning keskkonnatingimusi ning otsustab täiendavate kaitsemeetmete vajaduse. 
 c. Organisatsioon töötab välja ja rakendab meetmed seadmete kaitsmiseks keerulistes reisi- ja keskkonnatingimustes. 
 d. Töötajad viiakse kurssi sihtkoha õigusaktide ja keskkonnatingimustega, sh: 
 
 sihtriigispetsiifilised õigusnormid; 
 andmete välisriiki kaasavõtmise ja andmete kogumise õigused; 
 riigispetsiifilised reisi- ja keskkonnatingimused; 
 riigis keelatud riist- ja tarkvara või tehnoloogiad; 
 nõuanded turvaliseks käitumiseks.",Infoturbejuht,
3da97b391b990e577b0d57bb1f8f4b95,ORP.4,ORP.4: Välislähetuste infoturve,3.3,3.3 Standardmeetmed,6ce871b62fcbeedf1f88a93403e33ba5,ORP.4.M11,ORP.4.M11 Varguskaitsevahendid,"Vastutaja:  Kasutaja 
 Elutsükli etapp:  Käitamine 
   
 a. Mobiilsete IT-seadmete kaitseks rakendatakse varguskaitsevahendeid (nt mehaanilist või elektroonilist lukustust). 
 b. Varguskaitsevahendite soetamine ja kasutamine on kooskõlas organisatsiooni turvapoliitikatega ja majanduslikult põhjendatud. 
 c. Hotellitoas hoitakse valveta IT-seadmeid lukustatavas šeifis.",Infoturbejuht,
3da97b391b990e577b0d57bb1f8f4b95,ORP.4,ORP.4: Välislähetuste infoturve,3.3,3.3 Standardmeetmed,4a3aab3d76661ba393257b7f80c5a8d7,ORP.4.M18,ORP.4.M18 Pääsuõiguste kitsendamine välismaareiside ajaks,"Vastutaja:  IT-juht 
 Elutsükli etapp:  Käitamine 
 Turvakomponent:  C; I 
   
 a. Välisriigis asuvale töötajale tagatakse igapäevase töö jaoks vajalikud pääsuõigused. Liigsed pääsuõigused reisi kestel peatatakse, vajadusel piiratakse ajutiselt töötaja juurdepääs sisevõrgule. 
 b. Välisriigis viibimise aja jooksul piiratakse kasutajakeskkonnas võimalusi kasutada funktsioone ja käivitada toiminguid, mis ei ole kasutaja ülesannete täitmiseks vajalikud (nt skriptide käivitamine).",Infoturbejuht,
3da97b391b990e577b0d57bb1f8f4b95,ORP.4,ORP.4: Välislähetuste infoturve,3.4,3.4 Kõrgmeetmed,d5a2aab8f7c8a88c97f92db15773c94a,ORP.4.M16,ORP.4.M16 Tervikluse kaitse meetodid ja vahendid,"Vastutaja:  Kasutaja 
 Elutsükli etapp:  Käitamine 
 Turvakomponent:  I 
   
 a. Andmete edastamisel kasutatakse andmete tervikluse tagamiseks kontrollkoodide (nt CRC) võrdlemist. 
 b. Tundliku teabe tervikluse säilitamiseks kasutatakse digitaalsignatuure ja ajatempleid.",Infoturbejuht,
3da97b391b990e577b0d57bb1f8f4b95,ORP.4,ORP.4: Välislähetuste infoturve,3.4,3.4 Kõrgmeetmed,73d12400ca8a37ad5383ba4f915ac13c,ORP.4.M17,ORP.4.M17 Spetsialiseeritud reisiseadmed,"Vastutaja:  IT-juht 
 Elutsükli etapp:  Käitamine 
 Turvakomponent:  C; I; A 
   
 a. Kasutusel on sobiv identiteedi- ja pääsuhalduse süsteem (ingl identity and access management, IAM): 
 
 on sobitatud organisatsiooni ja selle äriprotsessidega ning vastab nende kaitsetarbele; 
 vastab organisatsioonis kehtivatele pääsuhalduse nõuetele; 
 võimaldab ellu viia kohustuste lahususe põhimõtet. 
 
 b. Identiteedi- ja pääsuhalduse süsteemis olevaid andmeid saavad muuta ainult volitatud isikud.",Infoturbejuht,
3da97b391b990e577b0d57bb1f8f4b95,ORP.4,ORP.4: Välislähetuste infoturve,3.4,3.4 Kõrgmeetmed,b9e2903e3d54d9dc60829cfba19dd0ca,ORP.4.M20,ORP.4.M20 Mobiilsete IT-seadmete kiirguseturve,"Vastutaja:  Infoturbejuht 
 Elutsükli etapp:  Käitamine 
 Turvakomponent:  C 
   
 a. Väga suure kaitsetarbe korral kasutatakse juhtmega ühendatavaid välisseadmeid. 
 b. Kasutatakse seadmeid, mille kiirguseturvalisus on sertifitseeritud.",Infoturbejuht,
f222bf6b948a85d41fc4cee5d774bcd2,ORP.1.2,ORP.1.2: Sotsiaalmeedia kontode haldus,3.2,3.2 Põhimeetmed,242a6d48f6c7f74c20e528272833f818,ORP.1.2.M1,ORP.1.2.M1 Sotsiaalmeedia kontode loomine,"Vastutaja:  Infoturbejuht 
 Elutsükli etapp:  Kavandamine 
   
 a. Organisatsiooni sotsiaalmeediakonto loomine toimub organisatsiooni kommunikatsioonijuhi ja infoturbejuhiga kooskõlastatult. 
 b. Kõik ametlikud sotsiaalmeedialehed- ja kontod koos administraatorite- ja haldurite nimekirjadega võetakse arvele. 
 c. Igale sotsiaalmeediakontole on määratud peakasutaja. Peakasutaja vastutab sotsiaalmeediakonto sisu korrektsuse eest ja seirab konto külastatavust ja kasutust. 
 d. Täiendavate administraatori- ja sisuhalduskontode loomine toimub minimaalse vajaduse põhimõttel. Sisuhalduskontodel eristatakse sisulooja ( editor ) ja postitaja ( publisher ) rolle. Sotsiaalmeedia halduskontode asjakohasust ja vajalikkust vaadatakse üle regulaarselt.",Infoturbejuht,
f222bf6b948a85d41fc4cee5d774bcd2,ORP.1.2,ORP.1.2: Sotsiaalmeedia kontode haldus,3.2,3.2 Põhimeetmed,c0c5e5e7aa4828293ba2d6e17770f60c,ORP.1.2.M2,ORP.1.2.M2 Sotsiaalmeediakontode juurdepääsu ja turvaseadete haldamine,"Vastutaja:  Infoturbejuht 
 Elutsükli etapp:  Käitamine 
   
 a. Kõik administreerimisõigusega kasutajakontod kasutavad mitmikautentimist (MFA). 
 b. Eelisõigustega kasutajakontosid kasutatakse ainult haldustegevusteks.",Infoturbejuht,
f222bf6b948a85d41fc4cee5d774bcd2,ORP.1.2,ORP.1.2: Sotsiaalmeedia kontode haldus,3.2,3.2 Põhimeetmed,353f6bec3660885533d0d9731c44d667,ORP.1.2.M3,ORP.1.2.M3 Sotsiaalmeedia halduse pädevuse ja koolituse tagamine,"Vastutaja:  Infoturbejuht 
 Elutsükli etapp:  Käitamine 
   
 a. Sotsiaalmeediakontode administraatorid ja sisuhaldurid läbivad vähemalt kord aastas vastavasisulise koolituse. 
 b. Koolitus sisaldab vähemalt infoturbe, isikuandmete kaitse ja mainejuhtimise teemasid.",Infoturbejuht,
f222bf6b948a85d41fc4cee5d774bcd2,ORP.1.2,ORP.1.2: Sotsiaalmeedia kontode haldus,3.2,3.2 Põhimeetmed,4b3ba71b1fdee1f37419ab3e4df6c947,ORP.1.2.M4,ORP.1.2.M4 Sotsiaalmeediakontode taastamine ja varundus,"Vastutaja:  Infoturbejuht 
 Elutsükli etapp:  Käitamine 
   
 a. Sotsiaalmeedialehtede ja -kontode taastamine toimub vastavalt platvormi tootja juhistele. 
 b. Taastamiseks vajalikke administraatoriõigusi omab vähemalt kaks volitatud töötajat. 
 c. Taastamiseks vajalikud paroolid, koodid ja varundusvahendid on turvaliselt talletatud.",Infoturbejuht,
f222bf6b948a85d41fc4cee5d774bcd2,ORP.1.2,ORP.1.2: Sotsiaalmeedia kontode haldus,3.2,3.2 Põhimeetmed,25595a17c8f5cff1439df090b487a70d,ORP.1.2.M5,ORP.1.2.M5 Sotsiaalmeediakontode intsidentide käsitlemine,"Vastutaja:  Infoturbejuht 
 Elutsükli etapp:  Käitamine 
   
 a. Sotsiaalmeediakonto intsidendi (nt konto kaaperdamine, valeinfo levitamine, liigsete isikuandmete avaldamine) avastamisel kogutakse koheselt tõendid (logid, ekraanipildid, postituse identifikaatorid jms). 
 b. Tõendite säilitamine tagatakse viisil, mis hoiab nende tõendusväärtust (nt digiallkirjastamine). 
 c. Intsidendist teavitatakse vastavalt organisatsiooni intsidendihalduse protseduurile.",Infoturbejuht,
f222bf6b948a85d41fc4cee5d774bcd2,ORP.1.2,ORP.1.2: Sotsiaalmeedia kontode haldus,3.2,3.2 Põhimeetmed,7ece866481c701da3a45d087abe5ada7,ORP.1.2.M6,ORP.1.2.M6 Väliste partnerite kasutamise ja ligipääsude kontrollimine,"Vastutaja:  Infoturbejuht 
 Elutsükli etapp:  Käitamine 
   
 a. Välise teenusepakkujaga sõlmitakse leping, mis määrab partneri ja organisatsiooni kohustused ja vastutuse ning loodava sisu autoriõigused. 
 b. Välise partneri töötajatele antakse pääsuõigusi ainult minimaalse vajaduse põhimõttel. 
 c. Partnerite halduskontod ja õigused suletakse koheselt lepingu lõppedes.",Infoturbejuht,
f222bf6b948a85d41fc4cee5d774bcd2,ORP.1.2,ORP.1.2: Sotsiaalmeedia kontode haldus,3.3,3.3 Standardmeetmed,2a2a903362820caad70dbf0ac730d502,ORP.1.2.M7,ORP.1.2.M7 Sotsiaalmeedia sisu loomise ja avaldamise protseduur,"Vastutaja:  Infoturbejuht 
 Elutsükli etapp:  Käitamine 
   
 a. Sotsiaalmeedia sisu loomiseks ja heakskiidu saamiseks on loodud juhend ja töövoog. 
 b. Enne postitamist rakendatakse nelja silma põhimõtet, st iga postitus läbib enne avalikustamist sisukontrolli.",Infoturbejuht,
6eb608c70beaa1d92708276269db29d4,ORP.5,ORP.5: Teabevahetus,3.2,3.2 Põhimeetmed,686a70de5ebe0b8161eca15edce88fe2,ORP.5.M1,ORP.5.M1 Teabevahetuse kord,"Vastutaja:  Organisatsiooni juhtkond 
 Elutsükli etapp:  Kavandamine 
   
 a. Organisatsioon on kehtestanud kõiki suulise ja elektroonilise teabevahetuse vorme hõlmava teabevahetuse korra. 
 b. Organisatsioon on kehtestanud teabe kaitsetarbe määramise juhised ja kaitsetarbele vastavad meetmed teabe kaitsmiseks. 
 c. Organisatsioon on määranud, mis teavet ja millistele partneritele ja mis andmevahetuskanalite kaudu on lubatud edastada. 
 d. Organisatsioon on määranud, milliste andmevahetuskanalite ja -keskkondade kasutamine on lubatud. 
 e. Dokumentide ja andmekandjate turvaliseks edastamiseks on määratud: 
 
 milliseid materjale ja millisel viisil on lubatud transportida (post, kuller vm); 
 milliseid turvameetmeid rakendatakse transpordil (sobiv pakend, märgistus vm); 
 milliseid materjale on lubatud transportida ainult personaalselt; 
 milliseid andmeid enne transportimist varundatakse.",Organisatsiooni juhtkond,
6eb608c70beaa1d92708276269db29d4,ORP.5,ORP.5: Teabevahetus,3.2,3.2 Põhimeetmed,219ac2211a89b2d5699fcc4193860762,ORP.5.M2,ORP.5.M2 Teabevahetus partneritega,"Vastutaja:  Organisatsiooni juhtkond 
 Elutsükli etapp:  Käitamine 
   
 a. Enne teabe edastamist välisele partnerile on saatja veendunud vastuvõtja õigustes seda teavet vastu võtta ja edasi töödelda. 
 b. Teabe saajat teavitatakse, milleks ja kuidas seda teavet tohib kasutada. 
 c. Konfidentsiaalse teabe edastamisel kontrollitakse, kas teabevahetuspartnerile on edastatud ka info, et teave on mõeldud kasutamiseks ainult edastamisel ettenähtud eesmärgil.",Organisatsiooni juhtkond,
6eb608c70beaa1d92708276269db29d4,ORP.5,ORP.5: Teabevahetus,3.2,3.2 Põhimeetmed,4fe1d1f525676af41ce36f63ebd860f4,ORP.5.M3,ORP.5.M3 Teabevahetuse koolitus,"Vastutaja:  Personalijuht 
 Elutsükli etapp:  Kavandamine 
   
 a. Kasutajad on tutvunud teabevahetuse korraga ja oskavad konfidentsiaalset ning sisemiseks kasutamiseks mõeldud teavet käidelda. 
 b. Kasutajad on teadlikud, millist teavet, millal, kus ja kuidas, on lubatud edastada. 
 c. Kasutajad läbinud koolituse tundlike andmete kaitsmiseks. 
 d. Kasutajaid on teavitatud jääkteabe kõrvaldamise vajadustest ja viisidest.",Organisatsiooni juhtkond,
6eb608c70beaa1d92708276269db29d4,ORP.5,ORP.5: Teabevahetus,3.2,3.2 Põhimeetmed,1c17f0b2059d34f61c8b2ab0307bc85d,ORP.5.M7,ORP.5.M7 Konfidentsiaalsuslepingu sõlmimine,"Vastutaja:  Organisatsiooni juhtkond 
 Elutsükli etapp:  Kavandamine 
 Turvakomponent:  C 
   
 a. Konfidentsiaalse teabe edastuseks on selle saajaga sõlmitud leping, mis määrab: 
 
 milline teave on konfidentsiaalne ja kui kaua; 
 kellel nimeliselt on lubatud juurdepääs konfidentsiaalsele teabele; 
 kuidas konfidentsiaalset teavet on lubatud hoida; 
 millised on omandiõigused teabele ja saaja õigused teavet kasutada; 
 millised on konfidentsiaalsuslepingu rikkumise tagajärjed.",Organisatsiooni juhtkond,
6eb608c70beaa1d92708276269db29d4,ORP.5,ORP.5: Teabevahetus,3.2,3.2 Põhimeetmed,85ae3b26ba4712749ae0f7c475d99518,ORP.5.M8,ORP.5.M8 Krüpteerimine ja digitaalsignatuurid teabevahetusel,"Vastutaja:  Organisatsiooni juhtkond 
 Elutsükli etapp:  Käitamine 
 Turvakomponent:  C; I 
   
 a. Teabevahetuses välise partneriga on kokku lepitud, et konfidentsiaalne teave edastatakse krüpteeritult. 
 b. Andmete krüpteerimiseks on valitud kaitsetarbele vastav, nii saatjale kui ka saajale sobiv krüptomehhanism. 
 c. Võimalusel kasutatakse riiklikult heaks kiidetud ning sertifitseeritud krüpteerimistarkvara. 
 d. Suure terviklustarbega teave on kaitstud digitaalsignatuuriga.",Organisatsiooni juhtkond,
6eb608c70beaa1d92708276269db29d4,ORP.5,ORP.5: Teabevahetus,3.2,3.2 Põhimeetmed,6a992c0626d897f8d041336e9f41c646,ORP.5.M10,"ORP.5.M10 Andmete valmendus e-allkirjastamiseks, e-tembeldamiseks või krüpteerimiseks","Vastutaja:  Organisatsiooni juhtkond 
 Elutsükli etapp:  Käitamine 
   
 a. On kasutusele võetud failivormingud, mis ei toeta aktiivsisu (JavaScript, makrod jm) rakendamist ning dokumendiväliste objektide dünaamilist kaasamist. 
 b. Vajadusel lisatakse e-allkirja konteinerisse dokumendi metaandmed (koostamise kuupäev/ kellaaeg, allkirjastajate rollid jms). 
 c. Andmed/dokumendid ohutustatakse (eemaldatakse aktiivsed osised, kontrollitakse kahjurvara jms) enne e-allkirjastamist/e-tembeldamist. 
 d. Kasutatakse dokumendihaldusprotsesse, mille korral dokument enne selle edastamist teistele (organisatsioonivälistele) osapooltele allkirjastatakse (vältimaks olukorda, kus teine osapool muudab dokumenti enne e-allkirja lisamist).",Organisatsiooni juhtkond,
6eb608c70beaa1d92708276269db29d4,ORP.5,ORP.5: Teabevahetus,3.2,3.2 Põhimeetmed,6f3467b2ec6b44b131ecdcb817186f8e,ORP.5.M11,ORP.5.M11 E-allkirjastatud/e-tembeldatud andmete turvaline vastuvõtt,"Vastutaja:  Organisatsiooni juhtkond 
 Elutsükli etapp:  Käitamine 
   
 a. Valideerimist teostavad töötajad on varustatud sobivate töövahendite ning ajakohaste juhenditega. 
 b. Veendutakse e-allkirjastatud/e-tembeldatud andmekonteineri failivormingu sobivuses. 
 c. Vastuvõetud andmete e-allkirjad/e-templid valideeritakse tarkvara või teenuse abil. 
 d. Valideerimise tulemused koos tõenditega logitakse ning säilitatakse vastavalt organisatsiooni ja äriprotsessi eesmärkidele. 
 e. Enne andmete kasutamist või talletamist IT-süsteemides tehakse andmete ohutuse (kahjurvara, aktiivsed osad jmt) kontroll. 
 f. E-allkirjastatud/e-tembeldatud andmekonteiner säilitatakse vastavuses organisatsiooni ja äriprotsessi eesmärkidega.",Organisatsiooni juhtkond,
6eb608c70beaa1d92708276269db29d4,ORP.5,ORP.5: Teabevahetus,3.2,3.2 Põhimeetmed,ca1341e9369a54cc2e07b5f7bd1ff919,ORP.5.M12,ORP.5.M12 CDOC vormingus krüpteeritud andmete turvaline vastuvõtt,"Vastutaja:  Organisatsiooni juhtkond 
 Elutsükli etapp:  Käitamine 
   
 a. Äriprotsessis on tuvastatud vajadus võtta vastu CDOC vormingus (sh kui dekrüpteerimiseks kasutatakse DigiDoc tarkvara) krüpteeritud dokumendikonteinereid. 
 b. On otsustatud kuidas andmete krüpteerijale edastatakse isiku isikukood või organisatsiooni registrikood, kelle nimele dokumendikonteiner krüpteeritakse või krüpteerimiseks vajalik autentimissertifikaat. 
 c. Vastuvõetud andmed dekrüpteeritakse esimesel võimalusel ning dekrüpteeritud andmed talletatakse vastavuses andmekaitse nõuetega. 
 d. Enne dekrüpteeritud andmete kasutamist on tagatud andmete ohutuse (kahjurvara, aktiivsed osad jmt) kontroll.",Organisatsiooni juhtkond,
6eb608c70beaa1d92708276269db29d4,ORP.5,ORP.5: Teabevahetus,3.3,3.3 Standardmeetmed,886b9c9e03d216be641b44f34d9ac8ca,ORP.5.M4,ORP.5.M4 Teabevahetuse reguleerimine lepingutes,"Vastutaja:  Organisatsiooni juhtkond 
 Elutsükli etapp:  Kavandamine 
   
 a. Regulaarseks teabevahetuseks väliste partneritega on kirjalikult kokku lepitud vähemalt järgmised tingimused: 
 
 konfidentsiaalsusnõuded; 
 nõutav turvatase ja kuidas seda tõendatakse; 
 suhtluskanalid ja teabe turvalise töötlemise reeglid; 
 tegutsemine turvaintsidentide korral. 
 
 b. On kokku lepitud teabevahetuse korraldus olukorras, kui tavapärane suhtlus on häiritud.",Organisatsiooni juhtkond,
6eb608c70beaa1d92708276269db29d4,ORP.5,ORP.5: Teabevahetus,3.3,3.3 Standardmeetmed,4178fd954982269cf3e75ecc95e6c32d,ORP.5.M5,ORP.5.M5 Jääkteabe kõrvaldamine enne failide levitamist,"Vastutaja:  Infoturbejuht 
 Elutsükli etapp:  Käitamine 
 Turvakomponent:  C 
   
 a. Enne info edastamist on kontrollitud, kas jagatavad failid ei sisalda avaldamisele mittekuuluvat jääkteavet, nagu kommentaarid, muudatuste ajalugu või liigsed metaandmed. 
 b. Tuvastatud jääkteave on kustutatud, vajadusel on muudetud selleks failivormingut. 
 c. Jääkteabe eemaldamise nõude täitmist kontrollitakse pisteliselt.",Organisatsiooni juhtkond,
6eb608c70beaa1d92708276269db29d4,ORP.5,ORP.5: Teabevahetus,3.3,3.3 Standardmeetmed,fa9ce18202e31c07f2fb994816604c3d,ORP.5.M6,ORP.5.M6 Saatja ja saaja IT-süsteemide ühilduvuse kontroll,"Vastutaja:  Infoturbejuht 
 Elutsükli etapp:  Käitamine 
 Turvakomponent:  A 
   
 a. Enne andmekandja saatmist välisele partnerile on kontrollitud saatja ja saaja IT-süsteemide ja -toodete ühilduvust järgnevas: 
 
 seadmete füüsiline kokkusobivus; 
 kasutatav märgikood ja vorming; 
 operatsioonisüsteem ja failisüsteemi vormingud; 
 rakendustarkvara; 
 
 b. Kui edasiantavad andmed asuvad üksnes andmekandjal ning andmeid ei saa taastada muudest andmeallikatest, tehakse andmekandjast enne edastamist varukoopia.",Organisatsiooni juhtkond,
6eb608c70beaa1d92708276269db29d4,ORP.5,ORP.5: Teabevahetus,3.3,3.3 Standardmeetmed,086f95e84c62183e06575f162d03c5bc,ORP.5.M13,ORP.5.M13 E-allkirjade/e-templite ületembeldamine,"Vastutaja:  Organisatsiooni juhtkond 
 Elutsükli etapp:  Käitamine 
   
 a. Tulevikus tõestusväärtust vajavatele aegunud vormingutes e-allkirjadele ning e-templitele on lisatud täiendav ajatempel või ajakohases vormingus e-allkiri. Ületembeldamine tõendab, et algne allkirjakonteiner eksisteeris enne täiendava ajatempli/e-allkirja lisamist.",Organisatsiooni juhtkond,
6eb608c70beaa1d92708276269db29d4,ORP.5,ORP.5: Teabevahetus,3.4,3.4 Kõrgmeetmed,87182d7dc0d46b9eda347a4fa76c360b,ORP.5.M14,ORP.5.M14 Sisemajutatud teenus e-allkirjade/e-templite valideerimiseks,"Vastutaja:  Organisatsiooni juhtkond 
 Elutsükli etapp:  Käitamine 
 Turvakomponent:  C 
   
 a. Vältimaks tundlike dokumentide edastamist välisele osapoolele, käitatakse sisemajutuses sobivat valideerimise (SiVa vm) teenust. 
 b. Valideerimist teostavates kasutaja- ja serverrakendustes (DigiDoc jt) on valideerimisteenuse teenusaadressid asendatud siseteenuse andmetega kõigi kasutajate jaoks. 
 c. Avaliku valideerimisteenuse poole pöördumine on takistatud asjakohaste meetmetega (nt tulemüüri reeglitega). 
 d. Usaldusnimekirju ning valideerimistarkvara uuendatakse õigeaegselt. 
 e. E-allkirjade/e-templite valideerimist ei teostata RIA DigiDoc mobiilrakendusega ega muude organisatsiooniväliste valideerimisteenustega.",Organisatsiooni juhtkond,
6eb608c70beaa1d92708276269db29d4,ORP.5,ORP.5: Teabevahetus,3.4,3.4 Kõrgmeetmed,103026603f181efff9c592010bccdaac,ORP.5.M30,ORP.5.M30 Õngitsuskindlate autentimisvahendite kasutamine,"Vastutaja:  Infoturbejuht 
 Elutsükli etapp:  Kavandamine 
 Turvakomponent:  C; I 
   
 a. Kriitilistes IT-süsteemides kasutatakse autentimisvahendina õngitsuskindlaid (ingl  phishing-resistant ) vahendeid, milleks on kas ID-kaart, mis on vastastikku autenditud TLS-ühendusega, või sertifitseeritud füüsiline tooken (ingl  token ) WebAuthn protokolliga.",Organisatsiooni juhtkond,
bfc5bd61436990cd283b5a8fe9d03c36,ORP.7.2,ORP.7.2: Isikliku seadme kasutus,3.2,3.2 Põhimeetmed,6657166137d7a2370e071c3ae570fe83,ORP.7.2.M1,ORP.7.2.M1 Isiklike seadmete kasutamise reguleerimine,"Vastutaja:  Infoturbejuht 
 Elutsükli etapp:  Kavandamine 
   
 a. Organisatsioon määratleb, millistel tingimustel on isiklike seadmete kasutamine töö eesmärgil lubatud. 
 b. Lubatud isiklikud seadmetüübid on loetletud ja dokumenteeritud. 
 c. Isiklike seadmete kasutusega seotud riskid hinnatakse enne kasutuselevõttu. 
 d. Registreeritud seadmed on seostatud konkreetse kasutajaga. 
 e. Registreerimata isiklike seadmete kasutamine organisatsiooni võrkudes on keelatud.",Kasutaja,
bfc5bd61436990cd283b5a8fe9d03c36,ORP.7.2,ORP.7.2: Isikliku seadme kasutus,3.2,3.2 Põhimeetmed,4167cbf529ccffca48c56da5076d0a19,ORP.7.2.M2,ORP.7.2.M2 Isikliku seadme autentimine ja ligipääsu kontroll,"Vastutaja:  Kasutaja 
 Elutsükli etapp:  Käitamine 
   
 a. Isiklik seade autentitakse enne ligipääsu andmist organisatsiooni teenustele. 
 b. Ligipääs isikliku seadmega eeldab mitmikautentimist (MFA). 
 c. Vajadusel rakendatakse geopiiranguid ( geofencing ) isiklike seadmete ühendustele.",Kasutaja,
bfc5bd61436990cd283b5a8fe9d03c36,ORP.7.2,ORP.7.2: Isikliku seadme kasutus,3.2,3.2 Põhimeetmed,0bf709b4d739b2fc67d35bdf2cf1241f,ORP.7.2.M4,ORP.7.2.M4 Isikliku seadme ühendusvõimaluste kontroll,"Vastutaja:  Kasutaja 
 Elutsükli etapp:  Käitamine 
   
 a. Isiklike seadmete kasutamisel Bluetoothi, Wi-Fi ja lähiväljaside järgitakse organisatsiooni sellekohaseid reegleid. 
 b. Tundmatute seadmetega ühendamine tööandja võrgus viibimise ajal on keelatud. 
 c. Isiklike seadmetega ei jagata internetti töövahenditele, kui see pole eraldi kooskõlastatud.",Kasutaja,
bfc5bd61436990cd283b5a8fe9d03c36,ORP.7.2,ORP.7.2: Isikliku seadme kasutus,3.2,3.2 Põhimeetmed,bcf4fe6db321f15b09f85c1a0fdedb6c,ORP.7.2.M7,ORP.7.2.M7 Isiklike seadmete ligipääsu turvaline lõpetamine,"Vastutaja:  Kasutaja 
 Elutsükli etapp:  Kõrvaldamine 
   
 a. Ligipääsuõigused isikliku seadme jaoks eemaldatakse kohe, kui kasutusvajadus lõpeb. 
 b. Seadmest eemaldatakse kõik tööandja rakendused ja andmed. 
 c. Vajadusel kontrollitakse, et tundlikud andmed ei jääks seadmesse.",Kasutaja,
bfc5bd61436990cd283b5a8fe9d03c36,ORP.7.2,ORP.7.2: Isikliku seadme kasutus,3.3,3.3 Standardmeetmed,75b0e060f2215a2f600564089c272515,ORP.7.2.M5,ORP.7.2.M5 Kaugpuhastus,"Vastutaja:  Kasutaja 
 Elutsükli etapp:  Käitamine 
   
 a. Isiklikus seadmes olev tööandja teave peab olema vajadusel kustutatav kaugpuhastusega. 
 b. Organisatsioon määrab, kas kasutatakse täielikku või selektiivset kustutamist. 
 c. Kaugpuhastuse tingimused on isikliku seadme kasutamise kokkuleppes selgelt sätestatud.",Kasutaja,
bfc5bd61436990cd283b5a8fe9d03c36,ORP.7.2,ORP.7.2: Isikliku seadme kasutus,3.3,3.3 Standardmeetmed,68e54d85ff38f8f918f82dd58515ad51,ORP.7.2.M6,ORP.7.2.M6 Võrgu segmenteerimine isiklike seadmete kasutamise jaoks,"Vastutaja:  Kasutaja 
 Elutsükli etapp:  Käitamine 
   
 a. Isiklike seadmetega kasutatakse eraldatud võrgusegmenti. 
 b. Isiklike seadmetega ei pääse otse ligi kriitilistele teenustele.",Kasutaja,
c268258a87b7d95b06e53ff4fb00cc19,ORP.7.3,ORP.7.3: Mobiiltelefoni kasutus,3.2,3.2 Põhimeetmed,40d2be4d410ed5107db72ba156f19eec,ORP.7.3.M1,ORP.7.3.M1 Mobiiltelefonide turvaline kasutamine,"Vastutaja:  Kasutaja 
 Elutsükli etapp:  Kavandamine 
   
 b. Mobiiltelefoni kasutaja veendub alati suhtluspartneri tegelikus identiteedis (nt katkestades sissetuleva kõne ja helistades tagasi ametlikule numbrile). 
 d. Konfidentsiaalse teabe edastamisel veendub töötaja, et tema vahetus läheduses ei ole inimesi, kes võiksid kõnet pealt kuulata. 
 e. Võimalike anomaaliate ja eksimuste tuvastamiseks kontrollitakse sideteenuste arveid telefoninumbrite haaval.",Kasutaja,
c268258a87b7d95b06e53ff4fb00cc19,ORP.7.3,ORP.7.3: Mobiiltelefoni kasutus,3.2,3.2 Põhimeetmed,74fecdbbe4d575d623eda37d4ffc24b8,ORP.7.3.M2,ORP.7.3.M2 Mobiiltelefoni blokeerimine seadme kaotamisel,"Vastutaja:  Kasutaja 
 Elutsükli etapp:  Käitamine 
   
 a. Mobiiltelefoni kaotamisel blokeeritakse telefoni SIM-kaart viivitamatult. 
 b. Vargusvastaste kaugmehhanismide olemasolul blokeeritakse mobiiltelefon või kustutatakse selle sisu viivitamatult. 
 c. SIM-kaardi ja mobiiltelefoni blokeerimiseks nõutav teave on halduritele koheselt kättesaadav.",Kasutaja,
c268258a87b7d95b06e53ff4fb00cc19,ORP.7.3,ORP.7.3: Mobiiltelefoni kasutus,3.2,3.2 Põhimeetmed,769518638cb66a08e637acb0fe937c38,ORP.7.3.M3,ORP.7.3.M3 Kasutajate koolitamine ja teadlikkuse tõstmine,"Vastutaja:  Infoturbejuht 
 Elutsükli etapp:  Käitamine 
   
 a. Organisatsioonis on kehtestatud reeglid mobiiltelefonide turvaliseks kasutamiseks. Reeglite tutvustamine on lisatud töötajate infoturbe koolitusprogrammi. 
 b. Kasutajatele on mobiiltelefonidega seotud ohte tutvustatud. 
 c. Kasutajad tunnevad ära petukõned ja petusõnumid ning oskavad neile reageerida. 
 d. Kasutajad oskavad kasutada mobiiltelefonide turvafunktsionaalsust. 
 e. Kasutajad oskavad oma mobiiltelefoni ja SIM-kaarti telefoni kaotamise järgselt blokeerida.",Kasutaja,
c268258a87b7d95b06e53ff4fb00cc19,ORP.7.3,ORP.7.3: Mobiiltelefoni kasutus,3.2,3.2 Põhimeetmed,3f94b51b3df2697187fb674809cdc0e2,ORP.7.3.M4,ORP.7.3.M4 Mobiiltelefonide kasutuselt kõrvaldamise kord,"Vastutaja:  Kasutaja 
 Elutsükli etapp:  Kõrvaldamine 
   
 a. Enne mobiiltelefoni kasutuselt kõrvaldamist taastatakse mobiiltelefoni tehaseseaded (mis ühtlasi kustutab telefonist ka kasutaja andmed) ja kontrollitakse, kas kõik andmed on telefonist kustutatud. 
 b. Kui andmeid ei õnnestu telefonist kustutada, hävitatakse seade füüsiliselt. 
 c. Mobiiltelefoni kasutuselt kõrvaldamisel võetakse telefonist välja ja kustutatakse turvaliselt või hävitatakse telefonis olev mälukaart. 
 d. Kui mobiiltelefone tuleb enne kõrvaldamist hoiustada (nt niikaua kuni telefone on kogunenud suurem kogus), siis kaitstakse kogutud mobiiltelefone ja mälukaarte lubamatu juurdepääsu eest.",Kasutaja,
c268258a87b7d95b06e53ff4fb00cc19,ORP.7.3,ORP.7.3: Mobiiltelefoni kasutus,3.2,3.2 Põhimeetmed,4c9598ba980344a878eed16ff99dd588,ORP.7.3.M5,ORP.7.3.M5 Mobiiltelefonide turvamehhanismide kasutamine,"Vastutaja:  Kasutaja 
 Elutsükli etapp:  Käitamine 
   
 a. Mobiiltelefonidesse integreeritud turvamehhanismid on konfigureeritud ja kasutusele võetud. 
 b. SIM-kaardi algne PIN-kood on asendatud piisavalt keerulise PIN-koodiga. 
 c. Käivitamisel küsib telefon PIN-koodi. 
 d. Mobiiltelefon on kaitstud seadmeluku meetodiga (parool, PIN või biomeetriline autentimine), mis vastab organisatsiooni turvanõuetele. 
 e. Pääsukoode (sh PUK-koodid) ja teenuste paroole hoitakse mobiiltelefonist lahus ja neid kasutatakse ainult määratud otstarbeks. 
 f. Mobiiltelefoni ekraanilukk aktiveerub automaatselt, kui seade on jäänud kasutamata rohkem kui organisatsiooni turvapoliitikas määratud ajaks (nt 1-3 minutit).",Kasutaja,
c268258a87b7d95b06e53ff4fb00cc19,ORP.7.3,ORP.7.3: Mobiiltelefoni kasutus,3.2,3.2 Põhimeetmed,9e9e6581e814dd2d12f0b8a71de4f9a0,ORP.7.3.M6,ORP.7.3.M6 Mobiiltelefoni tarkvara ajakohastamine,"Vastutaja:  Kasutaja 
 Elutsükli etapp:  Käitamine 
   
 a. Kontrollitakse regulaarselt, kas mobiiltelefonile on tarkvarauuendeid. 
 b. On määratud, kas kasutajad installivad uuendeid ise või tehakse seda keskse halduslahenduse kaudu. 
 c. Mobiiltelefonidesse saadaval olevad turva- ja tarkvarauuendused paigaldatakse viivitamata pärast nende kättesaadavaks muutumist või organisatsiooni määratud ajaraami jooksul.",Kasutaja,
c268258a87b7d95b06e53ff4fb00cc19,ORP.7.3,ORP.7.3: Mobiiltelefoni kasutus,3.3,3.3 Standardmeetmed,271472abc0b482046c7ac98f6ff034a0,ORP.7.3.M7,ORP.7.3.M7 Mobiiltelefonide hankimise kord,"Vastutaja:  Hankejuht 
 Elutsükli etapp:  Kavandamine 
   
 a. Enne mobiiltelefonide hankimist on koostatud nõuete spetsifikatsioon. 
 b. Telefone valitakse lähtuvalt nõuete spetsifikatsioonist. 
 c. Hankimisel arvestatakse saadavat tootetuge ja varuosade saadavust.",Kasutaja,
c268258a87b7d95b06e53ff4fb00cc19,ORP.7.3,ORP.7.3: Mobiiltelefoni kasutus,3.3,3.3 Standardmeetmed,33e5a3beb319cef4da7338ba08e4a155,ORP.7.3.M11,ORP.7.3.M11 Mobiiltelefoni avariivalmendus,"Vastutaja:  IT-juht 
 Elutsükli etapp:  Käitamine 
   
 a. Mobiiltelefonisse salvestatud tööalaseid andmeid varundatakse regulaarselt telefonist eemal asuvasse asukohta. 
 b. Olulised mobiiltelefonide pääsu- ja konfiguratsiooniandmed on dokumenteeritud. 
 c. Enne defektse mobiiltelefoni remonti saatmist eemaldatakse sellest SIM-kaart ja mälukaart ja kui võimalik, siis kustutatakse telefonist kõik andmed ja lähtestatakse telefon tehaseseadetele. 
 d. Mobiiltelefone remonditakse ametlike partnerite juures. 
 e. Mobiiltelefonide rikete puhuks on alati varuks asendustelefonid. 
 f. Kriitilistel ametikohtade täitjatel on lisaks mobiiltelefoniga suhtlemisele võimalik kasutada ka alternatiivset sidekanalit.",Kasutaja,
c268258a87b7d95b06e53ff4fb00cc19,ORP.7.3,ORP.7.3: Mobiiltelefoni kasutus,3.4,3.4 Kõrgmeetmed,06f3710989c618c22800edf5024e4b8a,ORP.7.3.M13,ORP.7.3.M13 Liikumise seire vältimine,"Vastutaja:  Infoturbejuht 
 Elutsükli etapp:  Käitamine 
 Turvakomponent:  C 
   
 a. Töötajate asukohaandmete kättesaadavusega seotud riskid hinnatakse ning vajaduse korral rakendatakse riskihinnangus määratud täiendavaid turvameetmeid. 
 b. GPS-andmete kasutamine on lubatud ainult organisatsiooni poolt heaks kiidetud rakendustes. 
 c. Asukoha jälgimise funktsionaalsus mobiiltelefonis on desaktiveeritud, kuniks selle kasutamiseks pole otsest vajadust. 
 d. Kaitset vajavate töötajate puhul rakendatakse täiendavaid tehnilisi ja organisatsioonilisi meetmeid nende asukoha tuvastamise riski vähendamiseks. 
 e. Kui töötaja asukohta ei tohi määratud perioodil olla võimalik tuvastada, lülitatakse mobiiltelefon välja ning vajaduse korral kasutatakse erilahendust, mis välistab seadme kaugjälgimise või sidefunktsioonid.",Kasutaja,
c268258a87b7d95b06e53ff4fb00cc19,ORP.7.3,ORP.7.3: Mobiiltelefoni kasutus,3.4,3.4 Kõrgmeetmed,b083108ccf870d7f41e07d5806e564bc,ORP.7.3.M14,ORP.7.3.M14 Telefoninumbri näitamise blokeerimine,"Vastutaja:  Kasutaja 
 Elutsükli etapp:  Käitamine 
 Turvakomponent:  C 
   
 a. Väljuvate kõnede numbri näitamine on telefonis desaktiveeritud. 
 b. Varjatud telefoninumbriga SIM-kaarti kasutavast telefonist ei saadeta SMS- ja MMS-sõnumeid. 
 c. Mobiiltelefoni numbrit ei avaldata ega saadeta kolmandatele isikutele.",Kasutaja,
c268258a87b7d95b06e53ff4fb00cc19,ORP.7.3,ORP.7.3: Mobiiltelefoni kasutus,3.4,3.4 Kõrgmeetmed,4322f75529f28622b968f8cee0e212f5,ORP.7.3.M15,ORP.7.3.M15 Kaitse mobiiltelefoniga pealtkuulamise eest,"Vastutaja:  Infoturbejuht 
 Elutsükli etapp:  Käitamine 
 Turvakomponent:  C 
   
 a. Mobiiltelefonide kaasavõtmine konfidentsiaalsetele nõupidamistele on keelatud. 
 b. Telefonikeeluga ruumide sissekäigu juures on selgelt mõistetavad keelusildid ja ettevalmistatud kohad telefonide turvaliseks hoiustamiseks. 
 c. Vajadusel kontrollitakse ruumi mobiiltelefonide detektoriga.",Kasutaja,
43746e77055512abe5f2de3b73c9736c,ORP.8.2,ORP.8.2: WiFi kasutus,3.2,3.2 Põhimeetmed,b1fb81b7def78453f5e69e7c43fa72ba,ORP.8.2.M1,ORP.8.2.M1 Raadiokohtvõrgu kasutamise kord,"Vastutaja:  IT-juht 
 Elutsükli etapp:  Kavandamine 
   
 a. Organisatsiooni üldise turvapoliitika alusel on kehtestatud raadiokohtvõrgu (ingl  wireless local area network , WLAN) kasutamise kord. 
 b. Raadiokohtvõrgu kasutamise kord sätestab vähemalt järgmist: 
 
 milliste sisemiste ja väliste võrkudega tohib raadiokohtvõrgu klienti ühendada; 
 millist teavet ei tohi raadiokohtvõrgus vahetada; 
 klientseadmete turvavahendite rakendamine; 
 juhuvõrgurežiimi keeld; 
 seadistuse muutmise keeld; 
 kataloogide ja teenuste lubatavuse tingimused; 
 keeld ühendada pääsupunkte (ingl  wireless access point ) organisatsiooni kohtvõrguga; 
 WLAN-liidese desaktiveerimine pikema kasutuspausi järel; 
 tegevused turvaintsidendi puhul. 
 
 d. Raadiokohtvõrgu kasutamise kord vaadatakse üle ja ajakohastatakse tehnoloogia/riskide muutumisel.",Kasutaja,
43746e77055512abe5f2de3b73c9736c,ORP.8.2,ORP.8.2: WiFi kasutus,3.2,3.2 Põhimeetmed,980762be7b4a5d2501e6758a07eeb6c3,ORP.8.2.M2,ORP.8.2.M2 Raadiokohtvõrgu kasutajate teadlikkuse tõstmine ja koolitus,"Vastutaja:  Infoturbejuht 
 Elutsükli etapp:  Käitamine 
   
 a. Raadiokohtvõrgu kasutajaid koolitatakse raadiokohtvõrguga seotud ohtude ja turbe alal. Koolitus sisaldab organisatsioonipõhiseid näiteid. 
 b. Kasutajaile selgitatakse olulisi raadiokohtvõrgu turvasätteid ning ohte, mis tulenevad nende sätete vältimisest või desaktiveerimisest. 
 c. Kasutajad täidavad organisatsiooni poolt kehtestatud kohtvõrgu kasutamise reegleid. 
 d. Organisatsiooni külaliste raadikohtvõrgu kasutamiseks on koostatud WiFi etikett, milles kirjeldatakse kasutaja vastutus ja tegevused, mis ei ole WiFi võrgus lubatud.",Kasutaja,
43746e77055512abe5f2de3b73c9736c,ORP.8.2,ORP.8.2: WiFi kasutus,3.2,3.2 Põhimeetmed,e0c068a01d45d037682294df7406db8e,ORP.8.2.M3,ORP.8.2.M3 Avalike pääsupunktide kasutamine,"Vastutaja:  Kasutaja 
 Elutsükli etapp:  Käitamine 
   
 a. Kasutajad teavad, kas ja mis tingimustel on avaliku pääsupunkti kasutamine lubatud. 
 b. Aegunud või kasutamata raadiokohtvõrgud kustutatakse klientseadme kasutusajaloost. 
 c. Võimalusel kasutatakse ebaturvalistes tingimustes kitsendatud õigustega kasutajakontot. Administraatori õigustega kasutajal on oma arvutist välistesse ebaturvalistesse raadiokohtvõrkudesse sisenemine keelatud. 
 d. Ebaturvalises raadiokohtvõrgus edastatakse tundlikke andmeid ainult krüpteeritult. 
 e. Võõrast raadiokohtvõrgust saab kasutaja organisatsiooni siseressursside poole pöörduda ainult virtuaalse privaatvõrgu (VPN) kaudu.",Kasutaja,
43746e77055512abe5f2de3b73c9736c,ORP.8.2,ORP.8.2: WiFi kasutus,3.2,3.2 Põhimeetmed,9d4f9abd4fbf0656fce6480097f0835c,ORP.8.2.M4,ORP.8.2.M4 Raadiokohtvõrgu turvasündmuste puhul käitumise kord,"Vastutaja:  Kasutaja 
 Elutsükli etapp:  Käitamine 
   
 a. Raadiokohtvõrgu intsidendikahtluse või tõrke puhul on kasutaja kohustatud raadiokohtvõrgust väljuma ja oma klientseadme WLAN-liidese desaktiveerima. 
 b. Kasutaja dokumenteerib veateated ja anomaaliad, kaasaarvatud tegevused, mida ta on teinud enne turvaintsidenti või selle ajal. 
 c. Tõrke või intsidendikahtluse korral teavitab kasutaja turvasündmusest koheselt IT-talitust kokku lepitud kontaktpunkti kaudu.",Kasutaja,
f68cc96eed4c6f07590ad067159ba82e,OPS.1.1,OPS.1.1: IT-haldus üldiselt,3.2,3.2 Põhimeetmed,c36416c43c55e6c21a3b2089b18daf5f,OPS.1.1.M0,OPS.1.1.M0 IT-halduse korraldus,"Vastutaja:  IT-juht 
 Elutsükli etapp:  Kavandamine 
   
 a. IT-halduse dokumentatsioon sisaldab vähemalt järgmist: 
 
 IT-süsteemide haldusele esitatavad nõuded; 
 IT-halduse meetodid, tehnikad ja töövahendid; 
 töövahenditele juurdepääsu reguleerimine; 
 haldusliideste ja andmeside turve; 
 IT-süsteemide komponentide seireplaan; 
 IT-komponentide logimise korraldamine; 
 automatiseeritud haldustoimingute rakendamise põhimõtted; 
 teavituskanalid tõrgetest ja turvaintsidentidest teavitamiseks. 
 
 b. IT-halduseks piisavate ressursside tagamiseks on analüüsitud eeldatavat töömahtu, personalivajadust, oskusteavet ja vajalikke töövahendeid.",IT-juht,
f68cc96eed4c6f07590ad067159ba82e,OPS.1.1,OPS.1.1: IT-haldus üldiselt,3.2,3.2 Põhimeetmed,c4c8df6cdcf420053b745056a7007269,OPS.1.1.M2,OPS.1.1.M2 Süsteemihalduri konto turvaline kasutamine,"Vastutaja:  IT-juht 
 Elutsükli etapp:  Käitamine 
   
 c. Igapäevaste IT-tegevuste jaoks ei kasutata süsteemihalduri õigustega kasutajakontot. 
 d. Ühiskasutuses olevaid halduskontosid on lubatud luua ja kasutada ainult põhjendatud erandjuhtudel. 
 e. Süsteemihaldurite kontode pääsuõiguste asjakohasust kontrollitakse regulaarselt. 
 g. IT-komponendi kasutusest kõrvaldamisel suletakse või kustutatakse sellega seotud halduskontod.",IT-juht,
f68cc96eed4c6f07590ad067159ba82e,OPS.1.1,OPS.1.1: IT-haldus üldiselt,3.2,3.2 Põhimeetmed,d48efb2a32d70ff2a176d2b6d6b7016a,OPS.1.1.M3,OPS.1.1.M3 IT-halduse juhendite koostamine,"Vastutaja:  IT-juht 
 Elutsükli etapp:  Kavandamine 
   
 a. Käitatavate IT-süsteemide haldustööd on kirjeldatud süsteemispetsiifilistes IT-halduse juhendites. 
 b. IT-halduse juhendis käsitletakse vähemalt järgmist: 
 
 hallatava IT-süsteemi tehniline kirjeldus; 
 IT-süsteemi turvalise käituse nõuded; 
 vajalikud haldus- ja töövahendid; 
 IT-süsteemi konfiguratsioon ja selles sisalduvad kohandused; 
 IT-komponentide testimise kirjeldus; 
 seire, logimine ja automaatteavitused; 
 andmete varundamine ja taasteplaanid; 
 IT-intsidentide käsitlemise kord; 
 regulaarsed ja plaanivälised haldustegevused. 
 
 c. IT-halduse juhendid on üksnes volitatud isikutele igal ajal kättesaadavad. 
 d. IT-halduse juhendeid vaadatakse regulaarselt üle ja uuendatatakse vastavalt vajadusele.",IT-juht,
f68cc96eed4c6f07590ad067159ba82e,OPS.1.1,OPS.1.1: IT-haldus üldiselt,3.2,3.2 Põhimeetmed,370f2c34adfb92c41866af16eb1af1bb,OPS.1.1.M7,OPS.1.1.M7 IT-halduse protsessipõhisus,"Vastutaja:  IT-juht 
 Elutsükli etapp:  Käitamine 
   
 a. Organisatsioon on määratlenud ja kinnitanud organisatsiooni vajadustele ja kehtivatele nõuetele vastavad IT-halduse protsessid. 
 b. Iga IT-halduse protsessi kohta on kirjeldatud: 
 
 protsessi omanik ja haldur; 
 algataja ja protsessis osalejad; 
 protsessis sisalduvad tegevused; 
 seosed teiste IT-halduse- või äriprotsessidega. 
 
 c. IT-halduse protsesside kirjeldused on volitatud isikutele alati juurdepääsetavad. 
 d. IT-halduse protsessi järgimist tõendavad asjaolud dokumenteeritakse. 
 e. On loodud tegevusjuhised kriisiolukordadeks, mil standardseid IT-halduse protsesse ei ole võimalik rakendada.",IT-juht,
f68cc96eed4c6f07590ad067159ba82e,OPS.1.1,OPS.1.1: IT-haldus üldiselt,3.3,3.3 Standardmeetmed,0355fd146c785bbb13247a9e206c912c,OPS.1.1.M4,OPS.1.1.M4 IT-halduseks vajaliku personali tagamine,"Vastutaja:  IT-juht 
 Elutsükli etapp:  Kavandamine 
   
 a. Personali planeerimisel on arvestatud reserviga, mis on vajalik lühiajaliste töölt eemalolekute ja ajutiste suurema personalivajadusega perioodide kompenseerimiseks. 
 b. IT-halduseks on olemas piisaval hulgal vajaliku oskusteabega töötajaid.",IT-juht,
f68cc96eed4c6f07590ad067159ba82e,OPS.1.1,OPS.1.1: IT-haldus üldiselt,3.3,3.3 Standardmeetmed,13ac45c61108988ae4df50586f5a8e96,OPS.1.1.M5,OPS.1.1.M5 Turvaliste tüüpkonfiguratsioonide määratlemine,"Vastutaja:  IT-juht 
 Elutsükli etapp:  Käitamine 
   
 a. On koostatud ja dokumenteeritud tüüpsete IT-komponentide tugevdatud turvet sisaldavad konfiguratsioonid. 
 c. IT-komponentide konfiguratsioonid vastavad organisatsiooni turvanõuetele ning arvestavad tootjapoolseid soovitusi komponentide turvaliseks seadistuseks. 
 d. Tüüpkonfiguratsioone testitakse enne nende juurutamist käidukeskkonnas (ingl  operational environment ). 
 e. Tüüpkonfiguratsioonide aja- ja asjakohasust kontrollitakse regulaarselt. Tüüpkonfiguratsioone muudetakse vastavalt tehnoloogilise keskkonna ja riskihinnangute muutumisele. 
 f. Tüüpkonfiguratsiooni dokumentatsioon sisaldab versiooninumbrit ning teostatud muudatusi kirjeldavat muutelugu.",IT-juht,
f68cc96eed4c6f07590ad067159ba82e,OPS.1.1,OPS.1.1: IT-haldus üldiselt,3.3,3.3 Standardmeetmed,486485c382976eff84282cb82b6ba8bb,OPS.1.1.M8,OPS.1.1.M8 IT-haldusprotseduuride regulaarne kvaliteedikontroll,"Vastutaja:  IT-juht 
 Elutsükli etapp:  Käitamine 
   
 a. Regulaarselt kontrollitakse, kas: 
 
 IT-halduse juhendites kirjeldatud protseduure kohaldatakse kõikidele käidukeskkonna IT-komponentidele; 
 IT-komponentide konfiguratsioonid vastavad ettenähtud tüüpkonfiguratsioonidele; 
 IT-halduse protsess on integreeritud organisatsiooni kõikidesse seotud äriprotsessidesse.",IT-juht,
f68cc96eed4c6f07590ad067159ba82e,OPS.1.1,OPS.1.1: IT-haldus üldiselt,3.3,3.3 Standardmeetmed,beb917f0f5a506a8d9f2031e7521f825,OPS.1.1.M9,OPS.1.1.M9 IT-komponentide regulaarne seire,"Vastutaja:  IT-juht 
 Elutsükli etapp:  Käitamine 
   
 a. IT-komponendi seiret teostatakse seireplaani alusel. 
 b. IT-komponendi tööks olulistele parameetritele on määratud lävendid, millest hälbimine käivitab automaatse teavituse IT-komponendi haldurile. 
 c. IT-komponendi seire automaatteavitus toimub kokku lepitud teavituskanaleid kasutades. 
 d. Seireandmete põhjal on võimalik jälgida IT-komponendi hetkeolukorda ning oluliste parameetrite muutumist ajas. 
 e. Seireandmeid edastatakse ainult turvaliste sidekanalite kaudu. 
 f. IT-komponentide kaetust seirega ja seireplaani ajakohasust kontrollitakse regulaarselt. 
 g. Seatud lävenditest lahknevuse tuvastamisel taastatakse IT-komponendi töö normaalolukord esimesel võimalusel.",IT-juht,
f68cc96eed4c6f07590ad067159ba82e,OPS.1.1,OPS.1.1: IT-haldus üldiselt,3.3,3.3 Standardmeetmed,dd7ddeeb3358e39b7c2a5852f4ad6d34,OPS.1.1.M11,OPS.1.1.M11 Organisatsioonisisesed tegevuslepped,"Vastutaja:  IT-juht 
 Elutsükli etapp:  Käitamine 
   
 a. Organisatsioonis IT-teenuseid osutav üksus on äriüksustega sõlminud süsteemide kvaliteedinäitajaid sisaldavad tegevuslepped (ingl  Operational Level Agreement , OLA). 
 b. Tegevuslepete tingimuste määramisel on arvestatud organisatsiooniüksuste ja äriprotsesside sõltuvusi IT-komponendi toimimisest ning äriprotsesside kaitsetarvet. 
 c. Organisatsioonisisene tegevuslepe sisaldab vähemalt järgmist: 
 
 leppega kaetud IT-süsteemid ja IT-teenused; 
 teenuse ulatus ja piirangud; 
 kokku lepitud teenusparameetrid; 
 teenusetugi ja pöördumiste reageerimise/lahendamise aeg; 
 raporteerimise ja teenuse ülevaatuse korraldus.",IT-juht,
f68cc96eed4c6f07590ad067159ba82e,OPS.1.1,OPS.1.1: IT-haldus üldiselt,3.3,3.3 Standardmeetmed,0874ae59139f19e2d8f4775721796da3,OPS.1.1.M16,OPS.1.1.M16 IT-halduse personali väljaõpe,"Vastutaja:  IT-juht 
 Elutsükli etapp:  Käitamine 
   
 a. IT-halduse töötajate koolitusplaani koostamisel arvestatakse, et IT-komponendi haldamiseks vajalikud oskused oleks mitmel töötajal. 
 c. Uute IT-komponentide soetamisel või IT-haldusprotsesside kasutuselevõtul kavandatakse koolitused asjakohaste IT-halduse protseduuride omandamiseks.",IT-juht,
f68cc96eed4c6f07590ad067159ba82e,OPS.1.1,OPS.1.1: IT-haldus üldiselt,3.3,3.3 Standardmeetmed,afabeb8475573a8006925642c2229d00,OPS.1.1.M17,OPS.1.1.M17 IT-halduse korraldamine avariiolukorras,"Vastutaja:  IT-juht 
 Elutsükli etapp:  Kavandamine 
   
 b. IT-süsteemide pikaajalise katkestuse korral tegutsemiseks on koostatud IT-halduse avariiplaan. 
 c. IT-halduse avariiplaan määratleb, milliste IT-komponentide töö tagatakse eelisjärjekorras. 
 d. Avariiplaan sisaldab vähemalt järgmiseid juhised: 
 
 tegevused avariiolukorrast väljumiseks; 
 IT-komponentide taastamise juhised; 
 tegevusjuhised kriitiliste äriprotsesside pikaajalise katkestuse mõju leevendamiseks.",IT-juht,
f68cc96eed4c6f07590ad067159ba82e,OPS.1.1,OPS.1.1: IT-haldus üldiselt,3.3,3.3 Standardmeetmed,dec7c14b909024ca307e1d23da141588,OPS.1.1.M19,OPS.1.1.M19 IT-komponentide regulaarne hooldus,"Vastutaja:  IT-juht 
 Elutsükli etapp:  Käitamine 
   
 a. IT-komponente hooldatakse regulaarselt ning teostatud hooldus- ja parendustööd dokumenteeritakse.",IT-juht,
f68cc96eed4c6f07590ad067159ba82e,OPS.1.1,OPS.1.1: IT-haldus üldiselt,3.3,3.3 Standardmeetmed,3677f327caaac8d0acdc7c00a1956a4e,OPS.1.1.M21,OPS.1.1.M21 IT-halduse rollide ja kasutajaõiguste määramise põhimõtted,"Vastutaja:  IT-juht 
 Elutsükli etapp:  Kavandamine 
   
 a. Organisatsioon on kehtestanud IT-halduse rollide ja kasutajaõiguste määramise põhimõtted. 
 b. IT-halduse rollide ja kasutajaõiguste määramise põhimõtted sätestavad, kuidas toimub rolli: 
 
 taotlemine; 
 loomine; 
 kaasnevate õiguste määramine; 
 sidumine konkreetse isikuga.",IT-juht,
2c627c138918ead9f57b8e8b4ed91b14,OPS.1.2,OPS.1.2: Muudatusehaldus,3.2,3.2 Põhimeetmed,34e8828d9bb805639554963ede4e15b5,OPS.1.2.M1,OPS.1.2.M1 Muudatusehalduse kord,"Vastutaja:  IT-juht 
 Elutsükli etapp:  Kavandamine 
   
 a. IT-komponentide uuendamiseks või seadistuses muudatuste teostamiseks on kehtestatud muudatusehalduse kord, mis sisaldab vähemalt: 
 
 muudatusehalduse protsessi olulisi rolle; 
 protseduure tavamuudatuste (ingl  normal change ) ning erakorraliste muudatuste (ingl  emergency change ) läbiviimiseks; 
 tarkvarauuendite paigaldamise sh plaanimise, kooskõlastamise ja dokumenteerimise eesmärke ja juhiseid; 
 tarkvarauuendite testimise ja tagasivõtmise protseduure. 
 
 b. Muudatusehalduse kord sisaldab kõiki muudatuse elutsükli etappe: 
 
 muudatuse algatamine; 
 muudatuse hindamine; 
 muudatuse heakskiitmine; 
 muudatuse kavandamine; 
 muudatuse teostamine; 
 muudatuse kinnitamine; 
 muudatuse sulgemine. 
 
 e. Suuremate või infoturvariske sisaldavate muudatuste korral kaasatakse muudatuse kavandamisse infoturbejuht.",IT-juht,
2c627c138918ead9f57b8e8b4ed91b14,OPS.1.2,OPS.1.2: Muudatusehaldus,3.2,3.2 Põhimeetmed,fe8dbdac517c8384b9bfc140b3a98660,OPS.1.2.M4,OPS.1.2.M4 IT-süsteemide regulaarne hooldus,"Vastutaja:  IT-juht 
 Elutsükli etapp:  Käitamine 
   
 a. Püsivara (ingl  Firmware ), operatsioonisüsteeme ja rakendusi uuendatakse võimalikult kiiresti pärast turvauuendi ilmutamist ja testimist. 
 b. Tarkvara uuendeid paigaldatakse vastavalt prioriteetsusele ja rakendamise kiireloomulisusele. 
 c. Uuendite paigaldamise järgselt kontrollitakse, kas kõik vajalikud seadmed ja rakendused on uuendused saanud. 
 d. Turvauuendi mitte paigaldamise otsus peab olema kooskõlastatud infoturbejuhiga. 
 e. Tootja tarkvaratoe lõppemisel võetakse kasutusele täiendavad meetmed IT-süsteemi turvalisuse tagamiseks või kõrvaldatakse rakendus kasutusest.",IT-juht,
2c627c138918ead9f57b8e8b4ed91b14,OPS.1.2,OPS.1.2: Muudatusehaldus,3.2,3.2 Põhimeetmed,2ffbc28fcd8c4891782508b055e6f935,OPS.1.2.M10,OPS.1.2.M10 Tarkvaratoodete tervikluse ja autentsuse tagamine,"Vastutaja:  IT-juht 
 Elutsükli etapp:  Käitamine 
 Turvakomponent:  C; I 
   
 a. Tarkvara ja selle uuendeid hangitakse ainult teadaolevalt usaldusväärsetest allikatest. 
 b. Enne tarkvara installimist kontrollitakse selle autentsust. 
 c. Organisatsioonis on olemas tervikluse ja autentsuse kontrolliks vajalikud kontrollivahendid.",IT-juht,
2c627c138918ead9f57b8e8b4ed91b14,OPS.1.2,OPS.1.2: Muudatusehaldus,3.3,3.3 Standardmeetmed,555ca7a6300e228a812f4f0e4d333c48,OPS.1.2.M5,OPS.1.2.M5 Muutmistaotluste käsitlus,"Vastutaja:  IT-juht 
 Elutsükli etapp:  Käitamine 
   
 a. Muutmistaotlusi (ingl  Request for Changes , RFC) registreeritakse ja dokumenteeritakse vastavalt muudatusehalduse korrale. 
 b. Muudatuste kavandamisel hinnatakse, kuidas võib muudatus mõjutada IT-süsteemi toimimist, määratakse tehnilised ja inimressursid ning teostamise tähtajad.",IT-juht,
2c627c138918ead9f57b8e8b4ed91b14,OPS.1.2,OPS.1.2: Muudatusehaldus,3.3,3.3 Standardmeetmed,5d0b2544abc36758458cab2de875951e,OPS.1.2.M6,OPS.1.2.M6 Muudatuste kooskõlastamine,"Vastutaja:  IT-juht 
 Elutsükli etapp:  Käitamine 
 Turvakomponent:  I 
   
 a. Muudatuste kooskõlastusprotsessi on kaasatud kõik asjassepuutuvad sihtrühmad. 
 b. Muudatusega hõlmatud sihtrühmadel on võimalik muudatuste kohta oma arvamust avaldada. 
 c. Aegkriitilisi muudatusi on võimalik kinnitada lihtsustatud korras. 
 d. Keeruka IT-taristuga organisatsioonis toetab muudatuse halduse protsessi vastutajat muutenõukogu (ingl  Change Advisory Board , CAB), kuhu peale muudatuste tehnilise rakendamisega seotud isikute kuuluvad ka organisatsiooni põhiüksuste esindajad.",IT-juht,
2c627c138918ead9f57b8e8b4ed91b14,OPS.1.2,OPS.1.2: Muudatusehaldus,3.3,3.3 Standardmeetmed,add0b6afa749df80985562b035be11e9,OPS.1.2.M7,OPS.1.2.M7 Muudatusehalduse sobitamine äriprotsessidega,"Vastutaja:  IT-juht 
 Elutsükli etapp:  Käitamine 
   
 b. Kõiki muudatusest mõjutatavaid üksusi teavitatakse aegsasti eelseisvatest muudatustest. 
 c. Muudatuse tegemiseks valitakse äriprotsesse võimalikult vähe häiriv ajavahemik, mis kooskõlastatakse äriprotsessi omanikega.",IT-juht,
2c627c138918ead9f57b8e8b4ed91b14,OPS.1.2,OPS.1.2: Muudatusehaldus,3.3,3.3 Standardmeetmed,484bee13f78a21fe5283f1b78fea0700,OPS.1.2.M9,OPS.1.2.M9 IT-komponendi testimise ja kasutuselevõtu protseduurid,"Vastutaja:  IT-juht 
 Elutsükli etapp:  Kavandamine 
   
 a. Uut IT-komponenti testitakse enne kasutuselevõttu spetsiaalselt selleks otstarbeks loodud, käidukeskkonnast eraldatud testkeskkonnas. 
 b. Testimise käigus kontrollitakse toote funktsionaalsust, ühilduvust ja soovimatute kõrvaltoimete puudumist. 
 c. IT-komponendi testimistulemused dokumenteeritakse. 
 d. Positiivsete testitulemuste korral kinnitatakse IT-komponendi kasutuselevõtt kirjalikult.",IT-juht,
2c627c138918ead9f57b8e8b4ed91b14,OPS.1.2,OPS.1.2: Muudatusehaldus,3.3,3.3 Standardmeetmed,ae68e558da9c2f4bd95baa6aeee0293d,OPS.1.2.M13,OPS.1.2.M13 Muudatuste tulemuslikkuse hindamine,"Vastutaja:  IT-juht 
 Elutsükli etapp:  Käitamine 
 Turvakomponent:  C; I; A 
   
 a. Muudatuse tulemuslikkuse hindamiseks viiakse läbi muudatusejärgset olukorda muudatusele eelneva olukorraga võrdlev järeltestimine. 
 b. Järeltestimist teevad kasutajad, kes tunnevad muudatusega seotud organisatsiooni äriprotsesse, kehtivaid kvaliteedi- ja turvanõudeid ja oskavad tuvastada ning hinnata võimalikke vigu IT-süsteemide töös. 
 c. Muudatuse tulemuslikkuse järeltestimise leiud dokumenteeritakse hilisemaks analüüsiks.",IT-juht,
2c627c138918ead9f57b8e8b4ed91b14,OPS.1.2,OPS.1.2: Muudatusehaldus,3.3,3.3 Standardmeetmed,99c9908a47fe185bc406ae49ec283f41,OPS.1.2.M15,OPS.1.2.M15 Muudatusehalduse töövahendi valik,"Vastutaja:  IT-juht 
 Elutsükli etapp:  Kavandamine 
   
 a. Muudatusehalduse töövahendi valimisel võetakse arvesse vähemalt: 
 
 erinevate tarkvaraplatvormide toetust; 
 konfiguratsiooni paindlikkust; 
 muudatuste paigaldamise jõudlusega; 
 tööprotsesside käsitsi juhtimise võimalusi; 
 muudatuste tagasipööramise võimekust.",IT-juht,
e911d22e9d8f3a19e451167837863c54,ORP.8.1,ORP.8.1: Raadioside kasutamine üldiselt,3.2,3.2 Põhimeetmed,c80dc05308b9d2dac37106722e36ff7c,ORP.8.1.M1,ORP.8.1.M1 Raadiovõrkude kasutusvajaduse määratlemine,"Vastutaja:  Infoturbejuht 
 Elutsükli etapp:  Kavandamine 
   
 a. Organisatsioon määratleb, milliseid raadiovõrgutehnoloogiaid tohib töövahendites kasutada. 
 b. Raadiovõrgu kasutusega seotud riskid hinnatakse enne raadiovõrgutehnoloogia või -seadmete kasutuselevõttu. 
 c. Kasutatavad raadiovõrgud vastavad organisatsiooni turbe- ja töövajadustele.",Kasutaja,
e911d22e9d8f3a19e451167837863c54,ORP.8.1,ORP.8.1: Raadioside kasutamine üldiselt,3.2,3.2 Põhimeetmed,49ae71ddc299c603bfd34d76aa27b6af,ORP.8.1.M2,ORP.8.1.M2 Raadiovõrgu funktsioonide turvaline seadistamine,"Vastutaja:  Kasutaja 
 Elutsükli etapp:  Kavandamine 
   
 a. Raadiovõrk seadistatakse nii, et volitamata ühendused või sidumised arvutivõrguga oleksid välistatud. 
 b. Automaatne ühendumine tundmatute seadmete või võrkudega on keelatud, kui tehnoloogia seda võimaldab. 
 c. Raadiovõrgu seadistuse muutmine on lubatud ainult volitatud isikutele.",Kasutaja,
e911d22e9d8f3a19e451167837863c54,ORP.8.1,ORP.8.1: Raadioside kasutamine üldiselt,3.2,3.2 Põhimeetmed,4611ca4b4adb1447e7028f3bf7c69466,ORP.8.1.M3,ORP.8.1.M3 Raadiovõrgu turvaline kasutamine,"Vastutaja:  Kasutaja 
 Elutsükli etapp:  Käitamine 
   
 a. Kasutajatel on keelatud ühendada seadmeid tundmatute raadiovõrguteenustega. 
 b. Kasutajad ei aktiveeri uusi raadiovõrgu funktsioone ilma kooskõlastuseta. 
 c. Turvanõuetele mittevastavatel seadmetel on organisatsiooni raadiovõrguteenuste kasutamine keelatud. 
 d. Kasutajad lülitavad raadiovõrgu funktsioonid välja, kui neid tööülesannete täitmiseks ei vajata.",Kasutaja,
e911d22e9d8f3a19e451167837863c54,ORP.8.1,ORP.8.1: Raadioside kasutamine üldiselt,3.2,3.2 Põhimeetmed,efa2b50a44bae4e3afea75b27b7a0164,ORP.8.1.M6,ORP.8.1.M6 Võrku ühendatud seadme kasutusest eemaldamine,"Vastutaja:  Infoturbejuht 
 Elutsükli etapp:  Kõrvaldamine 
   
 a. Enne võrku ühendatud seadme kasutusest eemaldamist tehakse kindlaks, milliste raadiovõrkude konfiguratsioone, sidumisteavet või autentimisandmeid seade sisaldab. 
 b. Seadmest eemaldatakse kõik organisatsiooni raadiovõrkudega seotud andmed, krüpteerimisvõtmed, paroolid ja sertifikaadid. 
 c. Kui seadme seadistusi ei ole võimalik turvaliselt kustutada, hävitatakse selle andmekandjad füüsiliselt. 
 d. Kui seadet plaanitakse edasi kasutada väljaspool organisatsiooni, viiakse läbi seadme täielik tehaseseadetele lähtestamine ning kontrollitakse, et kõik raadiovõrkude seadistused on seadmest eemaldatud. 
 e. Kasutusest eemaldamise toimingud dokumenteeritakse nii, et toimingute läbiviimist oleks võimalik vajadusel auditeerida või tõendada.",Kasutaja,
e911d22e9d8f3a19e451167837863c54,ORP.8.1,ORP.8.1: Raadioside kasutamine üldiselt,3.3,3.3 Standardmeetmed,654dd4be385de8f0b41004b8041af6b2,ORP.8.1.M5,ORP.8.1.M5 Raadiovõrgu kasutuse ja ühenduste seire,"Vastutaja:  Infoturbejuht 
 Elutsükli etapp:  Käitamine 
   
 a. Raadiovõrkude kasutust seiratakse ulatuses, mida seadmed ja tehnoloogia võimaldavad. 
 b. Volitamata või ebaharilikud ühendused raadiovõrguga tuvastatakse ja blokeeritakse. 
 c. Seire tulemused dokumenteeritakse ja neid analüüsitakse turvameetmete parendamiseks.",Kasutaja,
d6a4a9031ab9bf3cdb2c31c8b98d5a22,ORP.8.3,ORP.8.3: Lähiväljaside kasutus,3.2,3.2 Põhimeetmed,a8afb14c44c2271bc329b3e43029f243,ORP.8.3.M1,ORP.8.3.M1 Lähiväljaside kasutusvajaduste ja riskide hindamine,"Vastutaja:  Infoturbejuht 
 Elutsükli etapp:  Kavandamine 
   
 a. Organisatsioon määratleb, millisteks tööprotsessideks ja seadmeteks tohib lähiväljasidete ( Near Field Communication , NFC) kasutada. 
 b. Enne kasutuselevõttu hinnatakse lähiväljaside tehnoloogia riske. 
 c. Lähiväljaside tehnoloogia valik vastab tuvastatud turbevajadusele. 
 d. Valitud lähiväljaside tehnoloogia toetab krüpteeritud suhtlust ja turvalist autentimist, kui see on tehnoloogiliselt võimalik.",Kasutaja,
d6a4a9031ab9bf3cdb2c31c8b98d5a22,ORP.8.3,ORP.8.3: Lähiväljaside kasutus,3.2,3.2 Põhimeetmed,4e2d76f00e538e45989520eea4d243c0,ORP.8.3.M2,ORP.8.3.M2 Lähivälja seadmete turvaline kasutuselevõtt,"Vastutaja:  IT-juht 
 Elutsükli etapp:  Käitamine 
   
 a. Lähiväljaside seadmed seadistatakse viisil, mis välistab volitamata lugemise või sidumise (näiteks ainult  NFC when unlocked ). 
 b. Lähiväljasidel põhinev autentimine kasutab krüpteeritud või muul viisil turvalist protokolli. 
 c. Lähiväljaside seadistused dokumenteeritakse enne seadmete kasutuselevõttu. 
 d. Kasutajatelt eemaldatakse võimalus muuta lähiväljaside turvaseadeid. 
 e. Lähiväljaside seadmed testitakse enne nende kasutuselevõttu, et kinnitada seadistuste vastavust turbenõuetele.",Kasutaja,
d6a4a9031ab9bf3cdb2c31c8b98d5a22,ORP.8.3,ORP.8.3: Lähiväljaside kasutus,3.2,3.2 Põhimeetmed,bd334e08d9ccecda9bf8fe32261433ad,ORP.8.3.M3,ORP.8.3.M3 Turvaline lähiväljaside kasutamine,"Vastutaja:  Kasutaja 
 Elutsükli etapp:  Käitamine 
   
 a. Lähiväljaside funktsioon on lubatud ainult juhul, kui see on tööülesande täitmiseks vajalik. 
 b. Seadmete automaatne reageerimine tundmatutele lähiväljaside lugejatele ja sidumiskatsetele on keelatud. 
 c. Avalikus ruumis kasutatavad lähiväljaside lugejad on füüsiliselt kaitstud manipuleerimise eest. 
 d. Kui kasutaja tuvastab kahtlase lähiväljaside tabamuse, ootamatu lugemisteate või seadme ebatavalise reaktsiooni, katkestab ta viivitamatult ühenduse ning teavitab juhtumist vastavalt turvaintsidentide käsitlemise korrale. 
 e. Tundlikke või piiratud kasutusega andmeid ei edastata lähiväljaside kaudu, välja arvatud juhul, kui kanal on krüpteeritud ja vastab organisatsiooni turvanõuetele.",Kasutaja,
f237f2215e0c6e244ff3639df10f785e,ORP.8.4,ORP.8.4: Bluetooth kasutus,3.2,3.2 Põhimeetmed,f8dcd07153968bcb3aed8f56e372b50d,ORP.8.4.M1,ORP.8.4.M1 Bluetoothi kasutusvajaduse ja riskide hindamine,"Vastutaja:  Kasutaja 
 Elutsükli etapp:  Kavandamine 
   
 a. Organisatsioon määratleb Bluetoothi kasutusalad. 
 b. Bluetoothi kasutuse riskid hinnatakse enne tehnoloogia kasutuselevõttu. 
 c. Kasutatavad Bluetoothi versioonid ja seadmed vastavad organisatsiooni turvanõuetele.",Kasutaja,
f237f2215e0c6e244ff3639df10f785e,ORP.8.4,ORP.8.4: Bluetooth kasutus,3.2,3.2 Põhimeetmed,ca2dd1ac9674d7960bab9bb84a0e1ffc,ORP.8.4.M2,ORP.8.4.M2 Bluetoothi seadmete turvaline seadistamine,"Vastutaja:  Kasutaja 
 Elutsükli etapp:  Käitamine 
   
 a. Seadmete Bluetooth on vaikimisi välja lülitatud ning lubatakse ainult vajaduse korral. 
 b. Bluetoothi sidumisrežiim on lubatud ainult volitatud seadmete sidumiseks. 
 c. Bluetoothi sidumine toimub ainult turvaliste protokollide kaudu (nt  Secure Simple Pairing ).",Kasutaja,
f237f2215e0c6e244ff3639df10f785e,ORP.8.4,ORP.8.4: Bluetooth kasutus,3.2,3.2 Põhimeetmed,db8cd4ce8663e7fc547336d511ad4082,ORP.8.4.M3,ORP.8.4.M3 Bluetoothi turvaline kasutamine,"Vastutaja:  Kasutaja 
 Elutsükli etapp:  Käitamine 
   
 a. Tundmatute või volitamata seadmetega sidumine on keelatud. 
 c. Kahtlaste ühenduste või sidumiskatsete korral katkestab kasutaja Bluetoothi ühenduse. 
 d. Tundlikke andmeid ei edastata Bluetoothi kaudu, välja arvatud juhul, kui kasutatakse turvalist profiili ja krüpteeritud ühendust.",Kasutaja,
3c50d8d16a433e596afb1826d518e4ab,OPS.1.3,OPS.1.3: Andmevarundus,3.2,3.2 Põhimeetmed,ed255c3deed3b188967668aae09350e3,OPS.1.3.M2,OPS.1.3.M2 Andmevarunduseeskiri,"Vastutaja:  IT-juht 
 Elutsükli etapp:  Kavandamine 
   
 a. On koostatud andmevarunduseeskiri, mis on kooskõlas organisatsiooni talitluspidevuse plaaniga. 
 b. Andmevarunduseeskirja koostamisel arvestatakse iga IT-süsteemi andmevarunduse nõuetega. 
 c. Andmevarunduseeskiri sisaldab iga IT-süsteemi ja andmestiku kohta vähemalt järgmist: 
 
 andmevarunduse tüüp; 
 varundusviis ja andmekandja; 
 protseduurid andmete varundamiseks ja taastamiseks; 
 varundussagedus ja -aeg; 
 säilituskoht; 
 andmekandjate transpordi- ja hoiutingimused; 
 varukoopiate säilitusajad; 
 vastutused varunduse toimimise eest.",IT-juht,
3c50d8d16a433e596afb1826d518e4ab,OPS.1.3,OPS.1.3: Andmevarundus,3.2,3.2 Põhimeetmed,0074763131fcf63b98d85d7f0480be59,OPS.1.3.M3,OPS.1.3.M3 IT-süsteemi andmevarundusplaan,"Vastutaja:  IT-juht 
 Elutsükli etapp:  Käitamine 
   
 a. On koostatud andmevarundusplaan IT-süsteemi ja selles käideldatavate andmete varundamiseks. 
 b. Andmevarundusplaanis on kirjeldatud varunduse ja andmetaaste protseduurid, sealhulgas: 
 
 varundatavate andmete koosseisu kirjeldus; 
 riist- ja tarkvara, mida varundamisel kasutatakse; 
 andmehulga prognoositav maht; 
 õigusaktidest tulenevad nõuded; 
 nõutav varunduse sagedus; 
 lubatav taasteaeg (ingl  Recovery Time Objective , RTO); 
 lubatava andmekao määr (ingl  Recovery Point Objective , RPO); 
 varundatava süsteemi maksimaalselt talutav seisuaeg (ingl  Maximum Tolerable Downtime , MTD); 
 andmete säilitusaeg; 
 andmete varundamise järjekord; 
 säilitavate andmete põlvkondade arv. 
 
 c. Andmevarundusplaanis on arvestud vähemalt järgmist: 
 
 soetatud või omatarkvara varundatakse täieliku varundusega ühe andmete põlvena; 
 süsteemiandmed varundatakse vähemalt kord kuus ühe andmete põlvena; 
 rakendusandmed varundatakse vähemalt kord nädalas täieliku varundusega ja säilitatakse vähemalt kolm andmete põlve; 
 logiandmed varundatakse vähemalt kord kuus täieliku varundusega ja säilitatakse vähemalt kolm andmete põlve.",IT-juht,
3c50d8d16a433e596afb1826d518e4ab,OPS.1.3,OPS.1.3: Andmevarundus,3.2,3.2 Põhimeetmed,531737190ed26af35fc2d132ebc007f4,OPS.1.3.M8,OPS.1.3.M8 Varunduse regulaarne testimine,"Vastutaja:  IT-juht 
 Elutsükli etapp:  Käitamine 
   
 a. Andmevarunduse toimimist ja varundatud andmete taastamist testitakse regulaarselt. 
 b. Andmete taastamine jääb ajaliselt lubatava taasteaja piiresse ja toimub veatult.",IT-juht,
3c50d8d16a433e596afb1826d518e4ab,OPS.1.3,OPS.1.3: Andmevarundus,3.2,3.2 Põhimeetmed,263c02b0ee1899ef088b8ca4040644eb,OPS.1.3.M11,OPS.1.3.M11 Varukoopiate turve,"Vastutaja:  IT-juht 
 Elutsükli etapp:  Käitamine 
   
 a. Andmete turvaline säilitus on tagatud vähemalt nõutud andmesäilitustähtaegade ulatuses. 
 c. Varunduseks kasutatavad andmekandjad on kaitstud lubamatu ülekirjutamise eest (ingl  Immutable Backup ). 
 d. Varunduse andmekandjatele antakse kirjutusõigus ainult autoriseeritud haldustoimingute läbiviimiseks.",IT-juht,
3c50d8d16a433e596afb1826d518e4ab,OPS.1.3,OPS.1.3: Andmevarundus,3.3,3.3 Standardmeetmed,12bf628939c4d72b611b2273394d3917,OPS.1.3.M7,OPS.1.3.M7 Keskse andmevarundussüsteemi soetamine,"Vastutaja:  IT-juht 
 Elutsükli etapp:  Kavandamine 
   
 a. Enne keskse andmevarundussüsteemi hankimist on koostatud andmevarundussüsteemi valiku kriteeriumid. 
 b. Keskne andmevarundussüsteem vastab vähemalt järgmistele nõuetele: 
 
 tuvastab vale või vigase andmekandja; 
 töötab olemasoleva riistvaraga; 
 võimaldab automaatset ajastust; 
 võimaldab ühele või mitmele kasutajale automaatteadete saatmist; 
 võimaldab andmekandja turvet krüpteerimisega; 
 võimaldab andmete tihendust (ingl  Compression ); 
 võimaldab andmeid andmeloendite alusel kategoriseerida; 
 võimaldab andmeid valida loomis- või muutmisaja alusel; 
 võimaldab teha täisvarundust (ingl  Full Backup ); 
 võimaldab teha inkrementaalvarundust ( Incremental Backup ); 
 võimaldab automaatselt võrrelda varukoopiat originaaliga; 
 võimaldab taastada andmeid valitud asukohta; 
 võimaldab taastada andmeid valitud failide haaval.",IT-juht,
3c50d8d16a433e596afb1826d518e4ab,OPS.1.3,OPS.1.3: Andmevarundus,3.3,3.3 Standardmeetmed,92cb4cf5f58400a0ede4f1f9dfc78fb8,OPS.1.3.M9,OPS.1.3.M9 Kaugvarundus teenusena,"Vastutaja:  IT-juht 
 Elutsükli etapp:  Käitamine 
   
 a. Välise salvestuskoha kasutamisel võrgustatud andmevarunduseks sõlmitakse teenusekvaliteedi tagamiseks teenustasemelepe (ingl  Service Level Agreement , SLA) ja lepitakse kokku andmete füüsiline paiknemine Euroopa Liidu piirides. 
 b. Varukoopiatele juurdepääs on võimalik ainult turvalise autentimisega. 
 c. Varukoopias sisalduvad andmed on krüpteeritud nii varunduskohas kui andmete ülekandmisel. 
 d. Võrguühenduse kvaliteet võimaldab varundada ja taastada andmeid lubatavate varundus- ja taasteaegade piires.",IT-juht,
3c50d8d16a433e596afb1826d518e4ab,OPS.1.3,OPS.1.3: Andmevarundus,3.4,3.4 Kõrgmeetmed,db164f84d1eb07f18a24b83edae9c694,OPS.1.3.M10,OPS.1.3.M10 Krüptograafia rakendamine andmevarundusel,"Vastutaja:  IT-juht 
 Elutsükli etapp:  Käitamine 
 Turvakomponent:  C; I 
   
 a. Varundatavad andmed on andmete konfidentsiaalsuse ja tervikluse tagamiseks krüpteeritud. 
 b. Krüptomehhanismi valikul on arvestatud, et andmed oleks taastatavad vähemalt säilitustähtaja vältel. 
 c. Krüptovõtmete kaitse ja säilimine tagatakse kokku lepitud võtmehalduse protseduuridega.",IT-juht,
a8061ac42643af5113a031848718cbe9,OPS.1.5,OPS.1.5: Turvasündmuste logimine,3.2,3.2 Põhimeetmed,3b801ca2349035448b231caf7a4f69d0,OPS.1.5.M1,OPS.1.5.M1 Logimise eeskirja kehtestamine,"Vastutaja:  Infoturbejuht 
 Elutsükli etapp:  Kavandamine 
   
 a. Organisatsioonis on kehtestatud reeglid turvasündmuste logimise korraldamiseks. 
 b. Logimise eeskiri määrab vähemalt: 
 
 mis IT-süsteeme ja rakendusi logitakse; 
 millised logiandmed logides sisalduvad; 
 mis asukohas logisid töödeldakse; 
 kui kaua logiandmeid säilitatakse; 
 kes ja kuidas logiandmetele juurde pääseb. 
 
 c. Kõrvalekalded logimise eeskirjast kooskõlastatakse infoturbejuhiga ja dokumenteeritakse.",IT-juht,
a8061ac42643af5113a031848718cbe9,OPS.1.5,OPS.1.5: Turvasündmuste logimine,3.2,3.2 Põhimeetmed,b94d71d205cfb2cbbd4ef3cbbd53dadf,OPS.1.5.M3,OPS.1.5.M3 Turvasündmuste logimine,"Vastutaja:  IT-juht 
 Elutsükli etapp:  Käitamine 
   
 b. Kõiki turvalogisid (ingl  Security Log ) säilitatakse vähemalt üks aasta. 
 d. Kui IT-süsteemi turvasündmusi ei saa rakenduse siseselt logida, on kasutusele võetud kompenseerivad meetmed.",IT-juht,
a8061ac42643af5113a031848718cbe9,OPS.1.5,OPS.1.5: Turvasündmuste logimine,3.2,3.2 Põhimeetmed,7f1ec2be6be94c6bdbdf2eb7f928c4ed,OPS.1.5.M4,OPS.1.5.M4 Ühtne ajavorming üle kogu logitaristu,"Vastutaja:  IT-juht 
 Elutsükli etapp:  Käitamine 
   
 a. Logitavate IT-süsteemide ja rakenduste kellaajad on sünkroniseeritud. 
 b. Logides on kasutusel ühtne ajavorming.",IT-juht,
a8061ac42643af5113a031848718cbe9,OPS.1.5,OPS.1.5: Turvasündmuste logimine,3.2,3.2 Põhimeetmed,bb87dc18b74fe85d2374109fe6392247,OPS.1.5.M5,OPS.1.5.M5 Õiguslike raamtingimuste täitmine,"Vastutaja:  IT-juht 
 Elutsükli etapp:  Käitamine 
   
 a. Logimisel järgitakse andmekaitse ja muude asjakohaste õigusaktide nõudeid. 
 b. Logiandmeid kustutatakse ettenähtud protseduuri kohaselt. 
 c. Logiandmete lubamatu kustutamine või muutmine on tõkestatud tehniliste meetmetega.",IT-juht,
a8061ac42643af5113a031848718cbe9,OPS.1.5,OPS.1.5: Turvasündmuste logimine,3.2,3.2 Põhimeetmed,17e2073107536f2121552e81ba7e45ea,OPS.1.5.M10,OPS.1.5.M10 Logiandmete kaitse lubamatu juurdepääsu eest,"Vastutaja:  IT-juht 
 Elutsükli etapp:  Käitamine 
 Turvakomponent:  C; I 
   
 a. Kõik logiandmed talletatakse ja neid kaitstakse volitamata juurdepääsu eest, pääsuõigused logiandmetele dokumenteeritakse. 
 b. IT-süsteemide ja rakenduste haldurid ei saa logiandmeid modifitseerida.",IT-juht,
a8061ac42643af5113a031848718cbe9,OPS.1.5,OPS.1.5: Turvasündmuste logimine,3.3,3.3 Standardmeetmed,5c1f7121431e33f8d2d3a34bfe5b63ef,OPS.1.5.M6,OPS.1.5.M6 Keskne logitaristu,"Vastutaja:  IT-juht 
 Elutsükli etapp:  Käitamine 
   
 a. Kõik IT-süsteemide turbe jaoks olulised logiandmed talletatakse keskses logiserveris või logiserverite taristus. 
 b. Kesksesse logitaristusse kogutud sündmuseteateid on võimalik sünkroniseerida, korreleerida ja analüüsida ja talletada. 
 c. Keskse logitaristu sündmuseteateid analüüsitakse kõrvalekallete avastamiseks regulaarselt. 
 d. Logitaristus talletatud sündmusi hoitakse vähemalt üks aasta ja neid on võimalik analüüsida ka tagantjärele. 
 e. Logitaristu rajamisel pilvteenusena kasutatakse usaldusväärse teenuseandja tehnilisi lahendusi.",IT-juht,
a8061ac42643af5113a031848718cbe9,OPS.1.5,OPS.1.5: Turvasündmuste logimine,3.3,3.3 Standardmeetmed,55acfe4df15e0a9123279a58d463b9f5,OPS.1.5.M9,OPS.1.5.M9 Logiandmete analüüs,"Vastutaja:  IT-juht 
 Elutsükli etapp:  Käitamine 
   
 a. Kasutatav logimisrakendus võimaldab töödeldud logiandmetele analüüsimiseks juurdepääsu. 
 b. Logiandmete töötlus ja analüüsimine toimub kooskõlas logimise eeskirjaga. 
 c. Logiandmete analüüsil arvestatakse organisatsiooni infoturvapoliitikat ja andmetöötluse õiguslikke aluseid. 
 d. Logiandmed säilitatakse algsel kujul. 
 e. Logiandmete automaatse töötluse raames luuakse reeglid tuvastamaks vähemalt logi edastanud komponendi: 
 
 tehniline tõrge või talitlushäire; 
 väärkasutuse katse; 
 süsteemiparameetri kriitiline seisund. 
 
 f. Logimise toimimist ja korrektsust kontrollitakse regulaarselt, logimise eeskirjas määratud sagedusega. 
 g. IT-süsteemide turvasündmuste logid on liidestatud keskse turvateabe ja -sündmuste halduse (ingl  Security Information and Event Management , SIEM) süsteemiga.",IT-juht,
a8061ac42643af5113a031848718cbe9,OPS.1.5,OPS.1.5: Turvasündmuste logimine,3.4,3.4 Kõrgmeetmed,ad80dc7a555b08900506aa196170224a,OPS.1.5.M11,OPS.1.5.M11 Ärikriitiliste IT-süsteemide logimisjõudluse suurendamine,"Vastutaja:  IT-juht 
 Elutsükli etapp:  Käitamine 
 Turvakomponent:  C; I; A 
   
 a. Kesksesse asukohta kogutud logiandmestiku analüüs toimub võimalikult reaalajas. 
 b. Ärikriitiliste IT-süsteemide puhul on laiendatud logitavate sündmuste tüüpe ja hulka. 
 c. Ärikriitiliste IT-süsteemide logiandmeid säilitatakse vähemalt kolm aastat.",IT-juht,
a8061ac42643af5113a031848718cbe9,OPS.1.5,OPS.1.5: Turvasündmuste logimine,3.4,3.4 Kõrgmeetmed,837e7d47e43f9620cc72648b5e327178,OPS.1.5.M12,OPS.1.5.M12 Logiandmete krüpteerimine,"Vastutaja:  IT-juht 
 Elutsükli etapp:  Käitamine 
 Turvakomponent:  C; I 
   
 a. Logiandmed edastatakse tsentraalsesse logitaristusse ainult krüpteeritult. 
 b. Salvestatavad logiandmed signeeritakse digitaalselt. 
 c. Arhiveeritud ja väljaspool logitaristut hoitavad logiandmed on alati krüpteeritud.",IT-juht,
a8061ac42643af5113a031848718cbe9,OPS.1.5,OPS.1.5: Turvasündmuste logimine,3.4,3.4 Kõrgmeetmed,591db30e2e455f6814fd27928d3f4622,OPS.1.5.M13,OPS.1.5.M13 Kõrgkäideldav logimissüsteem,"Vastutaja:  IT-juht 
 Elutsükli etapp:  Kavandamine 
 Turvakomponent:  A 
   
 a. Logitaristu rajamisel on arvestatud kõrgkäideldavuse nõuetega.",IT-juht,
a8061ac42643af5113a031848718cbe9,OPS.1.5,OPS.1.5: Turvasündmuste logimine,3.4,3.4 Kõrgmeetmed,02fc5fb37b6a11c7b7d87b56f8893c8b,OPS.1.5.M14,OPS.1.5.M14 Logide räsiaheldamine,"Vastutaja:  IT-juht 
 Elutsükli etapp:  Käitamine 
 Turvakomponent:  I 
   
 a. Logide tervikluse tagamiseks kasutatakse plokiahela tehnoloogiat (ingl  Blockchain Technology ), mille puhul logikirjete lokaalsed ajatemplid seotakse kronoloogilises järjekorras krüptograafiliselt kaitstud räsiahelasse (ingl  Hash Chain ). 
 b. Logide räsiahel on usaldatavalt seotud ning välistab logiandmete volitamata muutmise. 
 c. Logide räsiahela terviklust kontrollib volitatud töötaja regulaarselt.",IT-juht,
a8061ac42643af5113a031848718cbe9,OPS.1.5,OPS.1.5: Turvasündmuste logimine,3.4,3.4 Kõrgmeetmed,beec32cf0b7b0a0ded00eb7f1e699d0a,OPS.1.5.M15,OPS.1.5.M15 Logiandmete analüüsile spetsialiseerunud töötajad,"Vastutaja:  IT-juht 
 Elutsükli etapp:  Käitamine 
 Turvakomponent:  C; I 
   
 a. Logiandmete analüüsile spetsialiseerunud töötajad on vajaliku kvalifikatsiooniga ja saanud erialast täiendkoolitust.",IT-juht,
3a8ef26940788241fac37c808db0cbae,OPS.1.6,OPS.1.6: Tarkvara testimine ja kasutuselevõtt,3.2,3.2 Põhimeetmed,0b8285c4e6cb3086916e8c6bd2f41140,OPS.1.6.M1,OPS.1.6.M1 Tarkvara testimise kavandamine,"Vastutaja:  IT-juht 
 Elutsükli etapp:  Kavandamine 
   
 a. Kaitsetarbest, tehnilistest võimalustest ja testimiskeskkonnast lähtudes määratakse testimise raamtingimused. 
 b. Testimisel tuginetakse testimise raamtingimustele ja tarkvara spetsifikatsioonile. 
 c. Kirjalikult dokumenteeritud testilood katavad testitava tarkvara kavandatud funktsionaalsuse. 
 d. Testkeskkond seadistatakse käidukeskkonnast täielikult lahutatuks kuid võimalikult sarnaseks. 
 e. Testimise käigus kontrollitakse tarkvara funktsioneerimist kõigis kavandatud kasutuskeskkondades.",IT-juht,
3a8ef26940788241fac37c808db0cbae,OPS.1.6,OPS.1.6: Tarkvara testimine ja kasutuselevõtt,3.2,3.2 Põhimeetmed,e3580cb67c4d5d602a0b478e18c46ecd,OPS.1.6.M2,OPS.1.6.M2 Tarkvara funktsionaaltestimine,"Vastutaja:  IT-juht 
 Elutsükli etapp:  Käitamine 
   
 a. Tarkvara funktsionaaltestimise (ingl  Functional Testing ) käigus veendutakse tarkvara nõuetekohases toimimises. 
 c. Testimistulemuste analüüsi käigus võrreldakse testimisel saadud tegelikke väärtusi oodatavate tulemustega. 
 d. Testimistulemuste analüüsi tulemused dokumenteeritakse.",IT-juht,
3a8ef26940788241fac37c808db0cbae,OPS.1.6,OPS.1.6: Tarkvara testimine ja kasutuselevõtt,3.2,3.2 Põhimeetmed,1c67e43dc4b347e1f6d7a08484f75786,OPS.1.6.M5,OPS.1.6.M5 Mittefunktsionaalsete nõuete rakendatuse kontroll,"Vastutaja:  IT-juht 
 Elutsükli etapp:  Käitamine 
   
 a. Tarkvara jõudlust, kvaliteedinäitajaid ja turvalisust testitakse mittefunktsionaalsete testidega (ingl  Non-Functional Testing ). 
 c. Valitud testilood ja testimise tulemused dokumenteeritakse.",IT-juht,
3a8ef26940788241fac37c808db0cbae,OPS.1.6,OPS.1.6: Tarkvara testimine ja kasutuselevõtt,3.2,3.2 Põhimeetmed,cfa71d5de8bb52a9fdd4651212fc0d8a,OPS.1.6.M11,OPS.1.6.M11 Testandmete anonüümimine,"Vastutaja:  IT-juht 
 Elutsükli etapp:  Käitamine 
   
 a. Tundlike andmete põhjal koostatud tarkvara testandmed on andmete avalikustamise eest piisavalt kaitstud. 
 b. Testandmetes ei kasutata päris isikuandmeid, välja arvatud põhjendatud juhtudel, mil rakendatakse asjakohaseid kaitsemeetmeid, nagu anonüümimine või pseudonüümimine. 
 c. Erisused testandmetes isikuandmete anonüümimise rakendamata jätmisel on kooskõlastatud infoturbejuhiga ja dokumenteeritud.",IT-juht,
3a8ef26940788241fac37c808db0cbae,OPS.1.6,OPS.1.6: Tarkvara testimine ja kasutuselevõtt,3.3,3.3 Standardmeetmed,e6298226534cdc60d4f1a8895d7925fa,OPS.1.6.M4,OPS.1.6.M4 Tarkvara sobivuse kinnitamine,"Vastutaja:  IT-juht 
 Elutsükli etapp:  Käitamine 
   
 a. Enne tarkvara sobilikuks tunnistamist kontrollitakse, kas tarkvara testiti nõuetekohaselt ja kas testimise tulemused vastavad eelnevalt kindlaks määratud tingimustele. 
 b. Pärast edukat tarkvara testimist kinnitatakse tarkvara sobilikuks dokumenteeritud otsusega.",IT-juht,
3a8ef26940788241fac37c808db0cbae,OPS.1.6,OPS.1.6: Tarkvara testimine ja kasutuselevõtt,3.3,3.3 Standardmeetmed,b575e8d2fa36bee45467f03d201e63fc,OPS.1.6.M7,OPS.1.6.M7 Tarkvaratestija valik,"Vastutaja:  IT-juht 
 Elutsükli etapp:  Kavandamine 
   
 a. Tarkvara testija valimisel arvestatakse vajalikku erialast kvalifikatsiooni ning teadmisi kasutatavatest programmeerimiskeeltest, arenduskeskkondadest ja testimismeetoditest. 
 b. Lähtekoodi ülevaatust teevad testijad, kes ei osalenud sama tarkvaramooduli programmeerimisel.",IT-juht,
3a8ef26940788241fac37c808db0cbae,OPS.1.6,OPS.1.6: Tarkvara testimine ja kasutuselevõtt,3.3,3.3 Standardmeetmed,f27dacbdbaf357c0837351607716914d,OPS.1.6.M12,OPS.1.6.M12 Regressioontestimine,"Vastutaja:  IT-juht 
 Elutsükli etapp:  Käitamine 
   
 a. Pärast tarkvara muutmist viiakse tarkvara ühilduvuse kontrollimiseks ja võimalike uute vigade avastamiseks läbi muudatuse mõju ulatusele vastav regressioontestimine (ingl  Regression Test ). 
 b. Valitud testimisjuhtumid ja testimistulemused dokumenteeritakse. Testimisjuhtumite väljajätmist põhjendatakse kirjalikult.",IT-juht,
735d65abaa996bc80a90ba0d35a86920,OPS.1.4,OPS.1.4: Andmete digitaalne arhiveerimine,3.2,3.2 Põhimeetmed,432961f5a693b1858211cfab62b21c50,OPS.1.4.M1,OPS.1.4.M1 Elektroonilise arhiveerimise mõjurite väljaselgitamine,"Vastutaja:  Infoturbejuht 
 Elutsükli etapp:  Kavandamine 
   
 a. Enne arhiveerimiseeskirja koostamist on välja selgitatud võimalikud tehnilised mõjurid, sealhulgas: 
 
 IT-keskkond; 
 turvamehhanismid; 
 oodatavad andmemahud ja reaktsiooniajad; 
 failivormingud; 
 muudatuste mahud ja põlvkondade arv; 
 ressursitarve. 
 
 b. On välja selgitatud elektroonilise arhiveerimise õiguslikud ja korralduslikud mõjurid, sealhulgas: 
 
 arhiveerimise õiguslikud alused; 
 minimaalsed ja maksimaalsed säilitusajad; 
 pääsuõigused; 
 pöörduste sagedus; 
 liidestused; 
 ergonoomika.",IT-juht,
735d65abaa996bc80a90ba0d35a86920,OPS.1.4,OPS.1.4: Andmete digitaalne arhiveerimine,3.2,3.2 Põhimeetmed,a86204ecb32f16298db846207665be81,OPS.1.4.M2,OPS.1.4.M2 Arhiveerimiskorra väljatöötamine,"Vastutaja:  IT-juht 
 Elutsükli etapp:  Kavandamine 
   
 a. On välja töötatud arhiveerimiskord, mis kirjeldab, milliseid juhendeid on vaja järgida, kes on vastutajad, milliseid andmeid ja millisel kujul tuleb arhiveerida ning millised on vajalikud turvameetmed. 
 e. Arhiveerimiskord arvestab elektroonilise arhiveerimise konfidentsiaalsus-, terviklus-, käideldavus- ja autentsusnõuded. 
 f. Arhiveerimiskord sisaldab asjakohaste IT-süsteemide varundus- ja taasteprotseduure.",IT-juht,
735d65abaa996bc80a90ba0d35a86920,OPS.1.4,OPS.1.4: Andmete digitaalne arhiveerimine,3.2,3.2 Põhimeetmed,dda6aca8b4c0e9f78bb87f9b04005418,OPS.1.4.M5,OPS.1.4.M5 Arhiveeritavate andmestike kasutatavuse tagamine,"Vastutaja:  IT-juht 
 Elutsükli etapp:  Käitamine 
   
 a. Kogu arhiveerimisperioodi jooksul on tagatud kasutatud andmevormingute ja salvestuskandjate failisüsteemide tugi ja kasutatavus. 
 b. Arhiveeritud andmed on tehniliste raskusteta taasesitatavad ja tõendusjõulised. 
 c. Krüpteerimiseks ja tõendusväärtuse säilitamiseks kasutatavad krüptomehhanismid vastavad hetkel nõutavale tasemele. 
 d. Salvestatud andmed on vajadusel võimalik teisendada kehtivasse andmevormingusse või migreerida uutele salvestuskandjatele, IT-riistvarasse või IT-tarkvarasse.",IT-juht,
735d65abaa996bc80a90ba0d35a86920,OPS.1.4,OPS.1.4: Andmete digitaalne arhiveerimine,3.2,3.2 Põhimeetmed,cabb44ed4351077cc22a94cc4c7113f6,OPS.1.4.M9,OPS.1.4.M9 Arhiveerimiseks sobivad andmevormingud,"Vastutaja:  IT-juht 
 Elutsükli etapp:  Käitamine 
   
 a. Andmete arhiveerimisel kasutatakse andmevorminguid, mille süntaks ja semantika on üldtuntud. 
 c. Valitud andmevormingud võimaldavad reprodutseerida arhiveeritud materjali tõetruul algkujul. 
 g. Kasutatud andmevormingud on kooskõlas kehtivate nõuetega (vt Vabariigi Valitsuse määrus nr 181).",IT-juht,
735d65abaa996bc80a90ba0d35a86920,OPS.1.4,OPS.1.4: Andmete digitaalne arhiveerimine,3.3,3.3 Standardmeetmed,0d6684217f2eb9bf48e4fd0211990f45,OPS.1.4.M13,OPS.1.4.M13 Arhiveerimisprotsessi regulaarne läbivaatus,"Vastutaja:  IT-juht 
 Elutsükli etapp:  Käitamine 
   
 a. Arhiveerimisprotsessi õigsust ja nõuetekohasust kontrollitakse regulaarselt. 
 c. Läbivaatuse käigus tuvastatud kõrvalekallete ja nõrkustega tegeletakse esimesel võimalusel.",IT-juht,
735d65abaa996bc80a90ba0d35a86920,OPS.1.4,OPS.1.4: Andmete digitaalne arhiveerimine,3.3,3.3 Standardmeetmed,9622c8b8195a7fd8e7c15a59597d5780,OPS.1.4.M14,OPS.1.4.M14 Arhiveerimissüsteemi pikaealisuse tagamine,"Vastutaja:  IT-juht 
 Elutsükli etapp:  Käitamine 
   
 a. Arhiivisüsteemide arengute jälgimisel pööratakse tähelepanu järgmistele aspektidele: 
 
 kasutatavate andmevormingute muutumine; 
 kavandatud muudatused kasutusel oleva süsteemi funktsionaalsuses; 
 teated kasutuses oleva süsteemi turvanõrkustest; 
 teated krüptoalgoritmide kaitsevõime vähenemise ohust. 
 
 b. On määratud vähemalt üks töötaja, kes jälgib regulaarselt arhiveerimistehnoloogiate arengut ja vajadusel algatab parendustegevusi.",IT-juht,
735d65abaa996bc80a90ba0d35a86920,OPS.1.4,OPS.1.4: Andmete digitaalne arhiveerimine,3.3,3.3 Standardmeetmed,accb9518511d3d04dd8857da30f9fe8d,OPS.1.4.M15,OPS.1.4.M15 Krüptomehhanismide ajakohastus arhiveerimisel,"Vastutaja:  IT-juht 
 Elutsükli etapp:  Käitamine 
   
 a. Regulaarselt kontrollitakse krüptoalgoritmide, -võtmete, -toodete ja -protseduuride ajakohasust ja vastavust kehtivatele standarditele. 
 b. On kehtestatud protseduur krüptomehhanismi nõrgenemise puhuks (nt krüpteeritakse nõrgenenud krüptomehhanismiga arhiiviandmed uuesti, kasutades turvalisemat krüptoalgoritmi).",IT-juht,
735d65abaa996bc80a90ba0d35a86920,OPS.1.4,OPS.1.4: Andmete digitaalne arhiveerimine,3.3,3.3 Standardmeetmed,1f6e78ce8c0795c94f1df0f88c171f58,OPS.1.4.M18,OPS.1.4.M18 Sobiva arhiivimeediumi valik,"Vastutaja:  IT-juht 
 Elutsükli etapp:  Kavandamine 
   
 a. Arhiivimeediumite valimisel arvestatakse arhiivimeediumi vastavust nõutavale andmemahule, maksimaalsele lubatud pöördusajale ja samaaegsete pöördumiste arvule. 
 b. Arhiivimeediumi eeldatav tööiga võimaldab andmete arhiveerimist nõutud säilitusaja jooksul.",IT-juht,
735d65abaa996bc80a90ba0d35a86920,OPS.1.4,OPS.1.4: Andmete digitaalne arhiveerimine,3.3,3.3 Standardmeetmed,4ce611bc77036f5f78c351b734b00cac,OPS.1.4.M19,OPS.1.4.M19 Arhiveerimise ja taaste regulaarne kontroll,"Vastutaja:  IT-juht 
 Elutsükli etapp:  Käitamine 
   
 a. Arhiveerimisprotsessi toimimist ja arhiivisüsteemi riistvarakomponentide töövõimet kontrollitakse regulaarselt. 
 b. Arhiveeritud andmete taastamist testitakse vähemalt kord aastas. 
 d. Tõrgete ilmnemisel teavitatakse määratud töötajaid automaatselt. 
 e. Avastatud tõrgete käsitluseks on kehtestatud protseduur.",IT-juht,
735d65abaa996bc80a90ba0d35a86920,OPS.1.4,OPS.1.4: Andmete digitaalne arhiveerimine,3.4,3.4 Kõrgmeetmed,f99e24f30c73d486ea8c21427bdecacf,OPS.1.4.M20,OPS.1.4.M20 Krüptoprotseduuride dubleerimine,"Vastutaja:  IT-juht 
 Elutsükli etapp:  Käitamine 
 Turvakomponent:  C; I 
   
 a. Arhiiviandmete pikaajaliseks säilitamiseks kasutatakse üksnes kehtivate standardite ja normide kohaseid krüptoprotseduure. 
 b. Arhiveeritavaid andmeid töödeldakse paralleelselt vähemalt kahe erineva krüptoprotseduuriga, et tagada andmete konfidentsiaalsus ja terviklus kogu säilitustähtaja jooksul ka tehnoloogia vananemise tingimustes.",IT-juht,
735d65abaa996bc80a90ba0d35a86920,OPS.1.4,OPS.1.4: Andmete digitaalne arhiveerimine,3.4,3.4 Kõrgmeetmed,a2129fba329ae91a48f3c93572df7db6,OPS.1.4.M21,OPS.1.4.M21 Dokumentide digiteerimine,"Vastutaja:  IT-juht 
 Elutsükli etapp:  Käitamine 
 Turvakomponent:  C; I 
   
 a. Paberdokumentide digiteerimiseks on määratud rollid ja kohustused. 
 b. Digiteerimise väljasttellimisel on teenuslepingus määratud kohustuslikud turvanõuded. 
 c. On koostatud protseduur dokumentide digiteerimiseks ettevalmistamiseks. 
 d. Paberdokumentide elektrooniline kuju vastab sisult ja esitusvormilt originaalile.",IT-juht,
ddd109f84775f665de076fabb2d1dedb,OPS.1.9,OPS.1.9: Kaitse kahjurprogrammide eest,3.2,3.2 Põhimeetmed,f8d4c55ea31682123b8914a59575a952,OPS.1.9.M1,OPS.1.9.M1 Kahjurprogrammide tõrje põhimõtted,"Vastutaja:  IT-juht 
 Elutsükli etapp:  Kavandamine 
   
 a. Kahjurprogrammide tõrje põhimõtted on kirjeldatud infoturvapoliitikas. 
 b. IT-süsteemi ei võeta kasutusele enne kui seda on võimalik kahjurvara eest usaldatavalt kaitsta.",IT-juht,
ddd109f84775f665de076fabb2d1dedb,OPS.1.9,OPS.1.9: Kaitse kahjurprogrammide eest,3.2,3.2 Põhimeetmed,a01767daa503934394be89fab170a7ad,OPS.1.9.M2,OPS.1.9.M2 Süsteemikohaste turvamehhanismide kasutamine,"Vastutaja:  IT-juht 
 Elutsükli etapp:  Käitamine 
   
 a. On dokumenteeritud, millised turvamehhanismid on kasutatavatesse IT-süsteemidesse lisatud. 
 b. Kõik IT-süsteemi asjakohased turvamehhanismid on kasutusele võetud. 
 c. Turvamehhanismide teadliku mitterakendamise juhud dokumenteeritakse koos asjakohase põhjendusega.",IT-juht,
ddd109f84775f665de076fabb2d1dedb,OPS.1.9,OPS.1.9: Kaitse kahjurprogrammide eest,3.2,3.2 Põhimeetmed,43c3ac2b9463ca28db738195596a8598,OPS.1.9.M3,OPS.1.9.M3 Kahjurprogrammide tõrje tarkvara valimine,"Vastutaja:  IT-juht 
 Elutsükli etapp:  Kavandamine 
   
 a. Kahjurprogrammide tõrje tarkvara valimisel arvestatakse: 
 
 andmekaitse- ja konfidentsiaalsusnõudeid; 
 kasutatavaid platvorme; 
 olemasolevaid turvamehhanisme; 
 tarkvara avastusvõimet.",IT-juht,
ddd109f84775f665de076fabb2d1dedb,OPS.1.9,OPS.1.9: Kaitse kahjurprogrammide eest,3.2,3.2 Põhimeetmed,ac4fabb5a72a87ee545b4225c3fb9e5c,OPS.1.9.M6,OPS.1.9.M6 Kahjurprogrammide tunnuste andmestiku ajakohastamine,"Vastutaja:  IT-juht 
 Elutsükli etapp:  Käitamine 
   
 a. Kahjurprogrammide tõrje tarkvara andmestikke uuendatakse regulaarselt, vastavalt tarkvara valmistaja soovitustele. 
 b. Kahjurprogrammide tõrje tarkvara funktsionaalsuse muutumise korral tutvutakse muudatuste dokumentatsiooniga ning vajadusel muudetakse tarkvara konfiguratsiooni.",IT-juht,
ddd109f84775f665de076fabb2d1dedb,OPS.1.9,OPS.1.9: Kaitse kahjurprogrammide eest,3.2,3.2 Põhimeetmed,83ab32a773c817b5400aee2760105161,OPS.1.9.M10,OPS.1.9.M10 Spetsiaalse analüüsikeskkonna kasutamine,"Vastutaja:  IT-juht 
 Elutsükli etapp:  Käitamine 
   
 a. Nakatuskahtlusega failide automatiseeritud analüüsiks kasutatakse tunnustatud kahjurprogrammide kontrolli tööriistu. 
 b. Eesti riigiasutuste andmesidevõrgu kasutajad ja erasektori koostööpartnerid kasutavad e-kirjaga saabunud kahtlaste manuste ja teiste ebakindla päritoluga failide kontrollimiseks töövahendit aadressil:  https://irma.cert.ee/ .",IT-juht,
ddd109f84775f665de076fabb2d1dedb,OPS.1.9,OPS.1.9: Kaitse kahjurprogrammide eest,3.3,3.3 Standardmeetmed,25455e2815eaf70761eb9ca59543d198,OPS.1.9.M9,OPS.1.9.M9 Kahjurprogrammi avastamisest teatamine,"Vastutaja:  IT-juht 
 Elutsükli etapp:  Käitamine 
   
 a. Kahjurprogrammi avastamisel edastab kahjurvaratõrje rakendus sündmusest teate kesksesse käsitluskohta ja blokeerib nakatatud programmi. 
 c. On loodud protseduur kahjurvaratõrje rakenduse sündmuseteadete ja hoiatuste käsitluseks. 
 d. On dokumenteeritud ja testitud tegevuskava kahjurprogrammide eemaldamiseks ja avastamisele eelnenud olukorra taastamiseks.",IT-juht,
ddd109f84775f665de076fabb2d1dedb,OPS.1.9,OPS.1.9: Kaitse kahjurprogrammide eest,3.3,3.3 Standardmeetmed,93f7628d67d27422e108dd51fb1d667e,OPS.1.9.M12,OPS.1.9.M12 Andmekandjate kontrollimine enne kasutamist,"Vastutaja:  IT-juht 
 Elutsükli etapp:  Käitamine 
 Turvakomponent:  C; I; A 
   
 a. Enne väliselt osapoolelt saadud andmekandja ühendamist organisatsiooni IT-süsteemiga kontrollitakse andmekandjat selleks otstarbeks konfigureeritud arvutil.",IT-juht,
ddd109f84775f665de076fabb2d1dedb,OPS.1.9,OPS.1.9: Kaitse kahjurprogrammide eest,3.4,3.4 Kõrgmeetmed,3589b35992a90863cfa54fa6d22c85b9,OPS.1.9.M11,OPS.1.9.M11 Mitme skaneerimismootori rakendamine,"Vastutaja:  IT-juht 
 Elutsükli etapp:  Käitamine 
 Turvakomponent:  C; I; A 
   
 a. IT-süsteemides on avastusvõime tõstmiseks rakendatud erinevaid skaneerimismootoreid kasutavad kahjurvaratõrje vahendid.",IT-juht,
ddd109f84775f665de076fabb2d1dedb,OPS.1.9,OPS.1.9: Kaitse kahjurprogrammide eest,3.4,3.4 Kõrgmeetmed,9183d7e2239acf0f80d732587607f856,OPS.1.9.M13,OPS.1.9.M13 Ebausaldusväärsete failide käitlus,"Vastutaja:  IT-juht 
 Elutsükli etapp:  Käitamine 
 Turvakomponent:  C; I; A 
   
 a. Ebausaldusväärseid faile avatakse ainult selleks otstarbeks konfigureeritud, teistest IT-süsteemidest isoleeritud tööjaamas. 
 b. Kahtlaste failide sisu viiakse edasiseks töötluseks turvalisse vormingusse.",IT-juht,
ddd109f84775f665de076fabb2d1dedb,OPS.1.9,OPS.1.9: Kaitse kahjurprogrammide eest,3.4,3.4 Kõrgmeetmed,ec8dd4ea334bf62279c40e554b72a7c4,OPS.1.9.M14,OPS.1.9.M14 Infoturbe toodete valimine ja kasutuselevõtt sihtrünnete tõrjeks,"Vastutaja:  IT-juht 
 Elutsükli etapp:  Käitamine 
 Turvakomponent:  C; I; A 
   
 a. Küberrünnete tõrjumiseks on kasutusel arvutivõrgus toimuva andmeside analüüsil põhinev anomaalset võrguliiklust tõkestav tehniline lahendus. 
 b. Enne võrguliikluse analüüsi ja ründetuvastussüsteemi (ingl  Network Detection and Response , NDR) või laiemat käsitlust pakkuva süsteemi (ingl  eXtended Detection and Response , XDR) kasutamiseks kinnitamist testitakse valitud toote turvatoimet ja ühilduvust ettevalmistatud testkeskkonnas.",IT-juht,
136ffe65f07d770b90fafbff1eabc7d7,OPS.1.10,OPS.1.10: Turvanõrkuste haldus,3.2,3.2 Põhimeetmed,39e7b951daa2f17d7fcd47b336b63b12,OPS.1.10.M1,OPS.1.10.M1 IT-komponentide turvanõrkuste haldus,"Vastutaja:  Infoturbejuht 
 Elutsükli etapp:  Käitamine 
 Turvakomponent:  C; I; A 
   
 a. IT-komponentide turvanõrkuste haldus on osa IT-halduse protsessist. 
 b. Kasutusel on IT-komponentide turvanõrkuste seire töövahendid. 
 c. Teadaolevate turvanõrkuste leevendamiseks paigaldatakse tarkvara turvauuendid esimesel võimalusel. 
 d. Teadaoleva, kuid tootja poolt parandamata turvanõrkuse korral kasutatakse IT-süsteemi kaitseks täiendavaid turvameetmeid. 
 e. IT-komponentide turvanõrkuste kontrolli tulemusi käsitletakse konfidentsiaalsena.",Infoturbejuht,
136ffe65f07d770b90fafbff1eabc7d7,OPS.1.10,OPS.1.10: Turvanõrkuste haldus,3.2,3.2 Põhimeetmed,56101c902b1ff344dd2ca1e36958071f,OPS.1.10.M3,OPS.1.10.M3 Võrgukomponendi turvanõrkuste regulaarne kontroll,"Vastutaja:  Infoturbejuht 
 Elutsükli etapp:  Käitamine 
   
 a. Teadaolevate turvaprobleemide suhtes kontrollitakse arvutivõrku ühendatud võrgukomponente regulaarselt. 
 b. Võrgukomponendi turvakontrolli käigus kontrollitakse, kas võrgukomponendi seadistus vastab turvajuhendis kirjeldatud turvalisele baaskonfiguratsioonile.",Infoturbejuht,
136ffe65f07d770b90fafbff1eabc7d7,OPS.1.10,OPS.1.10: Turvanõrkuste haldus,3.2,3.2 Põhimeetmed,d6d378c9d5367244f5e4bb3ebb2a095b,OPS.1.10.M4,OPS.1.10.M4 Serverteenuste turvanõrkuste regulaarne kontroll,"Vastutaja:  Infoturbejuht 
 Elutsükli etapp:  Käitamine 
   
 a. Võrgurünnete ennetamiseks ja varajaseks avastamiseks kontrollitakse kõiki serverteenuseid tuntud turvanõrkuste vastu vähemalt kord kuus.",Infoturbejuht,
136ffe65f07d770b90fafbff1eabc7d7,OPS.1.10,OPS.1.10: Turvanõrkuste haldus,3.3,3.3 Standardmeetmed,4a6e3b3c1a0148a27cef0d45d411c08b,OPS.1.10.M5,OPS.1.10.M5 Turvanõrkuste ärakasutamise tõkestamine,"Vastutaja:  Infoturbejuht 
 Elutsükli etapp:  Käitamine 
   
 a. Serveriteenustele on rakendatud meetmed teadaolevate turvanõrkuste ärakasutamise tõkestamiseks. 
 b. Võrgukomponentidele on rakendatud meetmed teadaolevate turvanõrkuste ärakasutamise tõkestamiseks. 
 c. Lõppkasutaja seadmetele on rakendatud meetmed teadaolevate turvanõrkuste ärakasutamise tõkestamiseks.",Infoturbejuht,
136ffe65f07d770b90fafbff1eabc7d7,OPS.1.10,OPS.1.10: Turvanõrkuste haldus,3.3,3.3 Standardmeetmed,1f444dc027dd425d069f18df57076e9a,OPS.1.10.M6,OPS.1.10.M6 IT-komponentide automatiseeritud turvatestimine,"Vastutaja:  Infoturbejuht 
 Elutsükli etapp:  Käitamine 
 Turvakomponent:  C; I; A 
   
 a. Turvanõrkuste avastamiseks testitakse IT-komponente regulaarselt automatiseeritud töövahenditega. 
 b. Nõrkuseotsingu (ingl  Vulnerability Scanning ) tulemused logitakse tsentraalselt. 
 c. Kriitilise turvanõrkuse avastamisel teavitatakse IT-komponendi haldurit ja infoturbejuhti.",Infoturbejuht,
136ffe65f07d770b90fafbff1eabc7d7,OPS.1.10,OPS.1.10: Turvanõrkuste haldus,3.3,3.3 Standardmeetmed,abaad1c9dfb4d9f1776c60ae96ddc146,OPS.1.10.M11,OPS.1.10.M11 IT-komponentide läbistustestimise kord,"Vastutaja:  Infoturbejuht 
 Elutsükli etapp:  Kavandamine 
 Turvakomponent:  C; I; A 
   
 a. Organisatsioonis on kehtestatud turvatestimise kord, mille alusel viiakse läbi IT-komponentide regulaarset või riskipõhist läbistustestimist (ingl  penetration testing ). 
 b. Läbistustesti tulemused dokumenteeritakse ning tuvastatud puudustega tegeletakse esimesel võimalusel.",Infoturbejuht,
136ffe65f07d770b90fafbff1eabc7d7,OPS.1.10,OPS.1.10: Turvanõrkuste haldus,3.3,3.3 Standardmeetmed,dfc829753410f0773de89789a6b6d336,OPS.1.10.M12,OPS.1.10.M12 Veebirakenduse läbistustestimine,"Vastutaja:  Infoturbejuht 
 Elutsükli etapp:  Käitamine 
   
 a. Veebirakenduse turvalisust kontrollitakse regulaarselt OWASP ASVS nõuete alusel.",Infoturbejuht,
136ffe65f07d770b90fafbff1eabc7d7,OPS.1.10,OPS.1.10: Turvanõrkuste haldus,3.3,3.3 Standardmeetmed,d80117cc9d8f29887b6e3792ceba3adf,OPS.1.10.M13,OPS.1.10.M13 Tarkvararakenduste turvatestimine,"Vastutaja:  Infoturbejuht 
 Elutsükli etapp:  Käitamine 
   
 a. On koostatud tarkvara läbistustestimise juhend, mis määrab testimismeetodid ja tulemuskriteeriumid. 
 b. Läbiviidud läbistustestimised vastavad läbistustestimise juhendile. 
 c. Läbistustestimise käigus tuvastatud haavatavused kategoriseeritakse ning dokumenteeritakse. 
 d. Tuvastatud olulised haavatavused kõrvaldatakse esimesel võimalusel, enne tarkvara kasutuselevõttu.",Infoturbejuht,
136ffe65f07d770b90fafbff1eabc7d7,OPS.1.10,OPS.1.10: Turvanõrkuste haldus,3.3,3.3 Standardmeetmed,dfc47bcbcae0ea802e1fee3c84d4a229,OPS.1.10.M16,OPS.1.10.M16 E-posti serverite mustade nimekirjade seire,"Vastutaja:  Infoturbejuht 
 Elutsükli etapp:  Käitamine 
 Turvakomponent:  A 
   
 a. Regulaarselt jälgitakse, kas organisatsiooni e-posti serverite IP-aadresse või domeene ei ole lisatud avalikesse või laialt kasutatavatesse spämmilevitamise kahtlusega serverite mustadesse nimekirjadesse (ingl  blacklist ). 
 b. Mustadesse nimekirjadesse lisamise tuvastamisel rakendatakse viivitamata asjakohaseid meetmeid põhjuse väljaselgitamiseks ja olukorra lahendamiseks.",Infoturbejuht,
136ffe65f07d770b90fafbff1eabc7d7,OPS.1.10,OPS.1.10: Turvanõrkuste haldus,3.4,3.4 Kõrgmeetmed,fe7faee79b2a618e79af727e5518ab8b,OPS.1.10.M15,OPS.1.10.M15 Regulaarne turbeseisundi kontroll,"Vastutaja:  Infoturbejuht 
 Elutsükli etapp:  Käitamine 
 Turvakomponent:  C; I; A 
   
 a. Organisatsiooni tegevuste vastavust infoturbe poliitikatele kontrollitakse regulaarselt. 
 b. Ülevaatuse käigus kontrollitakse infoturbe dokumentatsiooni vastavust infoturbe poliitikatele ja parimatele praktikatele. 
 c. Ülevaatuse käigus hinnatakse, kas olemasolev IT-taristu on turvaline ja jätkusuutlik.",Infoturbejuht,
a0f858c7d057c7dcd58dcd51709bd1d0,OPS.1.7,OPS.1.7: Arvutikellade sünkroniseerimine,3.2,3.2 Põhimeetmed,e5ae38db6291c2cb491dfcbd50d869a6,OPS.1.7.M1,OPS.1.7.M1 Väliste NTP-serverite turvaline kasutamine,"Vastutaja:  IT-juht 
 Elutsükli etapp:  Kavandamine 
   
 a. Enne välise NTP-serveri kasutuselevõttu analüüsitakse teenuseandja usaldusväärsust ja NTP-serveri töökindlust. 
 b. IT-süsteemide kellade sünkroniseerimisel väljastpoolt kohtvõrku on lubatud kasutada ainult usaldusväärseid NTP-servereid. 
 c. Välise NTP-serveri kasutamisel järgitakse NTP-serveri operaatori kehtestatud kasutustingimusi.",IT-juht,
a0f858c7d057c7dcd58dcd51709bd1d0,OPS.1.7,OPS.1.7: Arvutikellade sünkroniseerimine,3.2,3.2 Põhimeetmed,4004925eb8d769c93f8711a34b04baf8,OPS.1.7.M2,OPS.1.7.M2 Soovimatute ajateabe allikate keelamine,"Vastutaja:  IT-juht 
 Elutsükli etapp:  Käitamine 
   
 a. NTP-klientide seadistustes on IT-süsteemide kellade sünkroniseerimine võimaldatud vaid lubatud ajateabe allikatega, muud ajateabe allikad on seadistustes blokeeritud.",IT-juht,
a0f858c7d057c7dcd58dcd51709bd1d0,OPS.1.7,OPS.1.7: Arvutikellade sünkroniseerimine,3.2,3.2 Põhimeetmed,88831ad2a99caaa594decd5586bf5d74,OPS.1.7.M4,OPS.1.7.M4 Turvalise protokolli kasutamine kellade sünkroniseerimisel,"Vastutaja:  IT-juht 
 Elutsükli etapp:  Käitamine 
   
 a. IT-süsteemide kellade sünkroniseerimisel kasutatakse ajakohaseid ja manipuleerimise eest kaitstud andmevahetusprotokolle.",IT-juht,
a0f858c7d057c7dcd58dcd51709bd1d0,OPS.1.7,OPS.1.7: Arvutikellade sünkroniseerimine,3.3,3.3 Standardmeetmed,6ff93b76340715e13ea8ffbad4c2a7d6,OPS.1.7.M3,OPS.1.7.M3 NTP-klientide turvaline konfigureerimine,"Vastutaja:  IT-juht 
 Elutsükli etapp:  Käitamine 
   
 a. On üheselt määratud ja konfigureeritud, millisest allikast võtab IT-süsteem ajateavet IT-süsteemi käivitusel ja taaskäivitusel ning pärast NTP-teenuse taaskäivitust. 
 b. On määratud, kuidas NTP-kliendid reageerivad oodatust oluliselt erinevale ajateabele, vääralt vastuvõetud ajateavet ignoreeritakse.",IT-juht,
a0f858c7d057c7dcd58dcd51709bd1d0,OPS.1.7,OPS.1.7: Arvutikellade sünkroniseerimine,3.4,3.4 Kõrgmeetmed,9ab311aac35e0270b10df98b46736635,OPS.1.7.M5,OPS.1.7.M5 Ainult võrgusiseste NTP-serverite kasutamine,"Vastutaja:  IT-juht 
 Elutsükli etapp:  Käitamine 
 Turvakomponent:  I 
   
 a. Sisevõrku ühendatud IT-süsteemid (NTP-kliendid) kasutavad oma kellade sünkroniseerimiseks eranditult võrgusiseseid NTP-servereid.",IT-juht,
a0f858c7d057c7dcd58dcd51709bd1d0,OPS.1.7,OPS.1.7: Arvutikellade sünkroniseerimine,3.4,3.4 Kõrgmeetmed,cd0e258f75f1a954282f8ffab235d7af,OPS.1.7.M6,OPS.1.7.M6 NTP-serverite liiasuse tagamine,"Vastutaja:  IT-juht 
 Elutsükli etapp:  Käitamine 
 Turvakomponent:  A 
   
 a. Kõrget ajalist täpsust nõudvate protsessidega organisatsiooni IT-süsteemid hangivad ajateavet mitmelt sõltumatult ja töökindlalt NTP-serverilt.",IT-juht,
a0f858c7d057c7dcd58dcd51709bd1d0,OPS.1.7,OPS.1.7: Arvutikellade sünkroniseerimine,3.4,3.4 Kõrgmeetmed,fe3ce880f186b0ea9d0a5f282968a7bc,OPS.1.7.M7,OPS.1.7.M7 NTP klient-server suhtluse turvamine,"Vastutaja:  IT-juht 
 Elutsükli etapp:  Käitamine 
 Turvakomponent:  I 
   
 a. NTP-klient aktsepteerib ajateavet ainult eelnevalt määratud usaldusväärsetelt serveritelt ning rakendab allika autentsuse kontrolli.",IT-juht,
342352b76aef2f83f0fae2f1b7189bd5,OPS.1.8,OPS.1.8: IT-süsteemide kaughooldus,3.2,3.2 Põhimeetmed,a235bd0fee6282b7aa62986231b7bf7c,OPS.1.8.M1,OPS.1.8.M1 Kaughoolduse turvaline rakendamine,"Vastutaja:  Infoturbejuht 
 Elutsükli etapp:  Kavandamine 
   
 a. Kaughoolduse kavandamisel on arvestatud organisatsiooni vajadusi ja kaughoolduse tehnilisi ning korralduslikke aspekte. 
 b. Kaughoolduse rakendamisvajadus otsustatakse IT-süsteemi põhiselt.",IT-juht,
342352b76aef2f83f0fae2f1b7189bd5,OPS.1.8,OPS.1.8: IT-süsteemide kaughooldus,3.2,3.2 Põhimeetmed,5599bbd631b5d166bba523ad90141e22,OPS.1.8.M3,OPS.1.8.M3 Sideühenduste turve kaughooldusel,"Vastutaja:  IT-juht 
 Elutsükli etapp:  Käitamine 
   
 a. Pääsuõigused ja sideühenduste loomise võimalused on piiratud minimaalsuse põhimõtte alusel. 
 b. Kaughoolduseks kasutatakse ajakohaseid ja turvaliseks loetud krüpteeringuga sideühendusi. 
 c. Pärast kaugpääsu kasutamise lõpetamist suletakse kõik kasutatud sideühendused. 
 d. Kaughoolduseks kasutatavad töövahendid paigaldatakse ainult tööjaamadesse, mida kasutatakse kaughoolduseks. 
 f. Kaughoolduse algataja autenditakse turvaliselt.",IT-juht,
342352b76aef2f83f0fae2f1b7189bd5,OPS.1.8,OPS.1.8: IT-süsteemide kaughooldus,3.2,3.2 Põhimeetmed,da4bff3b81a546d9401643c853856642,OPS.1.8.M6,OPS.1.8.M6 Kaughoolduse turvalise rakendamise põhimõtted,"Vastutaja:  IT-juht 
 Elutsükli etapp:  Kavandamine 
   
 a. Kaughoolduse nõuded on dokumenteeritud infoturvapoliitikas. 
 b. Kaughoolduse põhimõtetega on tutvunud kõik asjakohased osapooled. 
 c. Kaughoolduse turvalise rakendamise põhimõtete järgimist kontrollitakse regulaarselt.",IT-juht,
342352b76aef2f83f0fae2f1b7189bd5,OPS.1.8,OPS.1.8: IT-süsteemide kaughooldus,3.2,3.2 Põhimeetmed,761717f02663405f794455741b184e24,OPS.1.8.M13,OPS.1.8.M13 Integreeritud kaughooldusfunktsioonide turve,"Vastutaja:  IT-juht 
 Elutsükli etapp:  Käitamine 
   
 a. IT-süsteemide hankimisel hinnatakse integreeritud kaughooldusfunktsioonide võimalusi ja turvalisust. 
 b. Juhul kui IT-süsteemidesse integreeritud kaughooldusfunktsioone ei kasutata on need deaktiveeritud. 
 c. IT-süsteemi komponentidele, mille kaughooldus on realiseeritud püsivara tasemel, on juurdepääs ainult eraldiseisvast haldusvõrgust.",IT-juht,
342352b76aef2f83f0fae2f1b7189bd5,OPS.1.8,OPS.1.8: IT-süsteemide kaughooldus,3.3,3.3 Standardmeetmed,dc1bd7f01ea9f8fd91dde9d8704a00e1,OPS.1.8.M11,OPS.1.8.M11 Kaughoolduse turvaline läbiviimine,"Vastutaja:  IT-juht 
 Elutsükli etapp:  Käitamine 
   
 a. Kaughooldust teostatakse eelneva teavituse ja kinnituse alusel. 
 b. Kaughoolduspääs antakse ainult alles pärast tulemuslikku autentimist. 
 c. Kaughooldajal puudub ligipääs IT-süsteemidele, mida hoolduseks vaja ei ole. 
 d. Kaughooldus on võimaldatud ainult läbi spetsiaalse haldusvõrgu. 
 e. Kaughooldusseansid logitakse ning kõrgendatud riskiga juhtudel salvestatakse.",IT-juht,
342352b76aef2f83f0fae2f1b7189bd5,OPS.1.8,OPS.1.8: IT-süsteemide kaughooldus,3.3,3.3 Standardmeetmed,d6db0a8d3110a9fe298c32e99a28e892,OPS.1.8.M15,OPS.1.8.M15 Väljaspoolt haldusvõrku tehtava kaughoolduse piiramine,"Vastutaja:  IT-juht 
 Elutsükli etapp:  Käitamine 
   
 b. Kaughoolduse teostamine väljaspool haldusvõrku asuvast klientseadmest on lubatud ainult läbi haldusvõrgus asuva hüppeserveri (ingl  Jump Server ). 
 c. Hüppeserveri juurdepääs on lubatud ainult vastava vajadusega klientseadmetele.",IT-juht,
342352b76aef2f83f0fae2f1b7189bd5,OPS.1.8,OPS.1.8: IT-süsteemide kaughooldus,3.4,3.4 Kõrgmeetmed,0ba3becf9dd9e3355ae94915382a8a2f,OPS.1.8.M12,OPS.1.8.M12 Kaughoolduse sidevõrkude liiasus,"Vastutaja:  IT-juht 
 Elutsükli etapp:  Kavandamine 
 Turvakomponent:  A 
   
 a. Kaughoolduse teostamiseks avariiolukorras on võimalik IT-süsteemile juurdepääsuks kasutada varusidekanalit.",IT-juht,
342352b76aef2f83f0fae2f1b7189bd5,OPS.1.8,OPS.1.8: IT-süsteemide kaughooldus,3.4,3.4 Kõrgmeetmed,e7afe08072135b595edb4403757799ee,OPS.1.8.M14,OPS.1.8.M14 Kaughoolduskliendi turvaline seadistus,"Vastutaja:  IT-juht 
 Elutsükli etapp:  Käitamine 
 Turvakomponent:  C; I 
   
 a. Kaughoolduseks kasutatakse ainult kaughoolduse teostamiseks ettevalmistatud töövahendeid. 
 b. Kaughoolduse klientseadmesse paigaldatud kaughooldustöövahendite kõik funktsioonid ja komponendid, mis ei ole hooldustööde läbiviimiseks vajalikud, on desaktiveeritud. 
 c. Kaughooldustöövahendid ja klientseadmed, milles neid kasutatakse, on turvaliselt konfigureeritud ja seadistatud. 
 d. Kaughoolduse klientseadme andmesideühendus on piiratud ainult hooldustööde läbiviimiseks vajalike ressursside lubamisega. 
 e. Kaughoolduseks kasutatakse spetsiaalselt selleks otstarbeks loodud kasutajakontot.",IT-juht,
c4ade5127992889b500709bd53d0e59f,OPS.2.2,OPS.2.2: Pilvteenuse integratsioon äriprotsessidega,3.2,3.2 Põhimeetmed,e8a8800c210ecf09d93fca9e8116aa56,OPS.2.2.M1,OPS.2.2.M1 Pilvteenuste strateegia,"Vastutaja:  IT-juht 
 Elutsükli etapp:  Kavandamine 
   
 a. On kehtestatud pilvteenuste strateegia, mis on kooskõlas organisatsiooni eesmärkidega ja kus on dokumenteeritud: 
 
 pilvteenuste eesmärgid, eelised ja riskid; 
 pilvteenuste kasutamisega seotud õiguslikud, korralduslikud, majanduslikud ja tehnilised raamtingimused; 
 eeldatavad pilvteenused ja nende kasutusviisid; 
 mõjutatud äriprotsesside kerksuse (ingl  resilience ) tagamine pilvteenuste katkemisel. 
 
 b. Avaliku sektori organisatsioon lähtub pilvteenuste strateegia koostamisel pilvteenuste kasutamist reguleerivatest seadusandlikest aktidest ja riiklikest kontseptsioonidest. 
 c. Iga kavandatava pilvteenuse kohta viiakse läbi teostatavuse, tasuvuse ja turvalisuse analüüs. 
 d. Pilvteenuste kasutuselevõtuks koostatakse etapiviisiline teenuse kasutuselevõtu plaan.",IT-juht,
c4ade5127992889b500709bd53d0e59f,OPS.2.2,OPS.2.2: Pilvteenuse integratsioon äriprotsessidega,3.2,3.2 Põhimeetmed,cb613153d03fcba19f25a93698c0a0f5,OPS.2.2.M2,OPS.2.2.M2 Pilvteenuste turbe põhimõtted,"Vastutaja:  Infoturbejuht 
 Elutsükli etapp:  Kavandamine 
   
 a. Pilvteenuste strateegiast lähtuvalt on koostatud pilvteenuste turbe põhimõtted. 
 b. Turvanõuete määramisel on lähtutud teenuse kaitsetarbest ja korralduslikest, tehnilistest ning õiguslikest raamtingimustest. 
 c. Pilvteenuste turbe põhimõtted sisaldavad pilvespetsiifiliste riskide käsitlemist. 
 d. Rahvusvaheliselt tegutsevate teenuseandjate puhul on arvestatud riigipõhist spetsiifikat ja õigusaktidest tulenevaid nõudeid.",IT-juht,
c4ade5127992889b500709bd53d0e59f,OPS.2.2,OPS.2.2: Pilvteenuse integratsioon äriprotsessidega,3.2,3.2 Põhimeetmed,25f93823e334a00489e38320cc957261,OPS.2.2.M3,OPS.2.2.M3 Pilvteenuste loendi koostamine,"Vastutaja:  IT-juht 
 Elutsükli etapp:  Kavandamine 
   
 a. Kõik kavandatavad ja kasutatavad pilvteenused dokumenteeritakse ühtsetel alustel. 
 b. Iga pilvteenuse kohta on esitatud vähemalt järgmised andmed: 
 
 teenuse nimetus ja tähis; 
 teenuse eesmärk; 
 pilvteenuse liik, nt tarkvara kui teenus (ingl  Software as a Service , SaaS), platvorm kui teenus (ingl  Platform as a Service , PaaS), taristu kui teenus (ingl  Infrastructure as a Service , IaaS); 
 teenuse parameetrid ja/või lepinguline teenustase; 
 teenuse ajaraamid; 
 arveldusandmed; 
 pääsuõigused ja autentimismeetod; 
 kontaktisikud.",IT-juht,
c4ade5127992889b500709bd53d0e59f,OPS.2.2,OPS.2.2: Pilvteenuse integratsioon äriprotsessidega,3.2,3.2 Põhimeetmed,930507c8878c31c9b7782e325ad1da8d,OPS.2.2.M4,OPS.2.2.M4 Vastutusalade ja liidestuste määramine,"Vastutaja:  IT-juht 
 Elutsükli etapp:  Kavandamine 
   
 a. Määratletakse ja dokumenteeritakse pilvteenuse kasutamisega seotud vastutusalad ja teenusepoolte tegevused. 
 b. Valitakse ja dokumenteeritakse pilvteenuse rakenduseks vajalikud IT-komponendid ning riist- ja tarkvaraline liidestus.",IT-juht,
c4ade5127992889b500709bd53d0e59f,OPS.2.2,OPS.2.2: Pilvteenuse integratsioon äriprotsessidega,3.2,3.2 Põhimeetmed,7dcf57a2f5475680a9d53cec7a719d14,OPS.2.2.M10,OPS.2.2.M10 Turvaline migratsioon pilvteenusele,"Vastutaja:  IT-juht 
 Elutsükli etapp:  Kavandamine 
   
 a. Migratsioonil pilvteenusele arvestatakse eelnevalt väljatöötatud tegevuskava ja turvanõudeid. 
 b. Enne pilvteenuse tegelikku kasutuselevõttu testitakse migratsiooni toimimist testkeskkonnas. 
 c. Pärast IT-süsteemide migreerimist käidukeskkonda (ingl  Operational Environment ) kontrollitakse teenuse vastavust lepingu tingimustele.",IT-juht,
c4ade5127992889b500709bd53d0e59f,OPS.2.2,OPS.2.2: Pilvteenuse integratsioon äriprotsessidega,3.3,3.3 Standardmeetmed,6995c24c91e363687f780c44f2df0ac2,OPS.2.2.M5,OPS.2.2.M5 Pilvteenusele migreerimise kava,"Vastutaja:  IT-juht 
 Elutsükli etapp:  Kavandamine 
   
 a. Pilvteenusele siirdumiseks koostatakse pilvteenusele migreerimise kava, mis määrab: 
 
 rollid ja kohustused; 
 IT-keskkonna ja käiduprotseduuride ettevalmistuse; 
 testimis- ja üleviimisprotseduurid; 
 teenustaseme ja turvataseme vastavuskontrolli; 
 pilvteenusest loobumise protseduurid. 
 
 b. Pilvteenusele üleminekul hinnatakse pilvteenuse mõju olemasolevale IT-keskkonnale ja organisatsiooni tööprotsessidele, kavandatakse liidestused olemasolevate IT-süsteemidega ja plaanitakse täiendavad koolitused.",IT-juht,
c4ade5127992889b500709bd53d0e59f,OPS.2.2,OPS.2.2: Pilvteenuse integratsioon äriprotsessidega,3.3,3.3 Standardmeetmed,b9c60f86ff67b0b905dd7f7e6bd60a68,OPS.2.2.M6,OPS.2.2.M6 Pilvteenusega liitumise tegevusplaan,"Vastutaja:  IT-juht 
 Elutsükli etapp:  Kavandamine 
   
 a. Pilvteenuse kasutuselevõtuks koostatakse teenusega liitumise tegevusplaan, mis sisaldab vähemalt järgmisi tegevusi: 
 
 liidestuste ettevalmistus ja käivitamine; 
 võrguühenduste sobivus ja kontroll; 
 teenuse halduse korraldus; 
 andmete ligipääsuhaldus. 
 
 b. Pilvteenusega liitumise tegevusplaan on dokumenteeritud, tegevusplaani uuendatakse regulaarselt.",IT-juht,
c4ade5127992889b500709bd53d0e59f,OPS.2.2,OPS.2.2: Pilvteenuse integratsioon äriprotsessidega,3.3,3.3 Standardmeetmed,ec1aa75b60bec2f327698e9a9a545718,OPS.2.2.M11,OPS.2.2.M11 Pilvteenuse taasteplaan,"Vastutaja:  IT-juht 
 Elutsükli etapp:  Kavandamine 
   
 a. Kasutuselevõetud pilvteenuste jaoks on välja töötatud pilvteenuse taasteplaan, mis sätestab: 
 
 kontaktisikud; 
 avariikäsitluse korra, vastutused, toimingud ja dokumenteerimise; 
 andmete, liideste, vahendite ja taristu varunduse; 
 vajalikud tehnilised vahendid; 
 avariikäsitluse õppuste korraldamise.",IT-juht,
c4ade5127992889b500709bd53d0e59f,OPS.2.2,OPS.2.2: Pilvteenuse integratsioon äriprotsessidega,3.3,3.3 Standardmeetmed,2383851b0d3f207d03d594d5c564664a,OPS.2.2.M12,OPS.2.2.M12 Infoturve pilvteenuste kasutamisel,"Vastutaja:  IT-juht 
 Elutsükli etapp:  Käitamine 
   
 a. Pilvteenuste dokumentatsiooni ja kasutusjuhiseid ajakohastatakse regulaarselt. 
 b. Pilvteenuse vastavust teenuslepingus kokku lepitud tingimustele ja turvanõuetele kontrollitakse regulaarselt. 
 e. Andmevarunduse toimimist kontrollitakse regulaarselt. 
 f. Taasteplaanide rakendamist harjutatakse regulaarselt.",IT-juht,
c4ade5127992889b500709bd53d0e59f,OPS.2.2,OPS.2.2: Pilvteenuse integratsioon äriprotsessidega,3.3,3.3 Standardmeetmed,d5ce39d9878bf1ae6e47d4e5f16e8b3d,OPS.2.2.M13,OPS.2.2.M13 Pilvteenuse turbe piisavuse tõendamine,"Vastutaja:  IT-juht 
 Elutsükli etapp:  Käitamine 
   
 a. Pilvteenuse andja tõendab infoturbe vastavust õigusaktidest tulenevatele nõuetele ja/või rahvusvaheliselt tunnustatud kriteeriumidele, esitades vastavad sertifikaadid, akrediteeringud või auditite tulemused. 
 b. Tõendusmaterjali hindamisel kontrollitakse, kas sertifikaatide kehtivusala hõlmab kasutatavat pilvteenust. 
 c. Pilvteenuse puhul allhankijate kasutamisel nõutakse samade kriteeriumide täitmise tõendamist ka nendelt.",IT-juht,
c4ade5127992889b500709bd53d0e59f,OPS.2.2,OPS.2.2: Pilvteenuse integratsioon äriprotsessidega,3.4,3.4 Kõrgmeetmed,5f09885192a2af5981c3c92100c931e1,OPS.2.2.M15,OPS.2.2.M15 Pilvteenuse ülekantavuse tagamine,"Vastutaja:  IT-juht 
 Elutsükli etapp:  Kavandamine 
 Turvakomponent:  A 
   
 a. Pilvteenuse andja vahetamiseks või siseteenusele üleminekuks on kehtestatud kriteeriumid, mis sisaldavad porditavusnõudeid ja teenuse ülekantavuse testimise kohustust. 
 b. Pilvteenuse üleandmise võimalus on tagatud pilvteenuse lepinguga.",IT-juht,
c4ade5127992889b500709bd53d0e59f,OPS.2.2,OPS.2.2: Pilvteenuse integratsioon äriprotsessidega,3.4,3.4 Kõrgmeetmed,fb021757b72f0d405eeb8183a059ea45,OPS.2.2.M16,OPS.2.2.M16 Andmete täiendav varundamine,"Vastutaja:  IT-juht 
 Elutsükli etapp:  Käitamine 
 Turvakomponent:  I; A 
   
 a. Pilvteenuslepingus on esitatud teenuseandjale andmevarunduse detailsed nõuded. 
 b. Pilvteenuslepinguga on määratletud kliendi õigus täiendava andmevarunduse tegemiseks. 
 c. On otsustatud, kas pilvteenuse andja andmevarundusele lisaks tehakse ka omapoolset andmete varundamist.",IT-juht,
35de83545408d6452d1bf27bc5f75fc3,OPS.2.3,OPS.2.3: Teenusleping välise teenuseandjaga,3.2,3.2 Põhimeetmed,8082e8c843e7608b1b9a437f20000d47,OPS.2.3.M1,OPS.2.3.M1 Teenusleping sisseostetavale teenusele,"Vastutaja:  Hankejuht 
 Elutsükli etapp:  Kavandamine 
   
 a. Kõik väljasttellitava teenuse aspektid lepitakse teenuseandjaga kirjalikult kokku teenuslepingus. 
 b. Teenuslepingus määratletud lepingupartnerite infoturbealased õigused ja kohustused lähtuvad eelnevalt kaardistatud riskidest. 
 c. Teenusleping sätestab väljasttellitava teenuse haldusega seotud üksikasjad, nt taristu kasutustingimused, alltöövõtu lubamine või mittelubamine, töötajatele püstitatud nõuded, isikuandmete kaitse, huvide konflikti vältimine ning tõrgete ja intsidentide käsitlus. 
 d. Teenuseandja tagab nõuete täitmise kontrollimiseks vajalikud teabe saamise ja juurdepääsu õigused ning vajadusel ka auditeerimisvõimalused. 
 e. Vajadusel sõlmitakse andmete kaitseks teenuseandjaga konfidentsiaalsuslepe (ingl  Non-Disclosure Agreement , NDA).",Hankejuht,
35de83545408d6452d1bf27bc5f75fc3,OPS.2.3,OPS.2.3: Teenusleping välise teenuseandjaga,3.2,3.2 Põhimeetmed,bba783ef01743438b5088694aed131c0,OPS.2.3.M2,OPS.2.3.M2 Teenustasemelepete jälgimine,"Vastutaja:  Hankejuht 
 Elutsükli etapp:  Käitamine 
   
 a. Teenuse osutamisele on kehtestatud mõõdetavad kvaliteedinõuded. 
 e. Regulaarselt mõõdetakse teenuse kasutajate rahulolu. 
 f. Regulaarselt kontrollitakse teenustasemelepete (ingl  Service Level Agreement , SLA) järgimist.",Hankejuht,
35de83545408d6452d1bf27bc5f75fc3,OPS.2.3,OPS.2.3: Teenusleping välise teenuseandjaga,3.2,3.2 Põhimeetmed,c59713300a671380a7df6aa1c52ac6c2,OPS.2.3.M5,OPS.2.3.M5 Organisatsiooni vajadustele vastav teenusleping,"Vastutaja:  Hankejuht 
 Elutsükli etapp:  Käitamine 
   
 a. Organisatsiooni ja teenuseandja vahelises lepingus on määratud vähemalt alljärgnev: 
 
 õiguslikud raamtingimused; 
 teenusega seotud teabe liik ja maht; 
 teenuse jõudlus ja kvaliteet; 
 turvanõuded; 
 teenuse saamise koht; 
 allhankijad või muud kolmandad pooled; 
 nõuded teenuseandja personalile; 
 suhtlusteed ja kontaktisikud; 
 töökorraldus, vastutused ja pääsuõigused; 
 muudatuste kord; 
 teenuse testimine ja seire; 
 tõrke- ja intsidendikäsitlus; 
 lepingu lõpetamine, järeltoimingud, andmete kustutus. 
 
 b. Teenuslepingus määratud turvanõuded on vastavuses organisatsiooni infoturvapoliitikaga.",Hankejuht,
35de83545408d6452d1bf27bc5f75fc3,OPS.2.3,OPS.2.3: Teenusleping välise teenuseandjaga,3.2,3.2 Põhimeetmed,f1dfa5a9eff8efa22db05769b6079e6b,OPS.2.3.M9,OPS.2.3.M9 Teenuslepingu korraline ning erakorraline lõpetamine,"Vastutaja:  Hankejuht 
 Elutsükli etapp:  Kõrvaldamine 
   
 a. Teenuslepingus on kokku lepitud lepingu korralise lõpetamise tingimused. 
 b. Teenuslepingus on kokku lepitud lepingu erakorralise lõpetamise tingimused eesmärgil, et lepingu lõpetamine ei mõjutaks negatiivselt kliendi ega teenuseandja äriprotsesse. 
 c. Teenuslepingus on sätestatud teenuse andmisel kasutatud riist-ja tarkvara omandiõigus ja nende kasutamise jätkumise tingimused pärast lepingu lõpetamist. 
 d. Teenuselpingus on dokumenteeritud lepingu lõpetamisel üleantava teabe, andmete ja riistvara tagastamise protseduurid. 
 e. Kui ei ole teisiti kokku lepitud, fikseeritakse teenuseandja juures kliendi andmete turvaline kustutamine pärast seadusest tuleneva säilitustähtaja täitumist. 
 f. Lepingu lõppemisel vaadatakse üle teenuseandja ja kliendi töötajate pääsuõigused, mittevajalikud pääsuõigused eemaldatakse.",Hankejuht,
35de83545408d6452d1bf27bc5f75fc3,OPS.2.3,OPS.2.3: Teenusleping välise teenuseandjaga,3.3,3.3 Standardmeetmed,2afc59b20ec4e36b886d5759e4e160cd,OPS.2.3.M14,OPS.2.3.M14 Laiendatud nõuded teenuslepingule,"Vastutaja:  Hankejuht 
 Elutsükli etapp:  Käitamine 
   
 a. Teenuslepingus on määratud, millistele kliendi ressurssidele tohib teenuseandja juurde pääseda. 
 b. Teenusleping sätestab sanktsioonid või muud õiguskaitsevahendid juhuks kui kokkulepitud kvaliteedi- või turvanõudeid ei täideta. 
 d. Teenusleping sisaldab osapoolte kohustusi ja käitumisjuhiseid avariiolukorras tegutsemiseks.",Hankejuht,
d4abb3b343e0857797cc58d6069ee71b,OPS.1.11,OPS.1.11: Andmete turvaline kustutamine,3.2,3.2 Põhimeetmed,de5d57333fe023af3d56c8a16de06f7e,OPS.1.11.M1,OPS.1.11.M1 Andmete kustutuse ja hävitamise kord,"Vastutaja:  IT-juht 
 Elutsükli etapp:  Kavandamine 
   
 a. Organisatsioon on kehtestanud andmete kustutuse ja hävitamise korra. 
 b. Iga äriprotsessi omanik on määranud, milliseid tema äriprotsessi poolt loodud andmeid ja millistel tingimustel kasutuselt kõrvaldatakse. 
 c. Isikuandmete kustutuse protseduurid on kooskõlastatud andmekaitsespetsialistiga. 
 d. On määratud andmete kõrvaldamise eest vastutajad.",IT-juht,
d4abb3b343e0857797cc58d6069ee71b,OPS.1.11,OPS.1.11: Andmete turvaline kustutamine,3.2,3.2 Põhimeetmed,4c4d07811a760ff45b2974efe454c433,OPS.1.11.M2,OPS.1.11.M2 Andmekandja turvaline kasutuselt kõrvaldamine,"Vastutaja:  IT-juht 
 Elutsükli etapp:  Käitamine 
   
 a. Enne andmekandjate kasutuselt kõrvaldamist kustutatakse turvaliselt nendes sisalduvad andmed. 
 b. Andmekandjate kasutuselt kõrvaldamisel järgitakse kehtestatud eeskirju ja juhiseid. 
 c. Andmekandjate kasutuselt kõrvaldamiseks on loodud organisatsiooni territooriumile kõrvaliste isikute juurdepääsu eest kaitstud kogumiskohad.",IT-juht,
d4abb3b343e0857797cc58d6069ee71b,OPS.1.11,OPS.1.11: Andmete turvaline kustutamine,3.2,3.2 Põhimeetmed,eaff1d57c6ef530c6ebf371d355477b1,OPS.1.11.M11,OPS.1.11.M11 Andmekandjate turvalise hävitamise tellimine väliselt teenuseandjalt,"Vastutaja:  IT-juht 
 Elutsükli etapp:  Kavandamine 
   
 a. Väliste teenuseandjate osalusel toimuv andmekandjate kõrvaldamise ja hävitamise protseduur on asjakohane ja turvaline. 
 b. Andmekandjate hävitamise väljasttellimisel hoitakse hävitamisele kuuluvaid andmekandjaid kuni nende likvideerimiseni organisatsiooni territooriumil. 
 c. Andmekandjate äravedu turvatakse lähtuvalt andmete kaitsetarbest. 
 d. Kõrvaldamise ja hävitamise eest vastutavaid väliseid ettevõtteid kontrollitakse ettenähtud nõuetele vastavuse osas regulaarselt.",IT-juht,
d4abb3b343e0857797cc58d6069ee71b,OPS.1.11,OPS.1.11: Andmete turvaline kustutamine,3.2,3.2 Põhimeetmed,f7bce8e3acba77621d42394cbf1ed5ec,OPS.1.11.M12,OPS.1.11.M12 Protseduurid andmete turvaliseks kustutuseks,"Vastutaja:  IT-juht 
 Elutsükli etapp:  Käitamine 
   
 a. Tulenevalt andmekandja tüübist ja andmete kaitsetarbest rakendatakse andmete kustutamisel vähemalt järgmist: 
 
 kasutatakse andmekandja tüübile sobivat tõhusat kustutusmeetodit; 
 kui korduvkirjutataval andmekandjal ei ole andmed krüpteeritud, kirjutatakse andmekandja vähemalt kaks korda täies ulatuses üle, kasutades juhuslike andmete generaatorit; 
 kui andmed andmekandjal on krüpteeritud, hävitatakse krüptovõtmed ja kirjutatakse vähemalt üks kord täies ulatuses üle. 
 
 b. Nutiseadmes sisalduvate andmete kustutamiseks lähtestatakse seade tehaseseadistusse ning teostatakse esmane alglaadimine ja -seadistus. 
 d. Mistahes muu IT-seadmesse integreeritud andmekandja sisu kustutatakse kasutades seadme vastavat funktsionaalsust.",IT-juht,
d4abb3b343e0857797cc58d6069ee71b,OPS.1.11,OPS.1.11: Andmete turvaline kustutamine,3.3,3.3 Standardmeetmed,be59db571d32451ea7da40d9d2ac9d99,OPS.1.11.M4,OPS.1.11.M4 Protseduurid andmekandja turvaliseks hävitamiseks,"Vastutaja:  IT-juht 
 Elutsükli etapp:  Käitamine 
   
 a. Enne andmekandja füüsilist hävitamist kontrollitakse, kas andmekandjalt on võimalik andmed tõhusalt ja turvaliselt kustutada. 
 b. Kasutusel olevate andmekandjate hävitamiseks on koostatud sobivad protseduurid. 
 c. Vastutavad töötajad on teadlikud, mis protseduuri ja mis vahendeid tuleb andmekandja hävitamiseks kasutada. 
 d. Regulaarselt kontrollitakse, kas hävitusprotseduurid ja -vahendid vastavad hetke tehnoloogiatasemele ja kas need on endiselt piisavalt turvalised.",IT-juht,
d4abb3b343e0857797cc58d6069ee71b,OPS.1.11,OPS.1.11: Andmete turvaline kustutamine,3.3,3.3 Standardmeetmed,91d6d4aa61c600fff6ce1988a683bd5c,OPS.1.11.M8,OPS.1.11.M8 Andmete turvalise kustutuse juhised töötajatele,"Vastutaja:  IT-juht 
 Elutsükli etapp:  Käitamine 
   
 a. On koostatud andmete kustutuse ja hävitamise kirjalikud juhised, mis hõlmavad kõiki andmekandjaid, rakendusi, IT-süsteeme ja muid teavet sisaldada võivaid töövahendeid. 
 b. Andmete kustutuse ja hävitamise juhised tehakse teatavaks kõigile töötajatele. 
 c. Teabe kustutuse ja hävitamise juhiseid ajakohastatakse vastavalt vajadusele. 
 d. Regulaarselt kontrollitakse, kas töötajad järgivad andmete kustutuse ja hävitamise juhised.",IT-juht,
d4abb3b343e0857797cc58d6069ee71b,OPS.1.11,OPS.1.11: Andmete turvaline kustutamine,3.4,3.4 Kõrgmeetmed,fc3d98ca7f2f5070157f78ce059e38d0,OPS.1.11.M14,OPS.1.11.M14 Andmekandjate turvalise hävitamise täiendavad juhised,"Vastutaja:  IT-juht 
 Elutsükli etapp:  Käitamine 
 Turvakomponent:  C 
   
 a. Andmekandjate hävitamine toimub tõendatult vastavuses tunnustatud valdkondlike normide või standarditega.",IT-juht,
8fcebda06a070a9da1e8cb64dfc9e961,OPS.3.1,OPS.3.1: Süsteemide haldus üldiselt,3.2,3.2 Põhimeetmed,508e05a4c5c9cc4bf89e835d850f4933,OPS.3.1.M6,OPS.3.1.M6 Süsteemihalduse halduskontode turve,"Vastutaja:  IT-juht 
 Elutsükli etapp:  Käitamine 
   
 a. Halduskonto puhul rakendatakse mitmikautentimist (ingl Multifactor Authentication, MFA). 
 b. Igapäevaste töökohustuste täitmiseks on süsteemihalduril tavaõigustega kasutajakonto. 
 c. Juurdepääs süsteemihalduse tehnilise lahenduse liidesele ja -funktsioonidele on ainult volitatud isikutel. 
 d. Halduskontode kasutamine on kaitstud turvaliste võrguprotokollide ja piisava tugevusega krüpteerimisega. 
 e. Kõik haldustoimingud on tagantjärele tuvastatavad. 
 f. Kasutamata halduskontod on desaktiveeritud või eemaldatud.",IT-juht,
8fcebda06a070a9da1e8cb64dfc9e961,OPS.3.1,OPS.3.1: Süsteemide haldus üldiselt,3.2,3.2 Põhimeetmed,2d1bbcc31c7a48eef6ab62e0f4345293,OPS.3.1.M12,OPS.3.1.M12 Süsteemihalduse töövahendi andmeside turve,"Vastutaja:  IT-juht 
 Elutsükli etapp:  Käitamine 
   
 a. Süsteemihalduse töövahendi ja hallatavate süsteemide vaheline andmeside on krüpteeritud. 
 b. Süsteemihalduse töövahendis kasutatavate krüptomehhanismide ja krüptovõtmete tugevust kontrollitakse regulaarselt. 
 c. Andmevahetus süsteemihalduse lahenduse komponentide ja hallatavate IT-süsteemide vahel on piiratud minimaalse vajaliku määrani.",IT-juht,
8fcebda06a070a9da1e8cb64dfc9e961,OPS.3.1,OPS.3.1: Süsteemide haldus üldiselt,3.2,3.2 Põhimeetmed,01a3d79cd281bdba611cf0b582e47357,OPS.3.1.M13,OPS.3.1.M13 Süsteemihalduse lahenduse juurdepääsu turve,"Vastutaja:  IT-juht 
 Elutsükli etapp:  Käitamine 
   
 a. Süsteemihalduri juurdepääs süsteemihalduse töövahendi funktsioonidele on turvatud asjakohaste volitusmehhanismidega. 
 c. Süsteemihalduse kasutaja autentimismehhanism on asjakohane. 
 e. Süsteemihalduse lahenduse volitusmehhanism võimaldab kasutajatel teha ainult toiminguid, milleks kasutajad on volitatud.",IT-juht,
8fcebda06a070a9da1e8cb64dfc9e961,OPS.3.1,OPS.3.1: Süsteemide haldus üldiselt,3.2,3.2 Põhimeetmed,277f24d25d3754cba651a8f37a2f1a43,OPS.3.1.M20,OPS.3.1.M20 Süsteemihalduse automaatuuenduste turvaline seadistus,"Vastutaja:  IT-juht 
 Elutsükli etapp:  Käitamine 
   
 a. Süsteemihalduse automaatuuendused seadistatakse vastavalt muudatuste halduse parimatele praktikatele. 
 c. Võimalusel võetakse kasutusele organisatsioonisisene uuendusserver, millega saab juhtida uuendite loendit ja paigaldamise aega.",IT-juht,
8fcebda06a070a9da1e8cb64dfc9e961,OPS.3.1,OPS.3.1: Süsteemide haldus üldiselt,3.2,3.2 Põhimeetmed,2628c793bb71106675f563dfef0a8435,OPS.3.1.M21,OPS.3.1.M21 Süsteemihalduse rollide määramine,"Vastutaja:  IT-juht 
 Elutsükli etapp:  Kavandamine 
   
 a. Süsteemihalduse haldusfunktsioonid on määratud rollipõhiselt, mille puhul on arvestatud kasutajaõiguste minimaalsuse põhimõtet. 
 b. Süsteemihalduse rollide määramisel on arvestatud IT-süsteemi kaitsetarvet.",IT-juht,
8fcebda06a070a9da1e8cb64dfc9e961,OPS.3.1,OPS.3.1: Süsteemide haldus üldiselt,3.2,3.2 Põhimeetmed,3cafe289ed641071b2870e0d458a49da,OPS.3.1.M22,OPS.3.1.M22 Süsteemide halduse töövahendite eraldamine tavatöödest,"Vastutaja:  IT-juht 
 Elutsükli etapp:  Käitamine 
   
 a. Süsteemide halduse töövahendid on selgelt eristatavad tavatööks kasutatavatest töövahenditest. 
 b. Süsteemide halduse töövahendeid ei kasutata peale haldustoimingute muude tööülesannete täitmiseks.",IT-juht,
8fcebda06a070a9da1e8cb64dfc9e961,OPS.3.1,OPS.3.1: Süsteemide haldus üldiselt,3.2,3.2 Põhimeetmed,bfe46650930bcb8200d94058ccbef5df,OPS.3.1.M29,OPS.3.1.M29 Süsteemihalduse töövahendi toimimise seire,"Vastutaja:  IT-juht 
 Elutsükli etapp:  Käitamine 
 Turvakomponent:  A 
   
 a. Süsteemihalduse töövahendile on kehtestatud käideldavuse nõuded. 
 b. Süsteemihalduse töövahendi käideldavusparameetreid seiratakse regulaarselt, hälvete ilmnemisel teavitatakse vastutavat IT-haldurit.",IT-juht,
8fcebda06a070a9da1e8cb64dfc9e961,OPS.3.1,OPS.3.1: Süsteemide haldus üldiselt,3.3,3.3 Standardmeetmed,8632a233e3e56ed667521818cc2bba57,OPS.3.1.M1,OPS.3.1.M1 Keskne haldustoimingute teostamine,"Vastutaja:  IT-juht 
 Elutsükli etapp:  Käitamine 
   
 a. Hallatavates süsteemides saab haldustoiminguid käivitada ainult spetsiaalselt seadistatud süsteemihalduse lahenduse kaudu. 
 b. Süsteemihalduse lahenduse poolt hallatavates süsteemides on aktiveeritud ainult vajalikud haldusfunktsioonid. 
 c. Haldusjuurdepääs hallatavatele süsteemidele on lubatud ainult määratud süsteemihalduse lahenduse liideste kaudu.",IT-juht,
8fcebda06a070a9da1e8cb64dfc9e961,OPS.3.1,OPS.3.1: Süsteemide haldus üldiselt,3.3,3.3 Standardmeetmed,59f83c8074e76c30575d00753ab701bf,OPS.3.1.M7,OPS.3.1.M7 Süsteemihalduri kohustuste määramine,"Vastutaja:  IT-juht 
 Elutsükli etapp:  Kavandamine 
   
 a. Tööülesannete jaotamisel mitme süsteemihalduri vahel on kõik tööülesanded kaetud ja vastusalad selgelt eristatud. 
 c. Süsteemihalduri kohustuste määramisel on arvestatud rollide lahususe põhimõtet. 
 d. Süsteemihalduri õigused ja kohustused on asjakohaselt ametijuhendis kirjeldatud.",IT-juht,
8fcebda06a070a9da1e8cb64dfc9e961,OPS.3.1,OPS.3.1: Süsteemide haldus üldiselt,3.3,3.3 Standardmeetmed,acb63238f471157524c6a4b6e2b834b4,OPS.3.1.M8,OPS.3.1.M8 Süsteemide turvaseisundi regulaarne lahknevusanalüüs,"Vastutaja:  IT-juht 
 Elutsükli etapp:  Käitamine 
   
 a. Süsteemi moodustavate osiste turvakonfiguratsioonide vastavust keskselt kavandatud mallidele kontrollitakse regulaarselt. 
 b. Süsteemi turvakonfiguratsiooni normaalolekust kõrvalekallete avastamiseks kasutatakse automatiseeritud andmetöötlust. 
 c. Süsteemihalduril on võimalik välja selgitada hallatava seadmete konfiguratsiooni hetkeseis. 
 d. Süsteemihalduse tehnilise lahenduse automaatsete tegevuste tulemite õigsust kontrollitakse regulaarselt.",IT-juht,
8fcebda06a070a9da1e8cb64dfc9e961,OPS.3.1,OPS.3.1: Süsteemide haldus üldiselt,3.3,3.3 Standardmeetmed,6d7c104a149c2cbda5fb1f0f9b9c1d8e,OPS.3.1.M9,OPS.3.1.M9 Süsteemihalduse turvanõuete spetsifikatsioon,"Vastutaja:  IT-juht 
 Elutsükli etapp:  Käitamine 
   
 a. Organisatsioon on koostanud ja dokumenteerinud süsteemihalduse turvanõuded. 
 b. Süsteemihalduse turvanõuete spetsifikatsioon sisaldab vähemalt järgmist: 
 
 valdkonnad ja IT-komponendid, millele süsteemihalduse turvanõuded kehtivad; 
 süsteemihalduse automatiseeritud protsessidele kehtestatud nõuded; 
 süsteemihalduse lahenduses sisalduvate rutiinide kirjeldused; 
 pääsu reguleerimise spetsifikatsioonid; 
 logimise ja varunduse nõuded; 
 nõuded automatiseeritud tegevuste kvaliteedi kontrollimiseks; 
 nõuded andmeside turvalisuse tagamiseks. 
 
 c. Süsteemihalduse turvanõuete spetsifikatsioon on volitatud töötajatele kättesaadav.",IT-juht,
8fcebda06a070a9da1e8cb64dfc9e961,OPS.3.1,OPS.3.1: Süsteemide haldus üldiselt,3.3,3.3 Standardmeetmed,e535f18be50bd78deb545cd404ace4b8,OPS.3.1.M10,OPS.3.1.M10 Süsteemihalduse kasutuselevõtu plaan,"Vastutaja:  IT-juht 
 Elutsükli etapp:  Kavandamine 
   
 a. Mistahes süsteemihalduse tehnilise lahenduse kasutusele võtmiseks on koostatud rakendusplaan, mis arvestab kõiki süsteemihalduse turvaeeskirjas sisalduvaid nõudeid.",IT-juht,
8fcebda06a070a9da1e8cb64dfc9e961,OPS.3.1,OPS.3.1: Süsteemide haldus üldiselt,3.3,3.3 Standardmeetmed,428ca7ccdf0aeb42a1883c1520541b2c,OPS.3.1.M14,OPS.3.1.M14 Süsteemihalduse tagamine avariiolukorras,"Vastutaja:  IT-juht 
 Elutsükli etapp:  Käitamine 
   
 b. Avariiolukorras, mil süsteemihalduse tehniline lahendus ei toimi, on võimalik hallatavaid süsteeme konfigureerida ka otsejuurdepääsu kaudu. 
 c. Süsteemihalduse lahenduse väliselt tehtud konfiguratsioonimuudatused dokumenteeritakse.",IT-juht,
8fcebda06a070a9da1e8cb64dfc9e961,OPS.3.1,OPS.3.1: Süsteemide haldus üldiselt,3.3,3.3 Standardmeetmed,5dc564e58c6d88bbee110e4eb276a6a6,OPS.3.1.M15,OPS.3.1.M15 Hallatavate süsteemide keskne konfiguratsioonihaldus,"Vastutaja:  IT-juht 
 Elutsükli etapp:  Käitamine 
   
 a. Hallatavate süsteemide konfiguratsioone hallatakse integreerituna süsteemihalduse lahendusega. 
 f. Hallatavate süsteemide konfiguratsiooniandmeid on võimalik süsteemihalduse piires levitada.",IT-juht,
8fcebda06a070a9da1e8cb64dfc9e961,OPS.3.1,OPS.3.1: Süsteemide haldus üldiselt,3.3,3.3 Standardmeetmed,7eab17e2c9af4bca8db84b9c51dc10c1,OPS.3.1.M16,OPS.3.1.M16 Süsteemihalduse töövahendi haldusliidese turve,"Vastutaja:  IT-juht 
 Elutsükli etapp:  Käitamine 
   
 a. Haldusliidestele juurdepääs on piiratud tehniliste meetmetega. 
 c. Haldusjuurdepääs teises turvatsoonis asuvale IT-süsteemile on võimalik ainult vastava turvatsooni hüppeserveri (ingl  Jump Host ) kaudu.",IT-juht,
8fcebda06a070a9da1e8cb64dfc9e961,OPS.3.1,OPS.3.1: Süsteemide haldus üldiselt,3.3,3.3 Standardmeetmed,a0b753542508a0cc901d27e5ec8164c4,OPS.3.1.M24,OPS.3.1.M24 Süsteemide haldustoimingute järelkontroll,"Vastutaja:  IT-juht 
 Elutsükli etapp:  Käitamine 
   
 a. Enne haldustoimingutega alustamist veendutakse, et kavandatu vastab püstitatud lähteülesandele. 
 b. Enne haldustoimingutega alustamist kontrollitakse, kas kavandatud toimingutel puudub negatiivne mõju. 
 c. Pärast süsteemi haldustoimingute lõpetamist veendutakse, kas hallatava komponendi konfiguratsioon vastab soovitud sihtseisundile.",IT-juht,
8fcebda06a070a9da1e8cb64dfc9e961,OPS.3.1,OPS.3.1: Süsteemide haldus üldiselt,3.3,3.3 Standardmeetmed,a0a83d001b574a77e3492d3ab5d4cb4b,OPS.3.1.M25,OPS.3.1.M25 Süsteemide haldustoimingute läbiviimise ajastamine,"Vastutaja:  IT-juht 
 Elutsükli etapp:  Käitamine 
   
 a. Süsteemide haldustoimingud viiakse läbi süsteemi kasutajaid ette teavitades.",IT-juht,
8fcebda06a070a9da1e8cb64dfc9e961,OPS.3.1,OPS.3.1: Süsteemide haldus üldiselt,3.3,3.3 Standardmeetmed,0b3180416dcbefb714a47ccfcb1286e7,OPS.3.1.M26,OPS.3.1.M26 Hallatava komponendi konfiguratsiooni varundamine,"Vastutaja:  IT-juht 
 Elutsükli etapp:  Käitamine 
   
 a. Enne haldustoimingute alustamist veendutakse, et hallatava komponendi kehtivast konfiguratsioonist on olemas varukoopia. 
 b. Enne võimalike negatiivsete tagajärgedega haldustoimingut varundatakse hallatava komponendi konfiguratsioon täiendavalt vahetult enne toiminguga alustamist.",IT-juht,
8fcebda06a070a9da1e8cb64dfc9e961,OPS.3.1,OPS.3.1: Süsteemide haldus üldiselt,3.3,3.3 Standardmeetmed,1ac7d102da52fee13309d328ea340089,OPS.3.1.M28,OPS.3.1.M28 Süsteemihalduse integreerimine turvateabe halduse süsteemiga,"Vastutaja:  IT-juht 
 Elutsükli etapp:  Käitamine 
 Turvakomponent:  C; I 
   
 a. Süsteemihalduse lahenduse turvasündmuste logimine on liidestatud turvateabe ja -sündmuste halduse (ingl  Security Information and Event Management , SIEM) süsteemiga. 
 b. Süsteemihalduse ebatavaliste käitumismustrite tuvastamisel algatatakse automaatselt turvaintsident.",IT-juht,
8fcebda06a070a9da1e8cb64dfc9e961,OPS.3.1,OPS.3.1: Süsteemide haldus üldiselt,3.3,3.3 Standardmeetmed,e6c5065d7bdc0947ca675368884ff967,OPS.3.1.M33,OPS.3.1.M33 Usaldusankrute ning konfiguratsioonide regulaarne ülevaatus,"Vastutaja:  IT-juht 
 Elutsükli etapp:  Käitamine 
   
 a. Kasutatavate usaldusankrute (ingl  trust anchor ) (CA sertifikaadid, sertifikaatide väljastamine jm) loendid on regulaarselt kontrollitud ning õigeaegselt ajakohastatud. 
 b. Aegunud, tühistatud või kasutuseta usaldusankrud eemaldatakse konfiguratsioonidest. 
 c. Kasutusele võetavad usaldusankrud lisatakse konfiguratsioonidesse. 
 d. Otspunktide kinnistatud sertifikaadid on uuendatud õigeaegselt. 
 e. eID komponentide kasutamiseks mõeldud teenuste seadistused on uuendatud teenuseandja nõuetele vastavalt.",IT-juht,
8fcebda06a070a9da1e8cb64dfc9e961,OPS.3.1,OPS.3.1: Süsteemide haldus üldiselt,3.4,3.4 Kõrgmeetmed,de03714affbf946ec0c2a8c594a5aa62,OPS.3.1.M17,OPS.3.1.M17 Süsteemihaldurite nelja silma põhimõte,"Vastutaja:  IT-juht 
 Elutsükli etapp:  Käitamine 
 Turvakomponent:  C; I 
   
 a. Juurdepääs turvakriitilistele süsteemidele on võimalik üksnes kahe süsteemihalduri ühistööna või kasutades samaväärset kontrollimehhanismi. 
 b. Haldusprotseduure viiakse läbi süsteemihaldurite paarina selliselt, et üks kontrollib teise tegevust.",IT-juht,
8fcebda06a070a9da1e8cb64dfc9e961,OPS.3.1,OPS.3.1: Süsteemide haldus üldiselt,3.4,3.4 Kõrgmeetmed,d93bb97c77a9d8da52ae6072167f1c10,OPS.3.1.M18,OPS.3.1.M18 Süsteemihalduse toimingute täielik logimine,"Vastutaja:  IT-juht 
 Elutsükli etapp:  Käitamine 
 Turvakomponent:  C; I 
   
 a. Süsteemi keskhalduse kõik süsteemihalduri algatatud toimingud logitakse tsentraalselt.",IT-juht,
8fcebda06a070a9da1e8cb64dfc9e961,OPS.3.1,OPS.3.1: Süsteemide haldus üldiselt,3.4,3.4 Kõrgmeetmed,a5a420e657e4a8b52b99e2b6d0504645,OPS.3.1.M19,OPS.3.1.M19 Süsteemihalduse töövahendi kõrgkäideldavuse tagamine,"Vastutaja:  IT-juht 
 Elutsükli etapp:  Käitamine 
 Turvakomponent:  A 
   
 a. Süsteemihalduse käideldavuse tõstmiseks kasutatakse dubleeritud komponente. 
 b. Süsteemihalduse sooritusvõime on kavandatud tippkoormusi arvestavalt.",IT-juht,
8fcebda06a070a9da1e8cb64dfc9e961,OPS.3.1,OPS.3.1: Süsteemide haldus üldiselt,3.4,3.4 Kõrgmeetmed,01bee2931446b519f7859a7d99aac841,OPS.3.1.M31,OPS.3.1.M31 Süsteemihalduse töövahendite kõrgkäideldavuse tagamine,"Vastutaja:  IT-juht 
 Elutsükli etapp:  Käitamine 
 Turvakomponent:  A 
   
 a. Süsteemihalduse töövahendit on võimalik kasutada ka võrguühenduse katkestuse korral. 
 b. Süsteemihalduse töövahendite omavahelised sõltuvused on võimalikult minimeeritud.",IT-juht,
8fcebda06a070a9da1e8cb64dfc9e961,OPS.3.1,OPS.3.1: Süsteemide haldus üldiselt,3.4,3.4 Kõrgmeetmed,764016869aaa167bfb08786acc0a1e4d,OPS.3.1.M32,OPS.3.1.M32 Süsteemihalduse töövahendi turvaseire,"Vastutaja:  IT-juht 
 Elutsükli etapp:  Käitamine 
 Turvakomponent:  C; I; A 
   
 a. Süsteemihalduse töövahendite toimimist jälgitakse organisatsiooniüleste turvaseire vahenditega. 
 b. Turvasündmuste reaalajaliseks tuvastamiseks on süsteemihalduse töövahendid integreeritud automatiseeritud sissetungituvastuse süsteemi (ingl  Intrusion Detection System , IDS) seireandmestikuga.",IT-juht,
9cca8593be1f4f36a9b7dd7a1f570ca1,OPS.2.1,OPS.2.1: Väljasttellimine üldiselt,3.2,3.2 Põhimeetmed,37f4b11c72804990a4d121877e46fb50,OPS.2.1.M1,OPS.2.1.M1 Turvanõuded väljasttellitavale teenusele,"Vastutaja:  Hankejuht 
 Elutsükli etapp:  Kavandamine 
   
 a. Kõikidele väljasttellitavatele teenustele on kehtestatud riskide hindamisel põhinevad turvanõuded. 
 b. Teenuse turvanõuete määramisel on arvestatud, mis andmeid töödeldakse, kus see toimub ning kellel on andmetele juurdepääs. 
 c. Väljasttellitava teenuse turvanõuete määramisel on arvestatud äriprotsesside vahelist sõltuvust ning protsesside sisendeid ja väljundeid.",Hankejuht,
9cca8593be1f4f36a9b7dd7a1f570ca1,OPS.2.1,OPS.2.1: Väljasttellimine üldiselt,3.2,3.2 Põhimeetmed,a3041f2f39096ea67c961b3c0d8c9017,OPS.2.1.M5,OPS.2.1.M5 Teenuslepingu tüüptingimused,"Vastutaja:  Hankejuht 
 Elutsükli etapp:  Kavandamine 
   
 a. Teenuseandja on välja töötanud teenuslepingu tüüptingimused. 
 b. Teenuslepingu tüüptingimused sisaldavad vähemalt järgmist: 
 
 teenuse kasutamise üldised turvanõuded; 
 tundlike andmete kaitse põhimõtted ja vajadusel vastava lepingu (ingl  Non-Disclosure Agreement , NDA) sõlmimine; 
 teenuseandja õigused ja piirangud alltöövõtu (nt kolmandate poolte pilvteenused) kasutamiseks; 
 kliendi õigus teha teenuseandja infoturbe nõuete täitmise kontrollimiseks infoturbe ülevaatusi või auditeid; 
 teabevahetuse kord; 
 teenustasemete kirjeldused. 
 
 c. Teenuseandja on välja töötanud tüüptingimusi sisaldavad teenuslepingu vormid. 
 d. Teenuslepingu tüüptingimusi rakendatakse kõigis klientidega sõlmitud teenuslepingutes.",Hankejuht,
9cca8593be1f4f36a9b7dd7a1f570ca1,OPS.2.1,OPS.2.1: Väljasttellimine üldiselt,3.2,3.2 Põhimeetmed,14e9ba75dd19cfeb9c5a50e3c0b853a8,OPS.2.1.M6,OPS.2.1.M6 Väljasttellitava teenuse turbe kavandamine,"Vastutaja:  Infoturbejuht 
 Elutsükli etapp:  Kavandamine 
   
 a. Teenuseandja on kohustatud rakendama infoturbe meetmeid vähemalt väljasttellitava teenuse ulatuses. 
 b. Organisatsioon on vähemalt E-ITS meetmekataloogi moodulile vastava detailsusega määratlenud ja teenuseandjaga kokku leppinud infoturbe meetmed, mida osapooled on kohustatud rakendama.",Hankejuht,
9cca8593be1f4f36a9b7dd7a1f570ca1,OPS.2.1,OPS.2.1: Väljasttellimine üldiselt,3.3,3.3 Standardmeetmed,6e1d01ff95ab7ea4d00a161ea8314ad9,OPS.2.1.M4,OPS.2.1.M4 Teenuseandja valimise kriteeriumid,"Vastutaja:  Hankejuht 
 Elutsükli etapp:  Kavandamine 
   
 a. Teenuse tehniline spetsifikatsioon sisaldab vähemalt järgmisi teemasid: 
 
 kasutajaõiguste haldus; 
 andmete varundus ja taaste; 
 integratsioon juba kasutuses olevate tehniliste lahendustega. 
 
 b. Teenuseandja valimisel arvestatakse vähemalt järgmisi aspekte: 
 
 teenuseandja maine; 
 teenuseandja tegevusvaldkond ja spetsialiseerumine; 
 avalikud turuanalüüsid ja soovitused; 
 teenuseandja asukohariik ja jurisdiktsioon; 
 teenuseandja omandi- ja juhtimisstruktuuri läbipaistvus; 
 alltöövõtjate kasutamine; 
 lepingutingimuste sobivus; 
 teenuse lõpetamise tingimused. 
 
 c. Teenuseandjalt saadud andmete õigsust kontrollitakse, küsides teenuseandjalt vajadusel täiendavat teavet.",Hankejuht,
9cca8593be1f4f36a9b7dd7a1f570ca1,OPS.2.1,OPS.2.1: Väljasttellimine üldiselt,3.3,3.3 Standardmeetmed,9779654f73b2b169436337ed0ef72734,OPS.2.1.M7,OPS.2.1.M7 Väljasttellitava teenuse turvalisuse tõendamine,"Vastutaja:  Infoturbejuht 
 Elutsükli etapp:  Käitamine 
   
 a. Infoturbe meetmete rakendatust tõendab teenuseandja välise audiitori poolt väljastatud E-ITS auditi järeldusotsusega või akrediteeritud sertifitseerimisasutuse poolt väljastatud ISO/IEC 27001 sertifikaadiga. 
 b. E-ITS auditi järeldusotsuse või kehtiva ISO/IEC 27001 sertifikaadi puudumisel veendub organisatsioon (kui teenuse tarbija) selles, et tema poolt esitatud ning rakendamisele kuuluvad infoturbe meetmed on teenuseandja poolt rakendatud. 
 c. Organisatsioonil on lepingujärgne õigus teenuseandja juures läbi viia infoturbe läbivaatusi ja auditeid või tellida nende läbiviimine sõltumatult kolmandalt poolelt.",Hankejuht,
9cca8593be1f4f36a9b7dd7a1f570ca1,OPS.2.1,OPS.2.1: Väljasttellimine üldiselt,3.3,3.3 Standardmeetmed,50e677ba5f4f35a9523574a05e9a2442,OPS.2.1.M8,OPS.2.1.M8 Väljasttellimise raamtingimused,"Vastutaja:  Organisatsiooni juhtkond 
 Elutsükli etapp:  Kavandamine 
   
 a. Organisatsioon arvestab väljastellimisel majanduslike, tehniliste, korralduslike ja õiguslike raamtingimuste ning piirangutega. 
 b. Väljasttellimisel arvestatatakse kasutegurite ja võimaluste kõrval ka väljasttellimisega kaasnevaid riske, sealhulgas infoturbe riske. 
 c. On määratud, kas või mis tingimustel on teenuseandjal lubatud kasutada oma teenuse tarnimisel alltöövõtjaid.",Hankejuht,
9cca8593be1f4f36a9b7dd7a1f570ca1,OPS.2.1,OPS.2.1: Väljasttellimine üldiselt,3.3,3.3 Standardmeetmed,fdafb47684fa41bb67f25fea57e221cb,OPS.2.1.M9,OPS.2.1.M9 Hangete läbiviimise kord,"Vastutaja:  Organisatsiooni juhtkond 
 Elutsükli etapp:  Kavandamine 
   
 a. Organisatsioon on kehtestanud keskse hangete läbiviimise korra. 
 b. Hangete läbiviimise kord arvestab organisatsiooni infoturbe vajadusi ja sisaldab tüüpseid nõudeid teenuseandjaga sõlmitavatele lepingutele. 
 c. Hangete läbiviimise kord sätestab, kuidas toimub väljasttellitava teenuse testimine ja kasutuselevõtuks kinnitamine.",Hankejuht,
9cca8593be1f4f36a9b7dd7a1f570ca1,OPS.2.1,OPS.2.1: Väljasttellimine üldiselt,3.3,3.3 Standardmeetmed,244b92bf51214bf270d2d88862d2bcc0,OPS.2.1.M11,OPS.2.1.M11 Väljasttellitud teenuste loend,"Vastutaja:  Hankejuht 
 Elutsükli etapp:  Käitamine 
   
 a. Väljasttellimise eest vastutaja koondab allhankeid käsitleva dokumentatsiooni väljasttellitud teenuste registrisse. 
 b. Väljasttellitud teenuste register sisaldab teavet teenuseandjate, peamiste sooritusindikaatorite (ingl  Key Performance Indicator , KPI), protsesside ärikriitilisuse, sõlmitud lepete ning teenustaseme kokkulepete kohta.",Hankejuht,
9cca8593be1f4f36a9b7dd7a1f570ca1,OPS.2.1,OPS.2.1: Väljasttellimine üldiselt,3.3,3.3 Standardmeetmed,e940fb279785b7a95072217b64494c85,OPS.2.1.M12,OPS.2.1.M12 Väljasttellitud teenuste aruandlus,"Vastutaja:  Hankejuht 
 Elutsükli etapp:  Käitamine 
   
 a. Väljasttellimise eest vastutaja koostab juhtkonnale perioodiliselt aruandeid teenuse hetkeseisust ja võimalikest kitsaskohtadest. 
 b. Teenuste aruandlus sisaldab teavet toimunud infoturbe sündmuste ja intsidentide kohta.",Hankejuht,
9cca8593be1f4f36a9b7dd7a1f570ca1,OPS.2.1,OPS.2.1: Väljasttellimine üldiselt,3.3,3.3 Standardmeetmed,176e2517d189c7eb45cc26a718c94ab7,OPS.2.1.M17,OPS.2.1.M17 Nõuded teenuseandja personalile,"Vastutaja:  Personalijuht 
 Elutsükli etapp:  Käitamine 
   
 a. Enne teenuseosutamisega alustamist selgitatakse lepinguga seotud teenuseandja töötajatele kliendi juures kehtivaid reegleid. 
 c. Kliendi territooriumil lühiajaliselt või ühekordselt viibivat välispersonali käsitletakse sarnaselt külastajaga.",Hankejuht,
9cca8593be1f4f36a9b7dd7a1f570ca1,OPS.2.1,OPS.2.1: Väljasttellimine üldiselt,3.3,3.3 Standardmeetmed,77eb9918fd95e66a33bb2900370c5c74,OPS.2.1.M18,OPS.2.1.M18 Teenuseandjaga sõlmitud lepete läbivaatus,"Vastutaja:  Hankejuht 
 Elutsükli etapp:  Käitamine 
   
 a. Teenuseandjaga sõlmitud lepetes sisalduvate turvameetmete asja- ja -ajakohasust hinnatakse regulaarselt. 
 b. Teenuseandjaga sõlmitud lepped vaadatakse üle ja vajadusel täiendatakse pärast olulise mõjuga sündmusi, milleks on näiteks: 
 
 infoturbe intsident; 
 äriprotsessi muutumine; 
 riskihinnangu oluline muutus; 
 seadusandluses tehtud muudatused.",Hankejuht,
9cca8593be1f4f36a9b7dd7a1f570ca1,OPS.2.1,OPS.2.1: Väljasttellimine üldiselt,3.3,3.3 Standardmeetmed,0875eabfe733eba9848a23339aef1a33,OPS.2.1.M19,OPS.2.1.M19 Alternatiivsete teenuseandjate kaardistamine,"Vastutaja:  Hankejuht 
 Elutsükli etapp:  Kõrvaldamine 
   
 a. Väljastellitava teenuse korralise või erakorralise lõpetamise puhuks on koostatud tegevuskavad teenuse migreerimiseks alternatiivsele teenuseandjale. 
 b. On kaardistatud potentsiaalsed teenuseandjad, kellel on teenuse üleandmiseks sobiv ettevõtte profiil ja piisav infoturbe tase.",Hankejuht,
9cca8593be1f4f36a9b7dd7a1f570ca1,OPS.2.1,OPS.2.1: Väljasttellimine üldiselt,3.3,3.3 Standardmeetmed,71537e6d648df657ece2bd80727130fc,OPS.2.1.M20,OPS.2.1.M20 Talitluspidevuse tagamine väljastellimisel,"Vastutaja:  Kriisijuht 
 Elutsükli etapp:  Kavandamine 
   
 a. Väljasttellitava teenuse jaoks töötatakse välja toibumisplaan (ingl  Disaster Recovery Plan, DRP ), mis hõlmab teenusepoolte IT-komponentide, liidestuste ja sidekanalite taasteprotseduure. 
 b. Väljasttellitava teenuse toibumisplaanis dokumenteeritakse teenusepoolte vastutus, kontaktisikud ja taastekriteeriumid. 
 c. Organisatsioon kontrollib teenuseandja taastemeetmete toimimist teenusepoolte ühiste taasteharjutuste käigus.",Hankejuht,
9cca8593be1f4f36a9b7dd7a1f570ca1,OPS.2.1,OPS.2.1: Väljasttellimine üldiselt,3.4,3.4 Kõrgmeetmed,06e4e9a44fd526c5be2cef01903b76ed,OPS.2.1.M16,OPS.2.1.M16 Teenuseandja töötajate kvalifikatsiooninõuded,"Vastutaja:  Hankejuht 
 Elutsükli etapp:  Käitamine 
 Turvakomponent:  C; I; A 
   
 a. Teenuseandjaga on kokku lepitud teenuseandja personali kvalifikatsiooni kriteeriumidele. 
 b. Teenuseandja tõendab kliendile oma töötajate kvalifikatsiooni vastavust kliendi kriteeriumidele.",Hankejuht,
9cca8593be1f4f36a9b7dd7a1f570ca1,OPS.2.1,OPS.2.1: Väljasttellimine üldiselt,3.4,3.4 Kõrgmeetmed,97c16f80145a475039098ecc1e9a1d73,OPS.2.1.M24,OPS.2.1.M24 Teenuseandja töötajate taustakontroll,"Vastutaja:  Personalijuht 
 Elutsükli etapp:  Kavandamine 
 Turvakomponent:  C; I; A 
   
 a. Enne teenuslepingu sõlmimist lepitakse kokku, millistele rollide osas viiakse läbi partnerettevõtte töötajate taustakontroll.",Hankejuht,
b64b42baed36d17fe29f69c3b1c3b3fd,DER.1,DER.1: Turvaintsidentide avastamine,3.2,3.2 Põhimeetmed,f1dc614dfef06be8438fb55d56d0c179,DER.1.M1,DER.1.M1 Turvaintsidentidest teavitamise juhend,"Vastutaja:  Infoturbejuht 
 Elutsükli etapp:  Kavandamine 
   
 a. On koostatud juhend potentsiaalsete turvaintsidentide tuvastamiseks. Juhendit ajakohastatakse IT-süsteemide muutumisel. 
 b. Turvaintsidentidest teavitamise juhendis on kirjeldatud tegevused, mida töötajad peavad turvaintsidendi kahtluse korral tegema. 
 d. Sõltuvalt intsidendi tüübist on turvaintsidentidest teavitamise juhendis määratud peamine kontaktisik ja tema asendaja, intsidendi oletatavast kiireloomulisusest sõltuvad teavituskanalid ja adressaadid ning vajaduse korral täiendavalt teavitatavad isikud. 
 e. Turvaintsidendi kahtluse korral teavitatakse juhendis määratud isikuid viivitamata.",Infoturbejuht,
b64b42baed36d17fe29f69c3b1c3b3fd,DER.1,DER.1: Turvaintsidentide avastamine,3.2,3.2 Põhimeetmed,e5e06cbcb62de382de7c604fd214673e,DER.1.M2,DER.1.M2 Turvaintsidentide tuvastamine logiandmetest,"Vastutaja:  Infoturbejuht 
 Elutsükli etapp:  Kavandamine 
   
 c. Organisatsioon on määratlenud minimaalselt vajaliku komplekti logisid (pääsulogid, seadmete turvalogid, tulemüüri logi, rakenduste auditilogid jne), mille põhjal ja mida omavahel kombineerides on võimalik turvasündmusi analüüsida ja turvaintsidente tuvastada. 
 d. Logiandmete analüüs peab võimaldama tuvastada ebatavalisi või kahtlasi tegevusi, nt korduvalt ebaõnnestunud autentimisi või volitamata ligipääsu katseid. 
 e. Turvaintsidentide avastamiseks on koostatud IT-süsteemi põhised logiandmete analüüsi juhised. 
 f. Organisatsioon on määranud logiandmete analüüsi eest vastutavad töötajad.",Infoturbejuht,
b64b42baed36d17fe29f69c3b1c3b3fd,DER.1,DER.1: Turvaintsidentide avastamine,3.2,3.2 Põhimeetmed,1f60c5027fb32395cf6701c7fe1ba21a,DER.1.M4,DER.1.M4 Töötajate teadlikkuse tõstmine,"Vastutaja:  Infoturbejuht 
 Elutsükli etapp:  Käitamine 
   
 a. Töötajatele on selgitatud, kuidas turvaintsidenti ära tunda. 
 b. Töötajad ei jäta võimalikke turvasündmusi tähelepanuta ja käituvad vastavalt turvaintsidentidest teavitamise juhendile.",Infoturbejuht,
b64b42baed36d17fe29f69c3b1c3b3fd,DER.1,DER.1: Turvaintsidentide avastamine,3.2,3.2 Põhimeetmed,ab7e81dfe99e384a6406504848f8247c,DER.1.M5,DER.1.M5 IT-süsteemi turvafunktsioonide rakendamine,"Vastutaja:  Infoturbejuht 
 Elutsükli etapp:  Käitamine 
   
 a. Kui IT-süsteem sisaldab turvafunktsioone, mis aitavad turvaintsidente avastada (nt hoiatused, auditilogid, automaatsed teavitused), on need funktsioonid sisse lülitatud ja kasutusel. 
 b. Turvaintsidendi kahtluse korral vaadatakse mõjutatud IT-süsteemi sündmusteated ja logid üle, et selgitada välja intsidendi olemus ja ulatus. Vajadusel võrreldakse sündmusteavet ka teiste samal ajal kasutusel olnud IT-süsteemide logidega, et saada juhtunust terviklikum ülevaade. 
 c. IT-süsteemide sündmuseteadete kogumist ja turvafunktsioonide toimimist kontrollitakse regulaarselt.",Infoturbejuht,
b64b42baed36d17fe29f69c3b1c3b3fd,DER.1,DER.1: Turvaintsidentide avastamine,3.3,3.3 Standardmeetmed,0e2dbb3f02d88642a5b5f719cb05ac58,DER.1.M9,DER.1.M9 Automaatsete avastussüsteemide rakendamine,"Vastutaja:  Infoturbejuht 
 Elutsükli etapp:  Käitamine 
   
 a. Kasutusele on võetud automaatsed turvaintsidentide avastussüsteemid, mis aitavad tuvastada ründeid, väärkasutust ja turvareeglite rikkumisi ning annavad turvahoiatuse ilma käsitsi sekkumiseta. 
 b. Turvaintsidentide avastamise tõhustamiseks rakendatakse keskselt hallatavat sissetungituvastuse süsteemi (ingl  Intrusion Detection System , IDS), mis jälgib kahtlast tegevust IT-süsteemides ja võrguliikluses, aidates tuvastada ründekatseid. 
 d. Välisvõrgu ja sisevõrgu vahelisest liiklusest võimalike rünnete tuvastamiseks kasutatakse võrkutungi tuvastuse süsteemi (ingl  Network Intrusion Detection System , NIDS), et avastada ebatavalist võrguliiklust ja võimalikke võrguründeid. 
 e. IT-süsteemide turvasündmuste logid on koondatud kesksesse turvateabe ja -sündmuste halduse (ingl  Security Information and Event Management , SIEM) süsteemi, mis võimaldab intsidente kiiremini ja tõhusamalt tuvastada.",Infoturbejuht,
b64b42baed36d17fe29f69c3b1c3b3fd,DER.1,DER.1: Turvaintsidentide avastamine,3.3,3.3 Standardmeetmed,37313222905d219d1c2be5847982a07a,DER.1.M12,DER.1.M12 Välisallikate teabe analüüs,"Vastutaja:  Infoturbejuht 
 Elutsükli etapp:  Käitamine 
   
 a. Organisatsioon jälgib regulaarselt usaldusväärseid välisallikaid, et saada teavet IT-süsteemidega seotud turvanõrkuste ja uute ohtude kohta. 
 b. Välisallikatest saadud teabe põhjal ajakohastatakse vajadusel organisatsiooni turvameetmeid ja juhiseid, et tagada turvaohtude õigeaegne tuvastamine ning vähendada turvaintsidentide tekke riski.",Infoturbejuht,
b64b42baed36d17fe29f69c3b1c3b3fd,DER.1,DER.1: Turvaintsidentide avastamine,3.3,3.3 Standardmeetmed,4479535c129b032ebf5a02413e0626e3,DER.1.M13,DER.1.M13 Regulaarne avastussüsteemide läbivaatus,"Vastutaja:  Infoturbejuht 
 Elutsükli etapp:  Käitamine 
   
 a. Avastussüsteemide ja nendes rakendatavate meetmete ajakohasust ning toimivust kontrollitakse regulaarselt, et tagada nende jätkuv sobivus organisatsiooni IT-keskkonna ja ohuteavitustasemega. 
 b. Vajadusel muudetakse avastussüsteemide seadistusi, reegleid ja häirete käsitlemise loogikat, et parandada turvasündmuste avastamist ja vähendada valeteavitusi.",Infoturbejuht,
b64b42baed36d17fe29f69c3b1c3b3fd,DER.1,DER.1: Turvaintsidentide avastamine,3.4,3.4 Kõrgmeetmed,97d20a1b9ae69254b014ecd14d43a542,DER.1.M15,DER.1.M15 Sündmusteadete reaalajaline keskhaldus,"Vastutaja:  Infoturbejuht 
 Elutsükli etapp:  Käitamine 
 Turvakomponent:  C; I; A 
   
 a. Kasutusel on keskne lahendus, kuhu koondatakse reaalajas turvasündmuste teated ja logid organisatsiooni olulistest IT-süsteemidest. 
 b. Lahendus analüüsib sündmusi automaatselt ja aitab tuvastada olukordi, mis võivad viidata ründele või väärkasutusele. 
 c. Kui süsteem tuvastab määratud kriitilise sündmuse, saadetakse automaatne hoiatus vastutavale töötajale või meeskonnale. 
 d. Hoiatuste tingimused vaadatakse regulaarselt üle ja ajakohastatakse, et olulised sündmused ei jääks märkamata ning tarbetuid valeteavitusi oleks vähem.",Infoturbejuht,
b64b42baed36d17fe29f69c3b1c3b3fd,DER.1,DER.1: Turvaintsidentide avastamine,3.4,3.4 Kõrgmeetmed,a5c9ece8b2bef201b09611e7f2ff758d,DER.1.M18,DER.1.M18 Failide tervikluse automaatkontroll,"Vastutaja:  Infoturbejuht 
 Elutsükli etapp:  Käitamine 
 Turvakomponent:  C; I 
   
 a. Oluliste IT-süsteemide kriitiliste failide terviklikkust kontrollitakse automaatselt ning terviklikkuse rikkumise korral saadetakse viivitamata automaatne hoiatus määratud vastutavale isikule.",Infoturbejuht,
aa50db19a13c59bf4f15fd7e4bf62db3,OPS.2.4,OPS.2.4: Tarneahela infoturve,3.2,3.2 Põhimeetmed,ad721d9a35af8143a36c493ec4aff19f,OPS.2.4.M1,OPS.2.4.M1 Teenuste turbe kavandamine,"Vastutaja:  Infoturbejuht 
 Elutsükli etapp:  Kavandamine 
   
 a. Tarneahelas on iga teenuseandja puhul arvestatud teenuse saaja infoturbe vajadusi hinnates vähemalt: 
 
 teenuseandja pääsu teenuse saaja sisevõrku; 
 teenuseandja pääsu teenuse saaja ärisaladusteni ja isikuandmeteni; 
 teenuse saaja äriprotsessi sõltuvust teenuse andjast ja tarneahelast. 
 
 b. Teenuseandja on võimeline klientidele tagama vähemalt kokku lepitud minimaalse infoturbe taseme. 
 c. Teenus on vastavuse seadusandlusest tulenevate (sh andmekaitse) nõuetega.",Infoturbejuht,
aa50db19a13c59bf4f15fd7e4bf62db3,OPS.2.4,OPS.2.4: Tarneahela infoturve,3.2,3.2 Põhimeetmed,ac038beeee85fe6f73762c8e19dd5f05,OPS.2.4.M3,OPS.2.4.M3 Turvanõuded allhankijate kasutamisel,"Vastutaja:  Infoturbejuht 
 Elutsükli etapp:  Kavandamine 
   
 a. Kui teenuseandja kasutab oma tarneahelas väljasttellimist, siis on tagatud, et kliendiga sõlmitud teenuslepingus sätestatud tingimuste täitmine ja nõutava turvataseme säilitamine. 
 b. Kliendile osutatava teenuse toimimiseks vajalike tööde üleandmisel allhankijale sõlmitakse teenuseandja ja allhankija vahel leping, milles kirjeldatakse üleantavad tööülesanded ja seonduvad turvanõuded. 
 c. Kliendil on õigus tutvuda teenuseandja ja tema allhankijate vaheliste lepetega kliendile osutatava teenuse osas.",Infoturbejuht,
aa50db19a13c59bf4f15fd7e4bf62db3,OPS.2.4,OPS.2.4: Tarneahela infoturve,3.2,3.2 Põhimeetmed,de97cc92b477444e298f55d906232f18,OPS.2.4.M4,OPS.2.4.M4 Klientide andmete eraldamise põhimõtted,"Vastutaja:  Infoturbejuht 
 Elutsükli etapp:  Käitamine 
   
 a. Teenuseandja on välja töötanud ja dokumenteerinud vahendid ja protseduurid, millega teenuseandja IT-süsteemides on erinevate klientide andmed ja käitluskeskkonnad üksteisest piisavalt turvaliselt eraldatud. 
 b. Teenuseandja on rakendanud kaitsetarbele vastavad meetmed klientide andmete eraldamiseks IT-süsteemides kogu tarneahela ulatuses. 
 c. Kliendil on soovi korral võimalik tutvuda, milliste vahendite ja protseduuridega tagatakse andmete eraldatus teiste klientide andmetest.",Infoturbejuht,
aa50db19a13c59bf4f15fd7e4bf62db3,OPS.2.4,OPS.2.4: Tarneahela infoturve,3.2,3.2 Põhimeetmed,2264aa4137692726027a609d8253ed08,OPS.2.4.M5,OPS.2.4.M5 Teenuseandja turvalise andmetöötluse põhimõtted,"Vastutaja:  Infoturbejuht 
 Elutsükli etapp:  Käitamine 
   
 a. Teenuseandja on koostanud ja avaldanud kõiki klientidele pakutavaid teenuseid hõlmavad privaatsus- ja konfidentsiaalsuspõhimõtted. 
 b. Teenuseandja andmetöötluspõhimõtted sisaldavad teenuseosutaja poolt järgitavaid turvalise andmetöötluse praktikaid ja rakendatavate turvameetmete üldistatud kirjeldusi. 
 d. Kliendiga kooskõlastatud turvalise andmetöötluse põhimõtted on osa kliendiga sõlmitavast teenuslepingust.",Infoturbejuht,
aa50db19a13c59bf4f15fd7e4bf62db3,OPS.2.4,OPS.2.4: Tarneahela infoturve,3.2,3.2 Põhimeetmed,5adcb1c4e03cd6b63f1350f2ac248500,OPS.2.4.M9,OPS.2.4.M9 Teenuslepingu perioodiline läbivaatus,"Vastutaja:  Infoturbejuht 
 Elutsükli etapp:  Käitamine 
   
 a. Teenuslepingus sätestatud turvanõuete täitmist kontrollitakse regulaarselt. 
 b. Teenuslepingus sisalduvad turvanõuded vaadatakse üle ja vajadusel ajakohastatakse teenusega seotud riskihinnangute ja seadusandlike aktide muutmisel.",Infoturbejuht,
aa50db19a13c59bf4f15fd7e4bf62db3,OPS.2.4,OPS.2.4: Tarneahela infoturve,3.2,3.2 Põhimeetmed,538ed812b23607b97b57be894d8c8e17,OPS.2.4.M10,OPS.2.4.M10 Teenuse kontaktisikute määramine ja turvaliste suhtluskanalite loomine,"Vastutaja:  Infoturbejuht 
 Elutsükli etapp:  Käitamine 
   
 a. Teenuseandja loob andmevahetuseks klientidega turvalised suhtluskanalid. 
 b. Teenuseandja ja klient on kokku leppinud ja dokumenteerinud, millist teavet suhtluspartnerite vahel edastatakse ning kes on poolte kontaktisikud. 
 c. Määratud kontaktisikute volituste kehtivust kontrollitakse regulaarselt.",Infoturbejuht,
aa50db19a13c59bf4f15fd7e4bf62db3,OPS.2.4,OPS.2.4: Tarneahela infoturve,3.2,3.2 Põhimeetmed,77ec20b188bdfab700b89f898d77aa6a,OPS.2.4.M23,OPS.2.4.M23 Kliendi andmete turvaline käitlemine,"Vastutaja:  Infoturbejuht 
 Elutsükli etapp:  Käitamine 
   
 a. Teenuseandja tagab erinevatele klientidele sarnaste teenuste pakkumisel kliendi andmete turvalise eraldatuse. 
 b. Kliendi nõudel esitab teenuseandja tehnilise kirjelduse, kuidas kliendi andmeid kaitstakse ning kuidas need on eraldatud avalikest ja teiste klientide andmetest.",Infoturbejuht,
aa50db19a13c59bf4f15fd7e4bf62db3,OPS.2.4,OPS.2.4: Tarneahela infoturve,3.3,3.3 Standardmeetmed,29496ae2c80278577380fbd5fc499ae7,OPS.2.4.M7,OPS.2.4.M7 Oluliste tarneahela osaliste asendamise kord,"Vastutaja:  Infoturbejuht 
 Elutsükli etapp:  Käitamine 
   
 a. Allhankijate teenuseid kasutav teenuseandja on koostanud oluliste teenuste tarnijate kohta alternatiivsete allhankijate loendi. 
 b. Allhankijaga sõlmitud lepingu korralisel või erakorralisel lõpetamisel on teenuseandjal võimalik ilma negatiivsete mõjutusteta ja olulise viivituseta tegevused üle anda teisele allhankijale või loobuda allhankija kasutamisest.",Infoturbejuht,
aa50db19a13c59bf4f15fd7e4bf62db3,OPS.2.4,OPS.2.4: Tarneahela infoturve,3.3,3.3 Standardmeetmed,8eceadac96d399fdb926ae58f8566d50,OPS.2.4.M8,OPS.2.4.M8 Teenuse turvalisuse tõstmine,"Vastutaja:  Infoturbejuht 
 Elutsükli etapp:  Kavandamine 
   
 a. Teenuseandja on dokumenteerinud protsessid teenuste loomiseks, testimiseks ja kasutuselevõtuks. 
 c. Teenuseandja on loonud protsessi teenusega seonduvate riskide sh allhankimisega seonduvate riskide hindamiseks.",Infoturbejuht,
aa50db19a13c59bf4f15fd7e4bf62db3,OPS.2.4,OPS.2.4: Tarneahela infoturve,3.3,3.3 Standardmeetmed,72a5fc0dafdbcacff9a038740ef5e931,OPS.2.4.M11,OPS.2.4.M11 Teenuse taasteplaan,"Vastutaja:  Infoturbejuht 
 Elutsükli etapp:  Käitamine 
   
 a. On koostatud teenuse taasteplaan, mis hõlmab mõlema teenusepoole asjakohaseid protsesse, komponente ja teenuseliideseid. 
 b. Teenuse taasteplaan on kooskõlastatud teenuse kliendiga. 
 c. Teenuseandja algatusel kontrollitakse taasteplaanis sisalduvate protseduuride toimimist regulaarselt.",Infoturbejuht,
aa50db19a13c59bf4f15fd7e4bf62db3,OPS.2.4,OPS.2.4: Tarneahela infoturve,3.3,3.3 Standardmeetmed,b125fba6580901e0c1a7ab08b2a5910b,OPS.2.4.M12,OPS.2.4.M12 Teenuseandja IT-süsteemide riskianalüüs,"Vastutaja:  Infoturbejuht 
 Elutsükli etapp:  Kavandamine 
   
 a. Enne uute IT-süsteemide või nende funktsioonide klientidele kättesaadavaks tegemist on teenuseandja läbi viinud riskianalüüsi ja määranud sobivad riskikäsitlusmeetmed. 
 b. Riskianalüüsi tulemid dokumenteeritakse ja neid kasutatakse infoturbe edasiseks täiustamiseks.",Infoturbejuht,
aa50db19a13c59bf4f15fd7e4bf62db3,OPS.2.4,OPS.2.4: Tarneahela infoturve,3.3,3.3 Standardmeetmed,d8b17508cf88c0923f6708853bf170ce,OPS.2.4.M13,OPS.2.4.M13 Turvalise andmevahetuse põhimõtted,"Vastutaja:  Infoturbejuht 
 Elutsükli etapp:  Kavandamine 
   
 a. Enne andmevahetuse alustamist lepitakse teenuseandja ja kliendi vahel kokku ja dokumenteeritakse vähemalt: 
 
 kasutatavad rakendused; 
 kasutatavad andmevormingud; 
 andmete konfidentsiaalsus-, terviklikus- ja käideldavuskriteeriumid; 
 teabevahetuse turbe meetmed; 
 suhtlusprotokoll ja tähtajad; 
 turvaintsidentide lahendamise kord; 
 rakendatavad turvamehhanismid. 
 
 b. Enne andmevahetuse käivitamist kontrollitakse andmesidekanaleid teadaolevate turvanõrkuste vastu. 
 c. Andmevahetuse toimimist testitakse enne teenuse kasutamist testandmetega.",Infoturbejuht,
aa50db19a13c59bf4f15fd7e4bf62db3,OPS.2.4,OPS.2.4: Tarneahela infoturve,3.3,3.3 Standardmeetmed,94066ef87487d00eac6930f613da1553,OPS.2.4.M14,OPS.2.4.M14 Teenuseandja IT-süsteemide seire,"Vastutaja:  Infoturbejuht 
 Elutsükli etapp:  Käitamine 
   
 a. Kliendile osutavate teenustega seotud IT-süsteemide toimimist seiratakse pidevalt kokkulepitud teenuse kvaliteedikriteeriumidele vastavalt.",Infoturbejuht,
aa50db19a13c59bf4f15fd7e4bf62db3,OPS.2.4,OPS.2.4: Tarneahela infoturve,3.3,3.3 Standardmeetmed,19c34366ae0ccb47a85539184d682ae6,OPS.2.4.M15,OPS.2.4.M15 Kliendile esitatavad aruanded,"Vastutaja:  Infoturbejuht 
 Elutsükli etapp:  Käitamine 
   
 a. Kliendiga on kokku lepitud tüüparuande vorm ja kasutatavad suhtluskanalid. 
 b. Teenuseandja esitab kliendile kindlaksmääratud ajavahemike järel aruande teenuse toimimisest. 
 c. Eelseisvatest teenusega seotud muudatustest teavitatakse klienti võimalikult varajases etapis.",Infoturbejuht,
aa50db19a13c59bf4f15fd7e4bf62db3,OPS.2.4,OPS.2.4: Tarneahela infoturve,3.3,3.3 Standardmeetmed,47fc5ecf511f956480dbca22b77fb612,OPS.2.4.M16,OPS.2.4.M16 Teenuse tarneahela läbipaistvuse tagamine,"Vastutaja:  Infoturbejuht 
 Elutsükli etapp:  Käitamine 
   
 a. Teenuseandja on dokumenteerinud allhankijate osalusega protsessid, peamised tulemusnäitajad, teenuse osutamisega seotud allhankijad ja nendega sõlmitud lepingud. 
 b. Teenuseandja kontrollib regulaarselt allhankijatega seotud dokumentatsiooni aja- ja asjakohasust. Allhankijatega sõlmitud lepingute muudatused dokumenteeritakse.",Infoturbejuht,
aa50db19a13c59bf4f15fd7e4bf62db3,OPS.2.4,OPS.2.4: Tarneahela infoturve,3.3,3.3 Standardmeetmed,d2d3946d7c9b866fd8d5856fbe9cf3fc,OPS.2.4.M17,OPS.2.4.M17 Teenuseandja töötajate pääsuõiguste reguleerimine,"Vastutaja:  Infoturbejuht 
 Elutsükli etapp:  Käitamine 
   
 a. Teenuseandja töötajate sissepääsu ruumidesse, süsteemidesse ja võrkudesse ning juurdepääsu andmetele ja tarkvarale reguleeritakse sobivate korralduslike ja tehniliste vahenditega. 
 b. Pääsuõigused on jagatud minimaalsuse põhimõttel vastavalt tööalastele vajadustele.",Infoturbejuht,
aa50db19a13c59bf4f15fd7e4bf62db3,OPS.2.4,OPS.2.4: Tarneahela infoturve,3.3,3.3 Standardmeetmed,b4256294447ea1858f4b95184dc867d1,OPS.2.4.M18,OPS.2.4.M18 Allhankija töötajate teadlikkuse tõstmine,"Vastutaja:  Infoturbejuht 
 Elutsükli etapp:  Käitamine 
   
 a. Allhankija töötajaid on juhendatud nende tööülesannete täitmise osas ning teavitatud kehtivatest infoturbe nõuetest ja infoturvet reguleerivatest dokumentidest. 
 b. Allhankija töötajad on kinnitanud, et kohustuvad järgima neile eelnevalt tutvumiseks esitatud eeskirju, protseduurireegleid, infoturbe nõudeid ja konfidentsiaalsuslepinguid. 
 c. Kõrgendatud turvanõuete puhul kontrollitakse allhankijate töötajate tausta ja vastavust teenuseandja või kliendi kehtestatud kvalifikatsiooninõuetele.",Infoturbejuht,
aa50db19a13c59bf4f15fd7e4bf62db3,OPS.2.4,OPS.2.4: Tarneahela infoturve,3.3,3.3 Standardmeetmed,bb973fd7f32ffed2324fd27f3d9fc9ad,OPS.2.4.M19,OPS.2.4.M19 Teenuseandja töötajate taustakontroll,"Vastutaja:  Infoturbejuht 
 Elutsükli etapp:  Kavandamine 
 Turvakomponent:  C; I 
   
 a. Teenuseandja kontrollib enne töölepingu sõlmimist uute töötajate ja välispersonali usaldusväärsust. 
 b. Teenusepooled lepivad kokku teenuseandja töötajate taustakontrolli läbiviimise kriteeriumid.",Infoturbejuht,
aa50db19a13c59bf4f15fd7e4bf62db3,OPS.2.4,OPS.2.4: Tarneahela infoturve,3.3,3.3 Standardmeetmed,c2c22bfc618a07b21ecf17b854afadd6,OPS.2.4.M22,OPS.2.4.M22 Teenuseandja infoturbe läbivaatus,"Vastutaja:  Infoturbejuht 
 Elutsükli etapp:  Käitamine 
   
 a. Teenuslepingus määratletud turvanõuete rakendamist teenuseandja juures kontrollitakse regulaarselt. 
 b. Teenuseandja infoturbe läbivaatuste tulemused dokumenteeritakse.",Infoturbejuht,
aa50db19a13c59bf4f15fd7e4bf62db3,OPS.2.4,OPS.2.4: Tarneahela infoturve,3.4,3.4 Kõrgmeetmed,7416521128d00081059af74d744bad4e,OPS.2.4.M20,OPS.2.4.M20 Teenuseandja andmesidekanalite ja salvestatud andmete krüpteerimine,"Vastutaja:  Infoturbejuht 
 Elutsükli etapp:  Käitamine 
 Turvakomponent:  C; I 
   
 a. Kliendi andmete turvaliseks edastamiseks ning säilitamiseks teenuseandja juures on kokku lepitud andmete kaitsetarbest lähtuvad turvalised krüpteerimismehhanismid. 
 b. Andmete krüpteerimismehhanismide toimimist kontrollitakse regulaarselt.",Infoturbejuht,
51eb8c56a8c3dc51a2f38803c2dd0709,DER.3,DER.3: Turvatestimised ja õppused,3.2,3.2 Põhimeetmed,ce35389227566640a9a66acf85eedd85,DER.3.M1,DER.3.M1 Turvatestimiste ja -õppuste kavandamine,"Vastutaja:  Organisatsiooni juhtkond 
 Elutsükli etapp:  Kavandamine 
   
 a. Organisatsioon on koostanud turvatestimiste ja -õppuste programmi, et parendada organisatsiooni valmisolekut reageerida ja taastuda IT-süsteemide häiringutest. Programm sisaldab vähemalt järgmist: 
 
 testitavad äriprotsessid ja IT-süsteemid; 
 testimise või õppuse tüüp (nt lauaõppus, funktsionaalne õppus); 
 plaanitud teostusaeg; 
 vastutav isik; 
 seotud osapooled. 
 
 b. Turvatestimiste ja -õppuste vajaduse, sageduse ja ulatuse kavandamisel arvestatakse äriprotsesside ja IT-süsteemide osas läbiviidud riskihinnanguid. 
 c. Turvatestimiste ja -õppuste kavandamisel arvestatakse IT-süsteemide kaitsetarvet.",Infoturbejuht,
51eb8c56a8c3dc51a2f38803c2dd0709,DER.3,DER.3: Turvatestimised ja õppused,3.2,3.2 Põhimeetmed,d0408a02673f08eff3cb4762f84cf45f,DER.3.M2,DER.3.M2 Turvatestimiste ja -õppuste korraldamine,"Vastutaja:  Organisatsiooni juhtkond 
 Elutsükli etapp:  Kavandamine 
   
 a. Igale turvatestimisele või -õppusele on määratud konkreetne omanik ja selgitatud välja seotud osapooled. 
 b. Väljastpoolt organisatsiooni tellitud turvatestimiste ja -õppuste puhul on selgelt määratletud osapoolte vastutused. 
 c. Turvatestimised ja -õppused viiakse läbi eelnevalt välja töötatud ja dokumenteeritud metoodika kohaselt. 
 d. Turvatestimiste ja -õppuste tulemused dokumenteeritakse.",Infoturbejuht,
51eb8c56a8c3dc51a2f38803c2dd0709,DER.3,DER.3: Turvatestimised ja õppused,3.2,3.2 Põhimeetmed,15861f980ea2ea017927760cf713e685,DER.3.M3,DER.3.M3 Turvatestimiste ja -õppuste turvaline läbiviimine,"Vastutaja:  Infoturbejuht 
 Elutsükli etapp:  Käitamine 
   
 a. Iga turvatestimise puhul on määratletud konkreetne käsitlusala (IT-süsteemid, võrgusektsioonid, keskkonnad, ajaraamistik), mida testitakse. Vajadusel tuuakse välja erandid, mille testimine on keelatud. 
 c. Turvatestimise või -õppuse läbiviija vastutab selle eest, et olemas oleks vajalikud kooskõlastused ning turvatestimise käigus ei rikuta andmekaitse alaseid regulatsioone ega avalikustata konfidentsiaalseks klassifitseeritud teavet. 
 d. Turvatestimise käigus kogutud logisid ja asitõendeid käsitletakse turvaliselt ja need kustutatakse pärast turvatestimise lõpetamist. 
 e. Igal ajahetkel on võimalik testimine katkestada ja vajadusel taastada testimiseelne olukord.",Infoturbejuht,
51eb8c56a8c3dc51a2f38803c2dd0709,DER.3,DER.3: Turvatestimised ja õppused,3.3,3.3 Standardmeetmed,23c70cfc218cc0c17bf674349dd31d61,DER.3.M4,DER.3.M4 Ühised turva- ja kriisiõppused koos teenuseandjaga,"Vastutaja:  Kriisijuht 
 Elutsükli etapp:  Käitamine 
   
 a. Organisatsioon viib koos teenuseandjatega regulaarselt läbi ühiseid turva- ja kriisiõppuseid. Teenuseandjatega, kellest sõltub kriitilise äriprotsesside toimimine, korraldatakse ühisõppuseid vähemalt kord aastas. 
 b. Ühisõppuste tulemusi kasutatakse äriprotsesside talitluspidevuse plaani ja ühiste intsidendihalduse protsesside täiustamiseks.",Infoturbejuht,
51eb8c56a8c3dc51a2f38803c2dd0709,DER.3,DER.3: Turvatestimised ja õppused,3.3,3.3 Standardmeetmed,9f72f8537f09bf59b7a78b0411793d2f,DER.3.M5,DER.3.M5 Turvatestimiste ja -õppuste tulemustest õppimine,"Vastutaja:  Infoturbejuht 
 Elutsükli etapp:  Käitamine 
   
 a. Turvatestimiste ja -õppuste käigus dokumenteeritud leidude põhjal koostatakse tegevusplaan seotud riskide leevendamiseks. 
 b. Turvatestimiste ja -õppuste tulemeid arvestatakse sisenditena riskihalduse protsessi. Vajadusel muudetakse riskihindamise tulemusi ja korrigeeritakse riskikäsitlusplaani. 
 c. Regulaarselt mõõdetakse turvaõppustest saadavat kasu (nt kas petukirjadele vastamise määr pärast vastavasisulist õppust ja testimist reaalselt vähenes).",Infoturbejuht,
1f31e75eee0c9b4a6782f7ed32a3d32a,OPS.2.5,OPS.2.5: X-tee andmeteenus,3.2,3.2 Põhimeetmed,e046d3972b282d21b42a89300c60a548,OPS.2.5.M1,OPS.2.5.M1 X-tee andmeteenuse kasutamise või andmise kavandamine,"Vastutaja:  IT-juht 
 Elutsükli etapp:  Kavandamine 
   
 a. On läbi viidud X-tee andmeteenuse vajaduse ning nõuete analüüs, milles käsitletakse vähemalt järgmist: 
 
 äriprotsessis või -teenuse andmevahetusvajaduste tuvastamine; 
 andmevahetuse kooseisus olevate andmete töötlemise õiguslikud alused; 
 isikuandmete olemasolu ning selliste andmete töötlemise reeglid; 
 andmete puhverdamise lubatavus ja ajalised piirid; 
 käideldavusnõuete määratlemine. 
 
 b. Lähtuvalt läbiviidud analüüsist ning organisatsiooni võimekusest on valitud X-tee kasutusmudel: kas turvaserveri teenuse sisseostmine või turvaserveri omamine. 
 c. Lähtuvalt andmeteenust kasutatava äriprotsessi nõuetest ning koostöös turvaserveri omanikuga määratakse turvaserveri teenuse sisu ja turvaserveri suutvusnäitajad: 
 
 andmevahetuse tõestusväärtuse tase, sh kvalifitseeritud e-templite kasutamise vajadus; 
 ajatembelduse sagedus ning lubatud viivitus; 
 sõnumilogi detailsuse nõuded; 
 sõnumilogi säilitustähtajad ning sõnumilogi juurdepääsu reeglid.",IT-juht,
1f31e75eee0c9b4a6782f7ed32a3d32a,OPS.2.5,OPS.2.5: X-tee andmeteenus,3.2,3.2 Põhimeetmed,4a1fae28495891bcac1a5f956fdc97de,OPS.2.5.M2,OPS.2.5.M2 Liitumisleping X-tee kasutamiseks,"Vastutaja:  IT-juht 
 Elutsükli etapp:  Kavandamine 
   
 a. X-tee kasutamiseks on sõlmitud X-tee liitumisleping. 
 b. Määratud on volitatud administratiivsed ja tehnilised kontaktisikud. 
 c. Teavituste saamise e-posti aadress on suunatud eraldiseisvale aadressile või meiligruppi, mille saajaid on rohkem kui üks inimene.",IT-juht,
1f31e75eee0c9b4a6782f7ed32a3d32a,OPS.2.5,OPS.2.5: X-tee andmeteenus,3.2,3.2 Põhimeetmed,073f281ef1ee5c256a6c2f8c0a1e2b70,OPS.2.5.M3,OPS.2.5.M3 Usaldusteenuste lepingud,"Vastutaja:  IT-juht 
 Elutsükli etapp:  Käitamine 
   
 a. Organisatsioon on sõlminud usaldusteenuste tarbimiseks lepingud. 
 c. Organisatsiooni volitatud administratiivsed ja tehnilised kontaktisikud on usaldusteenuste osutaja juures registreeritud. 
 d. Teavituste saamise e-posti aadress on suunatud eraldiseisvale aadressile või meiligruppi, mille saajaid on rohkem kui üks inimene.",IT-juht,
1f31e75eee0c9b4a6782f7ed32a3d32a,OPS.2.5,OPS.2.5: X-tee andmeteenus,3.2,3.2 Põhimeetmed,595e4e0485613f32996690fa0710324b,OPS.2.5.M4,OPS.2.5.M4 E-templi sertifikaatide haldus,"Vastutaja:  IT-juht 
 Elutsükli etapp:  Käitamine 
   
 a. Koostöös turvaserveri omanikuga tagatakse e-templi sertifikaatide (ingl  signing certificate ) õigeaegne uuendamine. 
 b. Kasutuselt eemaldatud e-templi sertifikaatide tühistamise taotlus esitatakse usaldusteenuse pakkujale viivitamatult.",IT-juht,
1f31e75eee0c9b4a6782f7ed32a3d32a,OPS.2.5,OPS.2.5: X-tee andmeteenus,3.2,3.2 Põhimeetmed,993378ef7cf3735a02690ff6de6643f2,OPS.2.5.M5,OPS.2.5.M5 X-tee andmeteenuse avaldamine turvaserveri kaudu,"Vastutaja:  IT-juht 
 Elutsükli etapp:  Käitamine 
   
 a. X-tee andmeteenuse ja selle otspunktide tehnilised parameetrid on avaldatud Riigi infosüsteemi haldussüsteemis (RIHA). 
 b. On kokku lepitud X-tee andmeteenuse nõutav tõestusväärtus. 
 c. On kokku lepitud pääsuloendi uuendamise ja kontrollimise kord. 
 d. Igal IT-süsteemil või selle loogilisel osal on andmeteenuste andmiseks eraldiseisev X-tee alamsüsteem. 
 e. X-tee andmeteenuse tarbimine ilma volitatud turvaserveri vahenduseta on blokeeritud.",IT-juht,
1f31e75eee0c9b4a6782f7ed32a3d32a,OPS.2.5,OPS.2.5: X-tee andmeteenus,3.2,3.2 Põhimeetmed,05a88b4ee9ba8ff3307ef223d83a153b,OPS.2.5.M6,OPS.2.5.M6 X-tee andmeteenuse tarbimine turvaserveri vahendusel,"Vastutaja:  IT-juht 
 Elutsükli etapp:  Käitamine 
   
 a. Turvaserveri teenust tarbitakse ainult turvaserveri omanikuga kokkulepitud viisil ning aadressidelt. 
 b. Igal IT-süsteemil või selle loogilisel osal on andmeteenuste tarbimiseks eraldiseisev X-tee alamsüsteem. 
 c. X-tee sõnumites kasutatakse unikaalseid sõnumi identifikaatoreid. 
 d. X-tee sõnumitesse on lisatud autenditud kasutajaga seotud unikaalne tunnus. 
 e. X-tee turvaserveri teenuse tarbimine ilma volitatud infosüsteemi vahenduseta on blokeeritud. 
 i. On kokku lepitud X-tee andmeteenuse nõutav tõestusväärtus.",IT-juht,
1f31e75eee0c9b4a6782f7ed32a3d32a,OPS.2.5,OPS.2.5: X-tee andmeteenus,3.2,3.2 Põhimeetmed,d94584def9cb0be9e925174099993574,OPS.2.5.M7,OPS.2.5.M7 X-tee andmeteenuste kokkulepped,"Vastutaja:  IT-juht 
 Elutsükli etapp:  Käitamine 
   
 a. Andmeteenuse andmine ja tarbimine baseerub kahepoolsel kokkuleppel, milles muuhulgas kirjeldatakse: 
 
 andmeteenuse olemus; 
 õiguslikud alused; 
 administratiivsed ja tehnilised kontaktandmed ning nende uuendamise kord; 
 käideldavusnõuded; 
 andmeteenuse andmise ja tarbimise X-tee identifikaatorid; 
 andmeteenuse osutamise või tarbimise turvaserverite tunnused või võrguaadressid; 
 vastastikune turvalise halduse tõendamise viis ning regulaarsus. 
 
 b. Andmeteenuse tarbijat teavitatakse: 
 
 muutustest andmeteenuse olemuses; 
 andmeteenuse hooldustöödest ja nende kestvusest. 
 
 c. Andmeteenuse andjat teavitatakse: 
 
 andmeteenuse kasutuskoormuste olulistest/oodatavatest muutustest; 
 andmeteenuse kasutamise lõpetamisest.",IT-juht,
1f31e75eee0c9b4a6782f7ed32a3d32a,OPS.2.5,OPS.2.5: X-tee andmeteenus,3.2,3.2 Põhimeetmed,ed73ac2fe0d17a2716b710445d8920f9,OPS.2.5.M8,OPS.2.5.M8 X-tee andmeteenuse turvaline liidestamine,"Vastutaja:  IT-juht 
 Elutsükli etapp:  Käitamine 
   
 a. Turvaserveri ja andmeteenuse vahel on rakendatud vastastikku autenditud TLS ühendus, mille turvaserveri ja infosüsteemi TLS sertifikaate verifitseeritakse. 
 b. Iga andmeteenuse andja ja -tarbija kasutab unikaalset TLS võtit, mille taas- või mitmikkasutamine on keelatud. 
 d. Andmeteenuse kasutamine on võimalik ainult volitatud turvaserveri vahendusel.",IT-juht,
1f31e75eee0c9b4a6782f7ed32a3d32a,OPS.2.5,OPS.2.5: X-tee andmeteenus,3.2,3.2 Põhimeetmed,486b0be1751ab5665aba4889e9497189,OPS.2.5.M9,OPS.2.5.M9 X-tee andmeteenuse arendamine ning testimine,"Vastutaja:  IT-juht 
 Elutsükli etapp:  Käitamine 
   
 a. Turvaserveri ja andmevahetuse liidestuse arendus- ning testimistööd teostatakse vastavalt arendus- või testkeskkonnas. 
 b. Arendus- ja testkeskkondades ei tohi kasutada käidukeskkonna andmeid ega teenuseid.",IT-juht,
1f31e75eee0c9b4a6782f7ed32a3d32a,OPS.2.5,OPS.2.5: X-tee andmeteenus,3.2,3.2 Põhimeetmed,a38fe9e8a3d05c3c72ce7482bde6e2c3,OPS.2.5.M11,OPS.2.5.M11 X-tee andmeteenuse andmise lõpetamine,"Vastutaja:  IT-juht 
 Elutsükli etapp:  Kõrvaldamine 
   
 a. X-tee andmeteenuse lõpetamine järgib selleks koostatud tähtaegu sisaldavat tegevuskava. 
 b. Kasutuselt kõrvaldatud teenuste seadistused eemaldatakse turvaserveri konfiguratsioonist. 
 d. Turvaserveri ja infosüsteemi vaheliseks suhtluseks kasutatud TLS võtmed hävitatakse ning välistatakse nende taaskasutus.",IT-juht,
1f31e75eee0c9b4a6782f7ed32a3d32a,OPS.2.5,OPS.2.5: X-tee andmeteenus,3.3,3.3 Standardmeetmed,69a2e28aa1f4f0652b805dfcd8129e39,OPS.2.5.M14,OPS.2.5.M14 X-tee andmeteenuse dokumentatsiooni regulaarne ülevaatus,"Vastutaja:  IT-juht 
 Elutsükli etapp:  Käitamine 
   
 a. Regulaarselt kontrollitakse X-tee andmeteenuse: 
 
 vajaduse olemasolu; 
 õiguslike aluste kehtivust; 
 pääsuloendi ajakohasust; 
 andmeteenuse kasutamise kokkuleppes toodud tingimustele vastavust; 
 avaldatud dokumentatsiooni ja kirjelduste ajakohasust.",IT-juht,
1f31e75eee0c9b4a6782f7ed32a3d32a,OPS.2.5,OPS.2.5: X-tee andmeteenus,3.4,3.4 Kõrgmeetmed,2efd5e236b50bae15995f72294d5d696,OPS.2.5.M18,OPS.2.5.M18 X-tee andmeteenuse kõrgkäideldavus,"Vastutaja:  IT-juht 
 Elutsükli etapp:  Kavandamine 
 Turvakomponent:  A 
   
 a. X-tee andmeteenuse tõrkekindluse tagamiseks ja jõudluse parandamiseks käitatakse teenuseid mitmes eksemplaris, liikluse suunamiseks kasutatakse koormusjaoturit. 
 b. Andmeteenuse eksemplaride sünkroonsus tagatakse tehniliste meetmetega.",IT-juht,
1f31e75eee0c9b4a6782f7ed32a3d32a,OPS.2.5,OPS.2.5: X-tee andmeteenus,3.4,3.4 Kõrgmeetmed,749becbd2482272f0e472960c881ebed,OPS.2.5.M19,OPS.2.5.M19 Organisatsiooni e-templi privaatvõtme turvaline kasutamine,"Vastutaja:  IT-juht 
 Elutsükli etapp:  Käitamine 
 Turvakomponent:  C 
   
 a. Koostöös turvaserveri omanikuga tagatakse, et X-teel kasutatava e-templi privaatvõtme loomisel, kasutamisel ja hoidmisel kasutatakse kvalifitseeritud e-templi loomise vahendit (ingl  Hardware Security Module , HSM).",IT-juht,
1f31e75eee0c9b4a6782f7ed32a3d32a,OPS.2.5,OPS.2.5: X-tee andmeteenus,3.4,3.4 Kõrgmeetmed,3796c1732b9514c8614337132d9c833a,OPS.2.5.M20,OPS.2.5.M20 Kvalifitseeritud e-templite kasutamine,"Vastutaja:  IT-juht 
 Elutsükli etapp:  Käitamine 
 Turvakomponent:  C; I 
   
 a. Andmevahetuse tõendusväärtuse parandamiseks nõuab andmeteenuse andja andmeteenuse tarbijatelt kvalifitseeritud e-templi kasutamist. 
 b. Andmeteenuse andja kasutab päringuvastustes kvalifitseeritud e-templit.",IT-juht,
324f0b1bdd193bd08a8390083aeeba4f,DER.2.1,DER.2.1: Turvaintsidentide käsitlus,3.2,3.2 Põhimeetmed,40e0c827cc5d5e84b1a4f0530fe41ba2,DER.2.1.M1,DER.2.1.M1 Turvaintsidendi määratlemine,"Vastutaja:  Infoturbejuht 
 Elutsükli etapp:  Kavandamine 
   
 a. Organisatsioon on kehtestanud turvaintsidendi määratluse, mis võimaldab eristada turvaintsidenti tavapärasest IT-tõrkest või teenuse rikkest. 
 b. Turvaintsidendi määratlus on dokumenteeritud ja kättesaadav isikutele, kes osalevad intsidentide käsitluses. 
 c. Turvaintsidendi määratlus arvestab organisatsiooni äriprotsesside, IT-süsteemide ja andmete kaitsetarvet ning võimalikku mõju konfidentsiaalsusele, terviklusele ja käideldavusele.",Infoturbejuht,
324f0b1bdd193bd08a8390083aeeba4f,DER.2.1,DER.2.1: Turvaintsidentide käsitlus,3.2,3.2 Põhimeetmed,890cae3a984c47011c198ac27ce66728,DER.2.1.M2,DER.2.1.M2 Turvaintsidentide käsitluse juhend,"Vastutaja:  Infoturbejuht 
 Elutsükli etapp:  Kavandamine 
   
 a. Organisatsioonis on kehtestatud ja dokumenteeritud turvaintsidentide käsitluse juhend, milles on määratletud käsitluse ulatus ning juhendi kohaldamisala. 
 b. Juhendis on kirjeldatud eri liiki turvaintsidentide käsitlemise põhimõtted, rollid ja vastutused, teavitamise ja dokumenteerimise kord ning eskalatsioonireeglid.",Infoturbejuht,
324f0b1bdd193bd08a8390083aeeba4f,DER.2.1,DER.2.1: Turvaintsidentide käsitlus,3.2,3.2 Põhimeetmed,fa8e552ff434c9c2aad611f414ea53a5,DER.2.1.M3,DER.2.1.M3 Intsidendite käsitlemise kontaktisikute määramine,"Vastutaja:  Infoturbejuht 
 Elutsükli etapp:  Kavandamine 
   
 a. Organisatsioonis on määratud turvaintsidentide käsitlemise eest vastutavad rollid ning nende ülesanded ja otsustuspädevus. 
 b. Turvaintsidentide käsitlusega seotud töötajate pädevus on tagatud asjakohase koolituse või väljaõppe kaudu. 
 c. On määratud eskalatsiooni kord, sealhulgas otsustajad, kelle pädevuses on tõsisemate juhtumite suunamine täiendavale uurimisele või kriminalistikamenetlusele. 
 d. Turvaintsidentide lahendamise kontaktisikute teave on ajakohane ning kättesaadav töötajatele, kelle ülesanded seda eeldavad. 
 e. Vajadusel moodustatakse turvaintsidentide käsitluseks töörühm, kaasates selleks vajaliku oskusteabega spetsialiste vastavalt intsidendi olemusele ja mõjule.",Infoturbejuht,
324f0b1bdd193bd08a8390083aeeba4f,DER.2.1,DER.2.1: Turvaintsidentide käsitlus,3.2,3.2 Põhimeetmed,035016d757ce4f69e794605a129fbc18,DER.2.1.M4,DER.2.1.M4 Turvaintsidendist teavitamine,"Vastutaja:  Infoturbejuht 
 Elutsükli etapp:  Käitamine 
   
 a. Turvaintsidendi tuvastamisel teavitatakse viivitamata määratud organisatsioonisiseseid ja -väliseid rolle vastavalt turvaintsidentide käsitluse juhendile. 
 b. Intsidendi olemusest ja mõjust lähtuvalt hinnatakse, kas käsitlusse tuleb kaasata täiendavaid rolle, sh andmekaitsespetsialist, jurist või organisatsiooni juhtkond. 
 c. Turvaintsidendi korral hinnatakse, kas juhtumiga kaasneb seadusest või lepingust tulenev teavitamiskohustus. Kohustuse olemasolul teavitatakse pädevaid asutusi või teisi asjaomaseid osapooli õigusaktides sätestatud tähtaja jooksul, kasutades selleks turvalisi suhtluskanaleid. 
 d. Organisatsioon on määranud volitatud kontaktisiku, kes edastab turvaintsidentidega seotud teavet välistele osapooltele.",Infoturbejuht,
324f0b1bdd193bd08a8390083aeeba4f,DER.2.1,DER.2.1: Turvaintsidentide käsitlus,3.2,3.2 Põhimeetmed,92589d1da89ab2483f0109eb8133a84c,DER.2.1.M5,DER.2.1.M5 Turvaintsidendi lahendamise kord,"Vastutaja:  IT-juht 
 Elutsükli etapp:  Käitamine 
   
 a. Turvaintsidendi korral rakendatakse viivitamata meetmeid intsidendi mõju piiramiseks ja edasise kahju vältimiseks, sealhulgas mõjutatud IT-süsteemide või komponentide isoleerimine. 
 b. Turvaintsidendi käsitlemise käigus dokumenteeritakse tehtud tegevused, tuvastatud asjaolud ja esialgne hinnang intsidendi põhjusele. 
 c. Vajadusel kaasatakse intsidendi lahendamisse asjakohase pädevusega organisatsioonisisesed või -välised spetsialistid ning suhtlus toimub turvaliste kanalite kaudu. 
 d. Intsidendi käsitlemiseks vajalikud andmed ja logid säilitatakse viisil, mis võimaldab nende hilisemat analüüsi.",Infoturbejuht,
324f0b1bdd193bd08a8390083aeeba4f,DER.2.1,DER.2.1: Turvaintsidentide käsitlus,3.2,3.2 Põhimeetmed,d4ea882a2de815571cea04a0f6ae7180,DER.2.1.M6,DER.2.1.M6 Töökeskkonna taastamine pärast turvaintsidenti,"Vastutaja:  IT-juht 
 Elutsükli etapp:  Käitamine 
   
 c. Intsidendijärgselt kontrollitakse mõjutatud seadme operatsioonisüsteemi ja rakendusi võimalike volitamata muudatuste ja mõjude tuvastamiseks ning vajadusel paigaldatakse puuduvad turvauuendused. 
 d. Andmete taastamisel kontrollitakse andmete õigsust ja terviklust. Varukoopiate kasutamisel veendutakse, et need ei ole turvaintsidendist mõjutatud. 
 e. Enne mõjutatud seadmete taaskasutuselevõttu muudetakse seadmes kasutatud paroolid, tehakse turvakontroll ja kontrollitakse koos kasutajaga seadme nõuetekohast toimimist. 
 f. Pärast taastamist seiratakse mõjutatud seadmete võrguliiklust ning veendutakse, et turvaintsidendi mõju on kõrvaldatud.",Infoturbejuht,
324f0b1bdd193bd08a8390083aeeba4f,DER.2.1,DER.2.1: Turvaintsidentide käsitlus,3.3,3.3 Standardmeetmed,9d617bbd8f824bc63affc8bdeeef018d,DER.2.1.M10,DER.2.1.M10 Turvaintsidentide toime piiramine,"Vastutaja:  Infoturbejuht 
 Elutsükli etapp:  Käitamine 
   
 a. Turvaintsidendi käsitlemise käigus kogutakse teavet ja hinnatakse süstemaatiliselt intsidendi mõju organisatsiooni äriprotsessidele, IT-süsteemidele ja andmetele. 
 b. Tõenäolised intsidendistsenaariumid võetakse sisendiks IT-süsteemide toibumisplaanides ja talitluspidevusplaanis, vajadusel muudetakse IT-süsteeme või äriprotsesse.",Infoturbejuht,
324f0b1bdd193bd08a8390083aeeba4f,DER.2.1,DER.2.1: Turvaintsidentide käsitlus,3.3,3.3 Standardmeetmed,33bb3cf327fe3549de8ec5884c38b114,DER.2.1.M12,DER.2.1.M12 Turvaintsidentide ja IT-intsidentide käsitluse ühendamine,"Vastutaja:  IT-juht 
 Elutsükli etapp:  Käitamine 
   
 a. Organisatsioonis on turvaintsidentide ja IT-intsidentide käsitlusprotsessid omavahel kooskõlastatud ning määratletud nendevahelised seosed. 
 b. Intsidentide hindamine ja kategoriseerimine toimub ühtsete põhimõtete alusel, et tagada võrreldav ja efektiivne intsidendikäsitlus. 
 c. Turvaintsidentide ja IT-intsidentide käsitlejatel on vajalikus ulatuses juurdepääs teabele ja töövahenditele, mis võimaldavad intsidente koordineeritult menetleda. 
 d. IT- ja infoturbe töötajad teevad valdkonnaüleste intsidentide lahendamisel koostööd.",Infoturbejuht,
324f0b1bdd193bd08a8390083aeeba4f,DER.2.1,DER.2.1: Turvaintsidentide käsitlus,3.3,3.3 Standardmeetmed,b1390913805604d8c89c082955f203d8,DER.2.1.M13,DER.2.1.M13 Toimepidevuse tagamine,"Vastutaja:  Kriisijuht 
 Elutsükli etapp:  Käitamine 
   
 a. Suure mõjuga turvaintsidendi korral hinnatakse talitluspidevusplaani (ingl  business continuity plan , BCP) rakendamise vajadust ning aktiveeritakse see vastavalt kehtestatud korrale. 
 b. Talitluspidevusplaani rakendumisel toimub intsidendi käsitlemine koordineeritult kriisijuhtimise korra alusel. 
 c. Tulenevalt intsidendi olemusest ja mõjust on võimalik intsidendi lahendamisse kaasata täiendavaid eksperte.",Infoturbejuht,
324f0b1bdd193bd08a8390083aeeba4f,DER.2.1,DER.2.1: Turvaintsidentide käsitlus,3.3,3.3 Standardmeetmed,2e2db6349f27ce15967aaa567134c242,DER.2.1.M14,DER.2.1.M14 Turvaintsidentide lahendamise eskalatsiooniplaan,"Vastutaja:  IT-juht 
 Elutsükli etapp:  Kavandamine 
   
 a. Organisatsioonis on kehtestatud turvaintsidentide lahendamise eskalatsiooniplaan, milles on määratletud intsidendi raskusastmest sõltuvad eskalatsioonitasemed. 
 b. Eskalatsiooniplaanis on kirjeldatud, millistel tingimustel ja millises järjekorras suunatakse turvaintsident lahendamiseks kõrgemale juhtimis- või spetsialistitasemele ning mis hetkest kaasatakse intsidentide lahendamisse välised osapooled. 
 c. Eskalatsiooniplaani rakendamiseks valitakse vahendid ja teavitusteed, mis on kättesaadavad ka eriolukorras ning sobivad konfidentsiaalse teabe jagamiseks.",Infoturbejuht,
324f0b1bdd193bd08a8390083aeeba4f,DER.2.1,DER.2.1: Turvaintsidentide käsitlus,3.3,3.3 Standardmeetmed,951d857fd81b1ac7fd8d5357901cdb8a,DER.2.1.M16,DER.2.1.M16 Turvaintsidentide dokumenteerimine,"Vastutaja:  Infoturbejuht 
 Elutsükli etapp:  Käitamine 
   
 a. Turvaintsidendid dokumenteeritakse kehtestatud protseduuri kohaselt, kasutades ühtset aruandevormi või infosüsteemi. 
 b. Turvaintsidendi aruandes kajastatakse intsidendi ajaline kulg, toimunud sündmused, intsidendikäsitluse käigus tehtud otsused ja rakendatud meetmed. 
 c. Turvaintsidendi aruanne säilitatakse viisil, mis tagab teabe tervikluse ja konfidentsiaalsuse. 
 d. Kõik mõjutatud komponentide logiandmed ja muu asjakohane tõendusmaterjal säilitatakse viisil, mis tagab selle tõendusväärtuse (nt digiallkirjastatult).",Infoturbejuht,
324f0b1bdd193bd08a8390083aeeba4f,DER.2.1,DER.2.1: Turvaintsidentide käsitlus,3.3,3.3 Standardmeetmed,897d2e68a14998f84d70e7f3e82d3d1e,DER.2.1.M17,DER.2.1.M17 Turvaintsidentide järeltoimingud,"Vastutaja:  Infoturbejuht 
 Elutsükli etapp:  Käitamine 
   
 a. Pärast turvaintsidendi lahendamist viiakse läbi analüüs, mille käigus hinnatakse: 
 
 kui kiiresti turvaintsident tuvastati ja lahendati; 
 kas teavitusteed toimisid; 
 kas oli piisavalt andmeid mõjuhinnangu läbiviimiseks; 
 kas avastamismeetmed ja käsitlusmeetmed olid tõhusad. 
 
 b. Analüüsi käigus tuvastatud puudused protsessides, tehnilistes meetmetes või protseduurides ning võimalikud parendusmeetmed dokumenteeritakse. 
 c. Juhtkonnale esitatakse kokkuvõte olulisematest järeldustest ja kavandatud parendustegevustest. 
 d. Õppetunde toimunud turvaintsidentidest kasutatakse riskide kaalutlemisel olulise sisendina.",Infoturbejuht,
324f0b1bdd193bd08a8390083aeeba4f,DER.2.1,DER.2.1: Turvaintsidentide käsitlus,3.3,3.3 Standardmeetmed,2c61e1ac99d02a0b0f8b47338fedf3ee,DER.2.1.M18,DER.2.1.M18 Protsessi täiustamine kogemuste ja välisarengute põhjal,"Vastutaja:  Infoturbejuht 
 Elutsükli etapp:  Käitamine 
   
 a. Turvaintsidentide käsitluse hindamiseks ja täiustamiseks kogutakse ja analüüsitakse turvaintsidentide lahendamisel kaasatud isikute tagasisidet. 
 b. Turvaintsidentide käsitluse juhendeid ja protseduure ajakohastatakse varasemate intsidentide kogemuste, riskihinnangute ning asjakohaste välisarengute põhjal.",Infoturbejuht,
324f0b1bdd193bd08a8390083aeeba4f,DER.2.1,DER.2.1: Turvaintsidentide käsitlus,3.3,3.3 Standardmeetmed,7f33ec09708b60ffcb07e8bd834aac41,DER.2.1.M19,DER.2.1.M19 Turvaintsidentide käsitluse prioriteedid,"Vastutaja:  Infoturbejuht 
 Elutsükli etapp:  Kavandamine 
   
 a. Organisatsioonis on kehtestatud turvaintsidentide prioriseerimise põhimõtted, mis lähtuvad intsidendi võimalikust mõjust äriprotsessidele ning mõjutatud IT-süsteemi ja andmete kaitsetarbest. 
 b. Turvaintsidendi prioriteet määratakse esmase mõjuhinnangu alusel ning see võib käsitluse käigus muutuda vastavalt täpsustunud teabele. 
 c. Prioriteedid on seotud eskalatsiooni- ja käsitlustasemetega, et tagada kriitiliste juhtumite viivitamatu käsitlemine.",Infoturbejuht,
324f0b1bdd193bd08a8390083aeeba4f,DER.2.1,DER.2.1: Turvaintsidentide käsitlus,3.4,3.4 Kõrgmeetmed,ec429a5909cfa2a908e95d2ef92bb8f2,DER.2.1.M20,DER.2.1.M20 Infoturbe intsidentide lahendamise keskus,"Vastutaja:  Infoturbejuht 
 Elutsükli etapp:  Käitamine 
 Turvakomponent:  C; I; A 
   
 a. Organisatsioonis on loodud keskne infoturbe intsidentide käsitluse üksus (ingl   information security operation center , SOC), mille ülesanne on turvaintsidentide pidev seire, analüüs ja koordineeritud käsitlemine. 
 b. SOC toimib organisatsiooni turvaintsidentide käsitluse kompetentsikeskusena ning tagab koordineeritud koostöö IT- ja kriisijuhtimise rollidega. 
 c. SOCi toimimiseks on tagatud vajalikud tehnilised vahendid, pädev personal ning selged tööprotsessid. 
 d. SOCi tegevus on korraldatud viisil, mis tagab turvaintsidentidega seotud teabe kaitse ja jälgitavuse.",Infoturbejuht,
324f0b1bdd193bd08a8390083aeeba4f,DER.2.1,DER.2.1: Turvaintsidentide käsitlus,3.4,3.4 Kõrgmeetmed,d3b5f92e73a38a6bfadf668586531157,DER.2.1.M22,DER.2.1.M22 Turvaintsidentide käsitluse korralduse läbivaatus,"Vastutaja:  Infoturbejuht 
 Elutsükli etapp:  Käitamine 
 Turvakomponent:  C; I; A 
   
 a. Turvaintsidentide käsitluse korraldust ja selle toimivust hinnatakse regulaarselt, kasutades eelnevalt määratletud mõõdetavaid näitajaid. 
 b. Turvaintsidentide käsitluse protsessi toimivust kontrollitakse plaaniliste ülevaatuste ja kontrolltegevuste kaudu vastavalt kinnitatud kontrolliprogrammile. 
 c. Turvaintsidentide käsitluse valmisolekut ja koostööd testitakse perioodiliselt simuleeritud intsidentide või õppuste abil. 
 d. Läbivaatuste ja testide tulemused dokumenteeritakse ning neid kasutatakse protsessi täiustamiseks.",Infoturbejuht,
3df9adcd70ed9a638e4fbbed01177463,OPS.3.2,OPS.3.2: Mobiilseadmete keskhaldus,3.2,3.2 Põhimeetmed,3d39014f9a4d0732beb33e1956bac900,OPS.3.2.M30,OPS.3.2.M30 Mobiilseadmete kaughaldusvahendi kasutuselevõtu kavandamine,"Vastutaja:  IT-juht 
 Elutsükli etapp:  Kavandamine 
   
 b. Mobiilseadmete halduse (ingl  Mobile Device Management , MDM) kavandamisel arvestatakse vähemalt järgmist: 
 
 kas haldust tehakse ise, tellitakse väljast või kasutatakse pilvteenust; 
 mis on haldustarkvara vajalik funktsionaalsus; 
 milliseid andmeid mobiilseadmest peab olema võimalik kaugelt kustutada; 
 millistele seadustele ja organisatsiooni nõuetele peab mobiilseadmete haldusteenus vastama; 
 milliseid mobiilseadmeid ja operatsioonisüsteeme mobiilseadmete haldustarkvara peab toetama; 
 kas on võimalik eraldi seadistada erinevaid seadmegruppe; 
 millised on soovitud reageerimisajad; 
 kas mobiilseadmete haldusesse kaasatakse ka töötajate isiklikud mobiilseadmeid. 
 
 c. Mobiilseadmete halduse põhimõtted on dokumenteeritud ning kooskõlastatud infoturbejuhiga.",IT-juht,
3df9adcd70ed9a638e4fbbed01177463,OPS.3.2,OPS.3.2: Mobiilseadmete keskhaldus,3.2,3.2 Põhimeetmed,2d4b2d20d8dd97fec17b0c555b7611c8,OPS.3.2.M31,OPS.3.2.M31 Mobiilseadmete aktsepteeritud mudelid,"Vastutaja:  IT-juht 
 Elutsükli etapp:  Kavandamine 
   
 a. Enne mobiilseadmete hankimist on määratud, millised seadmeid ja operatsioonisüsteeme võib organisatsioonis kasutada. 
 b. Kõik hangitud mobiilseadmed ja nende operatsioonisüsteemid vastavad organisatsiooni kehtestatud standarditele ja turvanõuetele. 
 c. Mobiilseadmete halduse tarkvara on konfigureeritud nii, et juurdepääs organisatsiooni teabele on võimalik üksnes sobivaks tunnistatud seadmetest.",IT-juht,
3df9adcd70ed9a638e4fbbed01177463,OPS.3.2,OPS.3.2: Mobiilseadmete keskhaldus,3.2,3.2 Põhimeetmed,de8404ffcd3f6d0f14587cd71b730055,OPS.3.2.M34,OPS.3.2.M34 Mobiilseadmete halduse tarkvarakliendi installimine,"Vastutaja:  IT-juht 
 Elutsükli etapp:  Kavandamine 
   
 a. Mobiilseadmete tarbeks on koostatud ja dokumenteeritud sobivad aluskonfiguratsioonid. 
 b. Organisatsiooni omanduses olevatesse seadmetesse on mobiilseadmete halduse tarkvaraklient paigaldatud enne seadme kasutajatele üleandmist. 
 c. Isiklike seadmete puhul on kasutaja kohustatud mobiilseadmete halduse tarkvarakliendi installima ise. 
 d. Ilma keskselt paigaldatud seadistuseta mobiilseade organisatsiooni siseressurssidele, sh andmetele, juurde ei pääse.",IT-juht,
3df9adcd70ed9a638e4fbbed01177463,OPS.3.2,OPS.3.2: Mobiilseadmete keskhaldus,3.2,3.2 Põhimeetmed,7baa797f290bd761d4ee4d5088d2559d,OPS.3.2.M35,OPS.3.2.M35 Tarkvarauuendite paigaldus mobiilseadmetele,"Vastutaja:  IT-juht 
 Elutsükli etapp:  Käitamine 
   
 a. Mobiilseade võib uuendeid saada nii organisatsiooni uuendusserverist kui tootja avalikust uuendusserverist. 
 b. Mobiilseadmete operatsioonisüsteemi ja rakenduste uuendid paigaldatakse organisatsioonis kehtestatud korra alusel. 
 c. Mobiilseadme operatsioonisüsteemi ja uuendite ajakohasust kontrollitakse regulaarselt.",IT-juht,
3df9adcd70ed9a638e4fbbed01177463,OPS.3.2,OPS.3.2: Mobiilseadmete keskhaldus,3.3,3.3 Standardmeetmed,fc54bb05fc9520f479e51e6f94a0285e,OPS.3.2.M36,OPS.3.2.M36 Mobiilirakenduste paigaldamine,"Vastutaja:  IT-juht 
 Elutsükli etapp:  Käitamine 
   
 a. Mobiilirakendusi paigaldatakse mobiilseadmete haldustarkvara kaudu. 
 b. Mobiilseadmete haldustarkvara käivitab mobiilirakenduste installimise, desinstallimise ja värskendamise kohe pärast mobiilseadmega ühenduse loomist. 
 c. Mobiilseadmete haldustarkvara kaudu installitud rakendusi ei saa kasutaja desinstallida.",IT-juht,
3df9adcd70ed9a638e4fbbed01177463,OPS.3.2,OPS.3.2: Mobiilseadmete keskhaldus,3.3,3.3 Standardmeetmed,9e00636a7ea5abb641d454d51fb719b0,OPS.3.2.M38,OPS.3.2.M38 Mobiilirakenduste hindamine välise maineteenuse abil,"Vastutaja:  IT-juht 
 Elutsükli etapp:  Käitamine 
 Turvakomponent:  C; I 
   
 a. Kui kasutajatel lubatakse seadmesse ise rakendusi paigaldada, tuginetakse otsustamisel välisele maineteenusele (ingl  Reputation Service ). 
 b. Mobiilseadmete halduse süsteem piirab mobiilirakenduste paigaldamist, kasutades selleks maineteenusest saadud teavet.",IT-juht,
3df9adcd70ed9a638e4fbbed01177463,OPS.3.2,OPS.3.2: Mobiilseadmete keskhaldus,3.3,3.3 Standardmeetmed,45ba4091e24613f0de37ee6368d25425,OPS.3.2.M39,OPS.3.2.M39 Mobiilseadmete kasutamise seire,"Vastutaja:  IT-juht 
 Elutsükli etapp:  Käitamine 
   
 a. Mobiilseadmete haldustarkvara võimaldab tuvastada seadmete lahtimurdmist (ingl  jailbreaking ,  rooting ). 
 b. Mobiilseadmete haldustarkvaraga järgitakse isikuandmete kaitse alaseste regulatsioonidele vastavust.",IT-juht,
3df9adcd70ed9a638e4fbbed01177463,OPS.3.2,OPS.3.2: Mobiilseadmete keskhaldus,3.3,3.3 Standardmeetmed,f6041f8d6689fc1c60667e4fbd352021,OPS.3.2.M42,OPS.3.2.M42 Sertifikaatide haldus,"Vastutaja:  IT-juht 
 Elutsükli etapp:  Käitamine 
   
 a. Teenuste sertifikaate installitakse, uuendatakse ja desinstallitakse mobiilseadmetes keskselt. 
 b. Mobiilseadmete haldustarkvara: 
 
 takistab kasutajal ebausaldusväärsete ja kontrollimata (juur)sertifikaatide installimist; 
 toetab sertifikaatide kehtivuskontrolli mehhanisme;",IT-juht,
3df9adcd70ed9a638e4fbbed01177463,OPS.3.2,OPS.3.2: Mobiilseadmete keskhaldus,3.3,3.3 Standardmeetmed,711cbf3579deb13f0dc4c04e1ea316f4,OPS.3.2.M43,OPS.3.2.M43 Mobiilseadmete kasutuselt kõrvaldamine,"Vastutaja:  IT-juht 
 Elutsükli etapp:  Kõrvaldamine 
   
 a. Mobiilseadmete haldustarkvara võimaldab mobiilseadmes olevate andmete kaugkustutust. 
 b. Mobiilseadme kõrvaldamise ja registrist kustutamise protsess tagab, et mobiilseadmesse või integreeritud irdandmekandjale ei jääks kaitset vajavaid andmeid.",IT-juht,
3df9adcd70ed9a638e4fbbed01177463,OPS.3.2,OPS.3.2: Mobiilseadmete keskhaldus,3.3,3.3 Standardmeetmed,f86d4bbfbb0780f2198bfa54feeb8904,OPS.3.2.M44,OPS.3.2.M44 Vastavusnõuete jõustamine,"Vastutaja:  IT-juht 
 Elutsükli etapp:  Käitamine 
 Turvakomponent:  C; I 
   
 a. Mobiilseadmete haldustarkvara: 
 
 tuvastab organisatsiooni nõuete rikkumise ja operatsioonisüsteemi manipuleerimise katsed ning blokeerib seadme automaatselt; 
 saadab rikkumis- või manipuleerimiskahtluse korral hoiatuse organisatsiooni vastutavale haldurile ja infoturbejuhile; 
 on võimeline kustutama seadmest kas ainult tundlikud või kõik seadmes olevad andmed.",IT-juht,
3df9adcd70ed9a638e4fbbed01177463,OPS.3.2,OPS.3.2: Mobiilseadmete keskhaldus,3.4,3.4 Kõrgmeetmed,92eabe9d0ef4f8149c7eafcd188e9413,OPS.3.2.M40,OPS.3.2.M40 Geotarastuse kasutamine,"Vastutaja:  IT-juht 
 Elutsükli etapp:  Käitamine 
 Turvakomponent:  C; I 
   
 a. Geotarastusega (ingl  geofencing ) on tagatud, et tundlikke andmeid sisaldavaid seadmeid ei saa kasutada kindlaksmääratud geograafilisest piirkonnast väljaspool. 
 b. Lubatavast geograafilisest piirkonnast väljumisel hoiatatakse kasutajat ja haldurit ning pärast määratud ooteaega kustutatakse tundlikud andmed. 
 c. Geotarastuse piirkonnad on määratud õigusaktide, organisatsiooni nõuete ning kaitsetarbe analüüsi alusel.",IT-juht,
ad3d7767007600eccb3277f1ab393f4e,DEV.1,DEV.1: Tarkvaraarendus üldiselt,3.2,3.2 Põhimeetmed,f6504994c45718b4e32d2e92bd5737f0,DEV.1.M1,DEV.1.M1 Tarkvaraarenduse kavandamine,"Vastutaja:  IT-juht 
 Elutsükli etapp:  Kavandamine 
   
 a. Organisatsioon on tarkvaraarenduseks valinud sobiva metoodika ja kirjeldanud tarkvaraarendusprotsessi. 
 e. Tarkvaraarendusprotsess sisaldab vähemalt järgmisi aspekte: 
 
 nõuete koostamine, nõuetehaldus ja muudatuste haldus; 
 tarkvara kavandamine ja tarkvara arhitektuur; 
 tarkvaraarenduse infoturve; 
 spetsiifilised tarkvaraarenduse tegevused; 
 riskide kaalutlemist ja kvaliteedi hindamiseks vajalikke kontrolltegevusi. 
 
 f. On määratud tarkvaraarenduse üldine vastutaja.",IT-juht,
ad3d7767007600eccb3277f1ab393f4e,DEV.1,DEV.1: Tarkvaraarendus üldiselt,3.2,3.2 Põhimeetmed,bf831e97912f14b72629f1925f64925e,DEV.1.M2,DEV.1.M2 Sobiva tarkvaraarenduskeskkonna valimine,"Vastutaja:  IT-juht 
 Elutsükli etapp:  Kavandamine 
   
 a. Enne tarkvaraarenduskeskkonna valimist on dokumenteeritud nõuded, millele tarkvaraarenduskeskkond ja -tööriistad peavad vastama.",IT-juht,
ad3d7767007600eccb3277f1ab393f4e,DEV.1,DEV.1: Tarkvaraarendus üldiselt,3.2,3.2 Põhimeetmed,0c1b96b9933c8eda549f07edd7141d5d,DEV.1.M3,DEV.1.M3 Tarkvara mittefunktsionaalsed nõuded,"Vastutaja:  IT-juht 
 Elutsükli etapp:  Kavandamine 
   
 a. Arendatavale tarkvarale on kehtestatud mittefunktsionaalsed nõuded, muuhulgas: 
 
 andmete sisestamisel kontrollitakse ja valideeritakse andmed enne nende edasist töötlemist arendatavas tarkvaras; 
 klient-server rakenduste puhul tehakse andmete lõplik valideerimine ja kinnitamine alati serveris; 
 tarkvara tüüpseadistus ja parameetrite vaikeväärtused võimaldavad tarkvara turvaliselt kasutada; 
 kaitset vajavad andmed ei ole kasutajale kättesaadavad sh tarkvarakomponendi vea või tõrke puhul; 
 rakendus on väliste teenuste tõrke suhtes vastupanuvõimeline (ing  resilient ), vajadusel rakendatakse kompenseerivaid meetmeid (näiteks andmete puhverdamine); 
 tarkvara vajab kasutamiseks võimalikult vähe süsteemiprivileege; 
 kaitset vajavate andmete edastamisel ja talletamisel kasutatakse krüptokontseptsioonile vastavaid krüptoprotsesse ja -tooteid; 
 kasutatakse turvalisi ja usaldusväärseid ning kaitsetarbele vastavaid kasutajate autentimise ja pääsuõiguste andmise mehhanisme; 
 autentimiseks kasutatavatest salasõnadest tohib tarkvaras talletada ainult turvalisi parooliräsisid (ingl  password hash ); 
 infoturbe sündmused logitakse tarkvaras tõendusväärtusega ja kujul, mis võimaldab sündmusi vajadusel tagantjärele analüüsida; 
 tarkvara lähtekoodis ega konfiguratsioonifailides ei esine tundlikku infot; 
 tarkvara avalik liides on sisemistest administreerimis-, haldus- jms. liidestest selgelt eraldatud; 
 eraldipaigaldatavate komponentide vahelistel liidestel on vähemalt TLS võimekus, vajadusel ka mTLS võimekus; 
 pääsuõiguste süsteemi vea korral rakendusele juurdepääs keelatakse; 
 tarkvaras on määratud ebaõnnestunud logimiskatsete lubatud arv, pärast selle ületamist rakendatakse täiendavaid turvaprotseduure; 
 rakendus ei avalda toote- või versiooniandmeid; 
 rakenduse töö ajal tekkinud tõrgete lahendamisel säilitatakse andmete terviklus; 
 teenuse URL ei tohi sisaldada konfidentsiaalseid andmeid. 
 
 b. Mittefunktsionaalsed nõuded on dokumenteeritud.",IT-juht,
ad3d7767007600eccb3277f1ab393f4e,DEV.1,DEV.1: Tarkvaraarendus üldiselt,3.2,3.2 Põhimeetmed,3836253cb3589b400ed1c190f620c51c,DEV.1.M4,DEV.1.M4 Lähtekoodi versioonihaldus,"Vastutaja:  IT-juht 
 Elutsükli etapp:  Käitamine 
   
 a. Tarkvara lähtekoodi (ingl  source code ) turvalisuse tagamiseks ja koodimuudatuste haldamiseks on rakendatud sobivad versioonihalduse tööriistad. 
 d. Tarkvara lähtekoodi kaitstakse lubamatu juurdepääsu eest.",IT-juht,
ad3d7767007600eccb3277f1ab393f4e,DEV.1,DEV.1: Tarkvaraarendus üldiselt,3.3,3.3 Standardmeetmed,c5dba02b6955eb89f4988f6c2f3b5d3e,DEV.1.M7,DEV.1.M7 Usaldusväärsete arendusvahendite valimine,"Vastutaja:  IT-juht 
 Elutsükli etapp:  Kavandamine 
 Turvakomponent:  C; I; A 
   
 a. Tarkvara arendamisel kasutatakse ainult vajalikke ja tõestatud turvaomadustega arendusvahendeid. 
 b. Arenduses kasutatava riistvara- ja tarkvaratootjate vastavus infoturbe nõuetele on kontrollitav.",IT-juht,
f6b013eca246c3623f7a91436b9dfe36,DER.4,DER.4: Talitluspidevus,3.3,3.3 Standardmeetmed,1f68b7c8150a7e888b759228f7e1d272,DER.4.M1,DER.4.M1 Talitluspidevuse plaani koostamine,"Vastutaja:  Kriisijuht 
 Elutsükli etapp:  Kavandamine 
   
 a. Organisatsioon on koostanud kriisi korral tegutsemise juhiseid sisaldava talitluspidevuse plaani, milles on esitatud vähemalt: 
 
 kaasatud rollid, töötajate õigused ja kohustused; 
 talitluspidevuse taastamise etapid, toimingud ja otsustuskohad; 
 kiirjuhised töötajatele; 
 teavitamine ja käsitluse laiendamine; 
 organisatsioonivälise teabevahetuse kord; 
 alternatiivsed teabeallikad ja andmevahetuskanalid rühmatarkvara või sidekanalite rikke korral tegutsemiseks; 
 IT-süsteemide toibumisplaanid. 
 
 b. Kriisi korral tagatakse asjakohase väljaõppega personali kättesaadavus. 
 e. Talitluspidevuse plaan on talitluspidevuse tagamisse kaasatud töötajatele kriisiolukorras kättesaadav.",Kriisijuht,
f6b013eca246c3623f7a91436b9dfe36,DER.4,DER.4: Talitluspidevus,3.3,3.3 Standardmeetmed,a0b1c2851696c263a2359bb416961525,DER.4.M2,DER.4.M2 Talitluspidevuse plaani lõimimine üleorganisatsiooniliste protsessidega,"Vastutaja:  Organisatsiooni juhtkond 
 Elutsükli etapp:  Kavandamine 
   
 a. IT talitluspidevuse tagamise protsessid on kooskõlas turbehalduse ja intsidendihalduse protsessidega. 
 b. Kriisihalduse juhtgruppi on kaasatud äriprotsesside, infoturbe ja IT-halduse eest vastutavad töötajad. 
 c. Äriprotsesside taasteprioriteetide määramisel arvestatakse kaitsetarbe määramise tulemusi. 
 d. Avariihalduse aspekti arvestatakse organisatsiooni kõigis äriprotsessides. 
 e. Pärast muudatusi äriprotsessides viiakse läbi talitluspidevuse plaani ülevaatus.",Kriisijuht,
f6b013eca246c3623f7a91436b9dfe36,DER.4,DER.4: Talitluspidevus,3.3,3.3 Standardmeetmed,5f531e603f21b8d15834f7bd5444da0e,DER.4.M4,DER.4.M4 Juhtkonna vastutus talitluspidevuse plaani koostamisel,"Vastutaja:  Organisatsiooni juhtkond 
 Elutsükli etapp:  Käitamine 
   
 a. Talitluspidevuse plaani kinnitab organisatsiooni juhtkond. 
 c. Talitluspidevuse plaan on kõigile asjaosalistele teatavaks tehtud. 
 d. Talitluspidevuse plaani eesmärkide saavutamiseks on eraldatud piisavad rahalised, tehnilised ja inimressursid.",Kriisijuht,
f6b013eca246c3623f7a91436b9dfe36,DER.4,DER.4: Talitluspidevus,3.3,3.3 Standardmeetmed,122f836ed2ca500104fdbcd1be7340bc,DER.4.M5,DER.4.M5 Talitluspidevuse korraldus,"Vastutaja:  Organisatsiooni juhtkond 
 Elutsükli etapp:  Kavandamine 
   
 a. Talitluspidevuse plaanis on määratud organisatsiooni tingimustele sobivad rollid. 
 b. Organisatsiooni juhtkond on määratlenud kriisijuhi rolli ja kinnitanud kriisijuhi ülesanded konkreetsele töötajale. 
 c. Rolle täitma on määratud piisava kvalifikatsiooniga töötajad. 
 e. Kriisijuhi roll on määratud konkreetsele töötajale.",Kriisijuht,
f6b013eca246c3623f7a91436b9dfe36,DER.4,DER.4: Talitluspidevus,3.3,3.3 Standardmeetmed,60f899d2a303747ab43d8615de1fc3a4,DER.4.M12,DER.4.M12 Talitluspidevuse plaani hindamine ja ajakohastamine,"Vastutaja:  Kriisijuht 
 Elutsükli etapp:  Käitamine 
   
 a. Regulaarselt kontrollitakse, kas talitluspidevuse tehnilised ning korralduslikud meetmed on endiselt sobivad määratud eesmärkide saavutamiseks. 
 b. Talitluspidevuse plaani praktilisust, toimivust ja tõhusust testitakse regulaarselt, vajadusel ajakohastatakse tegutsemisjuhiseid. 
 d. Muudatused talitluspidevuse plaanis tehakse asjaosalistele teatavaks.",Kriisijuht,
f6b013eca246c3623f7a91436b9dfe36,DER.4,DER.4: Talitluspidevus,3.4,3.4 Kõrgmeetmed,e311f91995d41b441c94f90977087e3b,DER.4.M7,DER.4.M7 Talitluspidevuse riskihaldusmeetmed,"Vastutaja:  Organisatsiooni juhtkond 
 Elutsükli etapp:  Kavandamine 
 Turvakomponent:  C; I; A 
   
 b. On tuvastatud kriitiliste äriprotsessidega seotud tõenäolisemad riskistsenaariumid. 
 c. Iga riskistsenaariumi korral otsustatakse, millist strateegiat kriitiliste äriprotsesside taasteks ja taaskäivituseks rakendatakse. 
 d. Kriitilise äriprotsessi taaskäivitus peab olema võimalik kokkulepitud aja piires. 
 e. On kokku lepitud kriisiolukorras tegutsemisel kasutatavad turvameetmeid.",Kriisijuht,
f6b013eca246c3623f7a91436b9dfe36,DER.4,DER.4: Talitluspidevus,3.4,3.4 Kõrgmeetmed,2cf035dce6f8fc74af30804d5a8069b4,DER.4.M8,DER.4.M8 Töötajate kaasamine talitluspidevuse tagamise protsessi,"Vastutaja:  Kriisijuht 
 Elutsükli etapp:  Käitamine 
 Turvakomponent:  C; I; A 
   
 a. Töötajate regulaarseks teavitamiseks on koostatud rollipõhine talitluspidevuse plaani teadvustus- ja koolituskava. 
 b. Kriisihalduse juhtrühma kuuluvad töötajad saavad regulaarselt rollile vastavat täiendkoolitust.",Kriisijuht,
f6b013eca246c3623f7a91436b9dfe36,DER.4,DER.4: Talitluspidevus,3.4,3.4 Kõrgmeetmed,b7f4bbf95091447c80a5205e401a1fae,DER.4.M16,DER.4.M16 Väljasttellitavate komponentide toimepidevuse tagamine,"Vastutaja:  Organisatsiooni juhtkond 
 Elutsükli etapp:  Käitamine 
 Turvakomponent:  C; I; A 
   
 a. Väljasttellitavate komponentide toimepidevuse kavandamisel hindab juhtkonna määratud vastutaja tarnija või teenuseandja kriisihalduse küpsustaset. 
 b. Avariitestid ja -õppused kooskõlastatakse tarnija või teenuseandjaga, vajaduse korral korraldatakse ühisõppusi. 
 c. Teavet testitulemuste, kontrollide ja täiustusmeetmete kohta vahetatakse tarnija või teenuseandjaga regulaarselt.",Kriisijuht,
78cbf3f218c97908ed45b49deb6ba886,DEV.3,DEV.3: Veebirakenduste arendus,3.2,3.2 Põhimeetmed,eb4a244e0869e6303177b4c4fff51f70,DEV.3.M1,DEV.3.M1 Turvaline autentimine veebirakenduses,"Vastutaja:  IT-juht 
 Elutsükli etapp:  Käitamine 
   
 a. Veebirakenduse mitteavalikule sisule juurdepääs võimaldatakse ainult kasutaja autentimise kaudu. 
 b. Valitud autentimismeetodid on asjakohased ja turvalised ning nende valik on dokumenteeritud. 
 d. Kasutajat teavitatakse veebirakenduse andmetöötluspõhimõtetest.",IT-juht,
78cbf3f218c97908ed45b49deb6ba886,DEV.3,DEV.3: Veebirakenduste arendus,3.2,3.2 Põhimeetmed,3e81bc4a73f93a06a639c9d1a6957bef,DEV.3.M2,DEV.3.M2 Veebirakenduse juurdepääsu reguleerimine,"Vastutaja:  IT-juht 
 Elutsükli etapp:  Käitamine 
   
 a. Kasutaja pääsuõigused on vajadusekohaselt piiratud. 
 c. Kasutajate pääsuõigusi hallatakse tsentraalses ja usaldusväärses IT-süsteemis. 
 d. Pääsuõiguste süsteemi vea korral veebirakendusele juurdepääs keelatakse.",IT-juht,
78cbf3f218c97908ed45b49deb6ba886,DEV.3,DEV.3: Veebirakenduste arendus,3.2,3.2 Põhimeetmed,be15bdd18ef4806dc7b8bafd87703f9a,DEV.3.M3,DEV.3.M3 Turvaline seansihaldus,"Vastutaja:  IT-juht 
 Elutsükli etapp:  Käitamine 
   
 b. Seansiidentifikaatorid genereeritakse juhuslikkuse põhimõttel ja piisava entroopiaga. 
 c. Veebirakendus võimaldab kasutajatel pooleliolevat seanssi kontrollitult ja üheselt mõistetavalt lõpetada. 
 d. Seansi kestusele on määratud ülempiir. Mitteaktiivsed seansid lõpetatakse pärast määratud jõudeolekuaega automaatselt.",IT-juht,
78cbf3f218c97908ed45b49deb6ba886,DEV.3,DEV.3: Veebirakenduste arendus,3.2,3.2 Põhimeetmed,c1340dcb568229288809988328b6ee16,DEV.3.M4,DEV.3.M4 Veebirakenduse sisu piiramine,"Vastutaja:  IT-juht 
 Elutsükli etapp:  Käitamine 
   
 a. Veebirakendus väljastab kasutajatele üksnes ettenähtud ja lubatavaid andmeid ja sisu.",IT-juht,
78cbf3f218c97908ed45b49deb6ba886,DEV.3,DEV.3: Veebirakenduste arendus,3.2,3.2 Põhimeetmed,faa4b3cd5fdf19ad8c0708bf0e7c88e2,DEV.3.M7,DEV.3.M7 Konfidentsiaalsete andmete kaitse,"Vastutaja:  IT-juht 
 Elutsükli etapp:  Käitamine 
   
 a. Konfidentsiaalseid andmeid ei edastata klientarvutist serverisse HTTP GET meetodiga. 
 c. Kasutatakse sobivaid HTML5 vormitüüpe. 
 d. Veebirakenduse pääsuandmeid on serveris kaitstud piisavalt tugeva krüpteeringuga. Autentimisandmetest hoitakse serveris ainult parooli ""soolatud"" räsi (ingl  salted hash ).",IT-juht,
78cbf3f218c97908ed45b49deb6ba886,DEV.3,DEV.3: Veebirakenduste arendus,3.2,3.2 Põhimeetmed,338646630a5a36480c26c3260fc1d60f,DEV.3.M8,DEV.3.M8 Sisendi valideerimine,"Vastutaja:  IT-juht 
 Elutsükli etapp:  Käitamine 
   
 a. Veebirakendusse edastatud sisendandmeid käsitletakse potentsiaalselt ohtlike andmetena, mida peab enne edasist töötlust filtreerima ja valideerima. 
 b. Sisendi kontrolle tehakse alati tagarakenduses (ingl  backend ), vajadusel ka kliendiliideses (ingl  frontend ). 
 d. Rakenduse tööd mõjutada võivad sümbolid teisendatakse ohutule kujule.",IT-juht,
78cbf3f218c97908ed45b49deb6ba886,DEV.3,DEV.3: Veebirakenduste arendus,3.2,3.2 Põhimeetmed,139db4ad5c4bb1e071af99006769b0b9,DEV.3.M9,DEV.3.M9 Kaitse SQL-süsti eest,"Vastutaja:  IT-juht 
 Elutsükli etapp:  Kavandamine 
   
 a. SQL-süsti (ingl  SQL injection ) välistamiseks edastatakse andmed veebirakendusest andmebaasisüsteemi (DBMS) salvestatud protseduuride (ingl  stored procedures ) või SQL-valmislausetega (ingl  prepared statements ).",IT-juht,
78cbf3f218c97908ed45b49deb6ba886,DEV.3,DEV.3: Veebirakenduste arendus,3.2,3.2 Põhimeetmed,e10d977c23401dbcf95e490ee1becbcd,DEV.3.M18,DEV.3.M18 Andmete turve transpordil,"Vastutaja:  IT-juht 
 Elutsükli etapp:  Käitamine 
 Turvakomponent:  C; I 
   
 a. Veebirakenduse andmeid transporditakse (ingl  data-in-transit ) krüpteeritult.",IT-juht,
78cbf3f218c97908ed45b49deb6ba886,DEV.3,DEV.3: Veebirakenduste arendus,3.3,3.3 Standardmeetmed,ef98389ccb08654fe8d30f203fd24dac,DEV.3.M11,DEV.3.M11 Veebirakenduse turvaline tarkvaraarhitektuur,"Vastutaja:  IT-juht 
 Elutsükli etapp:  Kavandamine 
   
 a. Veebirakenduse tarkvaraarhitektuur koos kõikide komponentide ja sõltuvustega on dokumenteeritud. Tarkvaraarhitektuuri dokumentatsiooni uuendatakse ja kohandatakse vastavalt vajadusele. 
 c. Tarkvaraarhitektuuri dokumentatsioonis on välja toodud ka rakendusevälised, kuid rakenduse tööks vajatavad komponendid. 
 d. Tarkvaraarhitektuuri kavandamisel on arvestatud, milliste komponentide jaoks milliseid turvamehhanisme rakendatakse, kuidas veebirakendus on olemasolevasse taristusse integreeritud ning milliseid krüpteerimisfunktsioone ja -protseduure kasutatakse.",IT-juht,
78cbf3f218c97908ed45b49deb6ba886,DEV.3,DEV.3: Veebirakenduste arendus,3.3,3.3 Standardmeetmed,f3e65ccb78f08a78e1741a0d572335ea,DEV.3.M12,DEV.3.M12 Oluliste toimingu kinnitamine,"Vastutaja:  IT-juht 
 Elutsükli etapp:  Käitamine 
   
 a. Veebirakendus nõuab kasutajalt enne oluliste toimingu sooritamist kinnitust. 
 c. Kasutajaid teavitatakse toimunud muudatustest veebirakendusevälise sidekanali kaudu.",IT-juht,
78cbf3f218c97908ed45b49deb6ba886,DEV.3,DEV.3: Veebirakenduste arendus,3.3,3.3 Standardmeetmed,1069bcb11ae14cf603522a541c9d48f7,DEV.3.M14,DEV.3.M14 Veebirakenduste turvaline HTTP-konfiguratsioon,"Vastutaja:  IT-juht 
 Elutsükli etapp:  Käitamine 
   
 a. Kaitseks klõpsurööv-rünnete (ingl  clickjacking ) ja skriptisüsti (ingl  cross-site scripting ) eest on veebirakenduses määratud sobivad HTTP-vastusepäise sätted (nt Content-Security-Policy: frame-ancestors 'none'). 
 b. Veebirakendus kasutab vähemalt järgmisi HTTP-päiseid: 
 
 Content-Security-Policy  (CSP); 
 Strict-Transport-Security  (HSTS); 
 X-Content-Type-Options ; 
 Referrer-Policy ; 
 Permissions-Policy ; 
 Cross-Origin-Opener-Policy ; 
 Cross-Origin-Embedder-Policy ; 
 Cross-Origin-Resource-Policy ; 
 Content-Type ; 
 Cache-Control . 
 
 d. Küpsistele (ingl  cookie ) on määratud atribuudid  secure ,  SameSite  ja  httponly .",IT-juht,
78cbf3f218c97908ed45b49deb6ba886,DEV.3,DEV.3: Veebirakenduste arendus,3.3,3.3 Standardmeetmed,b131b2ea8f02dca4b20f812dfed584c6,DEV.3.M15,DEV.3.M15 Päringuvõltsingu takistamine,"Vastutaja:  IT-juht 
 Elutsükli etapp:  Käitamine 
   
 a. Veebirakendus toetab päringuvõltsingu (ingl  cross-site request forgery , CSRF) takistamise turvamehhanisme, mis eristavad kasutaja kavatsetud ja korralisi veebilehepäringuid soovimatutest päringutest või volituseta käskudest.",IT-juht,
78cbf3f218c97908ed45b49deb6ba886,DEV.3,DEV.3: Veebirakenduste arendus,3.3,3.3 Standardmeetmed,237150c4e6077462e03fd14359aaec57,DEV.3.M16,DEV.3.M16 Mitmikautentimise kasutamine,"Vastutaja:  IT-juht 
 Elutsükli etapp:  Käitamine 
   
 a. Vajadusel lisatakse veebirakendusele mitmikautentimise funktsionaalsus.",IT-juht,
78cbf3f218c97908ed45b49deb6ba886,DEV.3,DEV.3: Veebirakenduste arendus,3.3,3.3 Standardmeetmed,6a0b43a38a65f92a06621c89f6568e0e,DEV.3.M17,DEV.3.M17 Ressursside blokeerimise takistamine,"Vastutaja:  IT-juht 
 Elutsükli etapp:  Käitamine 
 Turvakomponent:  A 
   
 a. Perioodilise koormuskasvu mõju leevendamiseks teostatakse ressursimahukad tüüptoimingud asünkroonselt. 
 b. Veebirakenduse arhitektuur peab võimaldama skaleeritavust vastavalt prognoositavatele koormustele.",IT-juht,
78cbf3f218c97908ed45b49deb6ba886,DEV.3,DEV.3: Veebirakenduste arendus,3.4,3.4 Kõrgmeetmed,d17f9353e81fe2f8c218853589c6d393,DEV.3.M19,DEV.3.M19 Andmete turve säilitamisel,"Vastutaja:  IT-juht 
 Elutsükli etapp:  Käitamine 
 Turvakomponent:  C; I 
   
 a. Veebirakenduse andmeid säilitatakse (ingl  data-at-rest ) krüpteeritult.",IT-juht,
1eddf9b640cba922172afa348b1ee478,INF.1,INF.1: Hoone,3.2,3.2 Põhimeetmed,f5e56d629d068579bb49a1571b214744,INF.1.M1,INF.1.M1 Hoone turbe kavandamine,"Vastutaja:  Haldusjuht 
 Elutsükli etapp:  Kavandamine 
   
 a. Hoone turvameetmed on kavandatud lähtuvalt hoone kasutusotstarbest, äriprotsesside vajadustest ja kaitsetarbest. 
 c. Turvameetmete valikul on kaasatud asjakohased vastutajad ning eri valdkondade nõuded on omavahel kooskõlastatud. 
 d. Hoone on projekteeritud ja ehitatud nii, et tulekahju puhkemisel: 
 
 säilib hoone kandevõime ettenähtud aja jooksul; 
 on tule ja suitsu teke ning levik hoones piiratud; 
 on tule levimine naaberehitistele piiratud; 
 on tagatud ohutu evakuatsioon; 
 on arvestatud päästemeeskonna ohutuse ja tegutsemisvõimalustega.",Haldusjuht,
1eddf9b640cba922172afa348b1ee478,INF.1,INF.1: Hoone,3.2,3.2 Põhimeetmed,64bd9bcc1cdc4e3eb4eaf82e378a21cd,INF.1.M2,INF.1.M2 Elektrisüsteemi sobivus,"Vastutaja:  Haldusjuht 
 Elutsükli etapp:  Käitamine 
   
 a. Elektrisüsteem on projekteeritud tagama IT-süsteemide tõrgeteta elektriga varustatuse. 
 b. On rakendatud meetmed võimalike elektrikatkestuste ärahoidmiseks ning elektrikatkestuste kestvuse vähendamiseks. 
 d. Ruumide kasutuse ja tehnilise varustuse (näiteks IT, kliimaseadmete, valgustuse) muutumisel kontrollitakse ja vajadusel kohandatakse elektrisüsteemi.",Haldusjuht,
1eddf9b640cba922172afa348b1ee478,INF.1,INF.1: Hoone,3.2,3.2 Põhimeetmed,7c238165c6060960acedcc429de626af,INF.1.M3,INF.1.M3 Tuleohutusnõuete järgimine,"Vastutaja:  Haldusjuht 
 Elutsükli etapp:  Käitamine 
   
 a. Organisatsiooni töötajad järgivad IT-seadmeid sisaldavates ruumides tuleohutuseeskirju. 
 d. Evakuatsiooniteed on selgelt ja nõuetekohaselt tähistatud ning takistusteta kasutatavad. Evakuatsiooniteede kasutatavust kontrollitakse regulaarselt. 
 e. Tuletõkkeuste suletud asendit või häire korral automaatset sulgumist kontrollitakse regulaarselt.",Haldusjuht,
1eddf9b640cba922172afa348b1ee478,INF.1,INF.1: Hoone,3.2,3.2 Põhimeetmed,0aa551f50654376372e07495b3f9cf97,INF.1.M4,INF.1.M4 Hoone tulekahjusignalisatsioon,"Vastutaja:  Haldusjuht 
 Elutsükli etapp:  Käitamine 
   
 a. Hoonesse on paigaldatud suitsuandurid. 
 b. Suitsuandurite paigaldamiseks on valitud vähemalt järgmised asukohad: 
 
 koridorid; 
 serveriruumid, tehnilised ruumid ja kilbiruumid; 
 koosolekuruumid. 
 
 c. Suitsuandurid on ühendatud kesksesse tulekahjusignalisatsiooni süsteemi. 
 d. Suitsu tuvastamise korral rakendub häire, mis on kuuldav kõigile hoones viibivatele isikutele. 
 e. Suitsuandurite ja tulekahjusignalisatsiooni korrasolekut kontrollitakse regulaarselt.",Haldusjuht,
1eddf9b640cba922172afa348b1ee478,INF.1,INF.1: Hoone,3.2,3.2 Põhimeetmed,3b04b8bd26ff1d1e665b570ca19ca70e,INF.1.M5,INF.1.M5 Käsikustutid,"Vastutaja:  Haldusjuht 
 Elutsükli etapp:  Käitamine 
   
 a. Hoonesse on tuleohutusnõuete kohaselt paigaldatud piisaval hulgal, sobivat tüüpi ja piisavas suuruses käsikustuteid. 
 b. Käsikustutid on paigutatud tulekahju korral kergesti kättesaadavatesse asukohtadesse. 
 d. Käsikustuteid kontrollitakse ja hooldatakse regulaarselt, kontrollimisaeg ja hooldusintervall on dokumenteeritud. 
 e. Töötajad oskavad käsikustuteid kasutada, kustutite praktilist kasutamist harjutatakse regulaarselt.",Haldusjuht,
1eddf9b640cba922172afa348b1ee478,INF.1,INF.1: Hoone,3.2,3.2 Põhimeetmed,495aab1aeab9529a2a537c3c9c10715a,INF.1.M6,INF.1.M6 Akende ja uste sulgemine,"Vastutaja:  Haldusjuht 
 Elutsükli etapp:  Käitamine 
   
 a. Kui hoones ei ole inimesi, hoitakse aknad suletud ja välisuksed (ka rõdu- või terrassiuksed) lukustatud. 
 b. Uste ja akende sulgemise kord on töötajaile teada ja selle täitmist kontrollitakse regulaarselt.",Haldusjuht,
1eddf9b640cba922172afa348b1ee478,INF.1,INF.1: Hoone,3.2,3.2 Põhimeetmed,b65ca859dde8c3ffda9f11171819ee00,INF.1.M10,INF.1.M10 Standardite ja eeskirjade järgimine,"Vastutaja:  Haldusjuht 
 Elutsükli etapp:  Käitamine 
   
 a. Hoonete kavandamisel, rajamisel, sisustamisel, remontimisel ning tehnosüsteemide paigaldamisel järgitakse kohaldatavaid ehitusnorme.",Haldusjuht,
1eddf9b640cba922172afa348b1ee478,INF.1,INF.1: Hoone,3.3,3.3 Standardmeetmed,b2ee9327769d0a241138bd95a6ffa474,INF.1.M7,INF.1.M7 Sissepääsu reguleerimine ja -kontroll,"Vastutaja:  Haldusjuht 
 Elutsükli etapp:  Käitamine 
   
 a. Hoone või selle osad on vajaduse korral jaotatud erineva kaitsetarbega turvatsoonideks. 
 b. Pääs ruumidesse on reguleeritud tehniliste meetmetega (nt turvaväravad, iselukustuvad uksed, pääsmikuga avatavad lukusüsteemid) ja korralduslike meetmetega (nt külastajate registreerimine) vastavalt ruumide kaitsetarbele. 
 d. Hoonetesse ja ruumidesse on sissepääs piiratud. Sisenemise õigus on ainult volitatud isikutel, kehtestatud ja dokumenteeritud pääsuloendi alusel. 
 f. Sissepääsu reguleerimise meetmete toimivust kontrollitakse vähemalt kord aastas ja pärast pääsuõiguste rikkumist sisaldavat turvaintsidenti.",Haldusjuht,
1eddf9b640cba922172afa348b1ee478,INF.1,INF.1: Hoone,3.3,3.3 Standardmeetmed,e2f353ae223f238f50c1fbb2cfc7b27b,INF.1.M9,INF.1.M9 Hoonete turbe programm,"Vastutaja:  Haldusjuht 
 Elutsükli etapp:  Käitamine 
   
 a. Organisatsiooni üldise turbekontseptsiooni alusel on kehtestatud hoonete turbe programm, mis sätestab muuhulgas: 
 
 suure kaitsetarbega ruumide paigutuse põhimõtted; 
 ruumidesse pääsu reguleerimise; 
 valvesüsteemide kasutamise; 
 vee- ja tuleõnnetuste mõju vähendamise meetmed; 
 hoone asukohast tulenevad lisameetmed; 
 IT-taristu tulekaitse meetmed; 
 tehnoteenuste turbe. 
 
 b. Pärast turvaintsidendi toimumist või muudatusi hoonete kasutusotstarbes turbe programm ajakohastatakse. 
 c. Suure kaitsetarbega ruumid paiknevad võimaluse korral hoone siseosas ning asuvad eemal kõrge riskiga aladest (nt esimene korrus, keldriruumid).",Haldusjuht,
1eddf9b640cba922172afa348b1ee478,INF.1,INF.1: Hoone,3.3,3.3 Standardmeetmed,35d7fe4e262bd208d004f65bde1193ed,INF.1.M12,INF.1.M12 Pääsmike ja võtmete haldus,"Vastutaja:  Haldusjuht 
 Elutsükli etapp:  Käitamine 
   
 a. Pääsmike ja võtmete haldamist ja väljaandmist korraldatakse tsentraalselt. 
 b. Pääsmikke ja võtmeid väljastatakse ainult põhjendatud juhtudel ja volitatud isikutele, väljastused ja tagastused dokumenteeritakse. 
 c. Töötaja on kohustatud hoidma ja kasutama talle väljastatud pääsmikku ja võtmeid turvaliselt. Võtmete ja pääsmike lubamatu kopeerimine on keelatud. 
 d. Varuvõtmeid hoitakse turvalises kohas, avariiolukorras on varuvõtmed kättesaadavad. 
 e. Kõiki füüsilise ligipääsu õigusega isikuid juhendatakse sissepääsuvahendeid õigesti kasutama. 
 f. Töötaja töölt lahkumise korral tagastab töötaja talle väljastatud pääsmiku ja võtmed. 
 g. Isiku pikema äraoleku korral või tööülesannete muutumisel tema ligipääsuõigused ajutiselt peatatakse. 
 h. Pääsmiku või võtme kaotamisest teavitatakse viivitamata selle väljaandjat.",Haldusjuht,
1eddf9b640cba922172afa348b1ee478,INF.1,INF.1: Hoone,3.3,3.3 Standardmeetmed,8d3b7893e21f603ed1814984e5407851,INF.1.M13,INF.1.M13 Tehnosüsteemidele juurdepääsu reguleerimine,"Vastutaja:  Haldusjuht 
 Elutsükli etapp:  Käitamine 
   
 a. Tehnosüsteemide seadme- ja jaotuskappide asukohad on valitud sellised, et võimalikult vähendada volitamata isikute juurdepääsu. 
 b. Seadme- ja jaotuskappe tohivad avada ainult konkreetse tehnosüsteemi eest vastutavad isikud. 
 c. Kappide ja seadmete lukud on töökorras. Varuvõtmeid hoitakse turvaliselt ja need on vajadusel saadaval. 
 d. Seadme- ja jaotuskappides asuvad komponendid on arusaadavalt märgistatud.",Haldusjuht,
1eddf9b640cba922172afa348b1ee478,INF.1,INF.1: Hoone,3.3,3.3 Standardmeetmed,8eb23b85420c3d0466035f047c4aff18,INF.1.M14,INF.1.M14 Pikse- ja liigpingekaitse,"Vastutaja:  Haldusjuht 
 Elutsükli etapp:  Käitamine 
   
 a. Pikse- ja liigpingekaitsesüsteemid vastavad kehtivatele ehitusnormidele ja standardtele. 
 c. Pikse- ja liigpingekaitsesüsteemide vastavust praegustele vajadustele kontrollitakse ja süsteeme hooldatakse regulaarselt.",Haldusjuht,
1eddf9b640cba922172afa348b1ee478,INF.1,INF.1: Hoone,3.3,3.3 Standardmeetmed,9c66a400cd314fd73d8328a392edbd64,INF.1.M16,INF.1.M16 Kaitset vajavate hooneosade otstarbe mittenäitamine,"Vastutaja:  Haldusjuht 
 Elutsükli etapp:  Kavandamine 
   
 a. Avalikel majajuhtidel ei ole viidatud kaitset vajavate hooneosade (serveriruumide, andmekeskuste, arhiivide jms) asukohale. 
 b. Kaitset vajavate hooneosade asukoht ei ole väljastpoolt maja tuvastatav. 
 c. Kaitset vajavate ruumide uksesildid ei näita ruumide tegelikku otstarvet.",Haldusjuht,
1eddf9b640cba922172afa348b1ee478,INF.1,INF.1: Hoone,3.3,3.3 Standardmeetmed,f362acee31f3cd4477153355b3af7025,INF.1.M18,INF.1.M18 Tuleohutuse läbivaatused,"Vastutaja:  Haldusjuht 
 Elutsükli etapp:  Käitamine 
   
 a. Tuleohutuse läbivaatuseid tehakse regulaarselt, vähemalt ühel korral aastas. 
 b. Läbivaatuse käigus hinnatakse vähemalt järgmist: 
 
 tule- ja plahvatusohtlike materjalide hoidmist; 
 põlevate materjalide olemasolu tehno- ja serveriruumides; 
 suitsuandurite ja tulekustutite olemasolu ja hooldust; 
 tuletõkkeuste kasutamist; 
 evakuatsiooniteede läbipääsetavust. 
 
 c. Tuleohutuse läbivaatuse käigus tuvastatud puudusele määratakse vastutaja ja kõrvaldamise tähtaeg vastavalt puuduse riskitasemele.",Haldusjuht,
1eddf9b640cba922172afa348b1ee478,INF.1,INF.1: Hoone,3.3,3.3 Standardmeetmed,6478896c26ab68552633c1661b2d0239,INF.1.M27,INF.1.M27 Sissemurdmiskaitse,"Vastutaja:  Haldusjuht 
 Elutsükli etapp:  Käitamine 
   
 a. Sissemurdmise takistamiseks rakendatakse järgmisi riskihinnangutele tuginevaid meetmeid: 
 
 uksed ja aknad on sissemurdmiskindlad; 
 vajadusel on aknad kaitstud turvakile või trellidega ning uksed ja aknad metallruloodega; 
 vajadusel on ustele paigaldatud lisalukud ja -riivid; 
 mittekasutatavad lisasissepääsud on suletud, avariiväljapääsud on sissemurdmiskindlad; 
 ventilatsiooniavad ja muud tehnilised avad on kaetud võredega; 
 väljaspool tööaega on liftid avatavad uksekaardiga. 
 
 b. Sissemurdmiskaitse meetmete tõhusust kontrollitakse regulaarselt. 
 c. Töötajad on teadlikud sissemurdmiskaitse meetmetest ja nendega seonduvatest kohustustest.",Haldusjuht,
1eddf9b640cba922172afa348b1ee478,INF.1,INF.1: Hoone,3.3,3.3 Standardmeetmed,db3619000aa4f3219f0f267b760c0d7b,INF.1.M31,INF.1.M31 Turvaline väljakolimine,"Vastutaja:  Haldusjuht 
 Elutsükli etapp:  Kõrvaldamine 
   
 a. Enne plaanitud kolimist töötatakse välja või ajakohastatakse kolimisplaan, kus muuhulgas määratletakse töötajate kohustused. Plaan sisaldab infoturbe vaatest oluliste varade loendit (nt riistvara, tarkvara, andmekandjad, kaustad ja dokumendid). 
 b. Töötajaid informeeritakse turvameetmetest, mida on vaja järgida kolimise eel, ajal ja järel. 
 c. Enne kolimist varundatakse andmed ja märgistatakse üheselt kolitav materjal. 
 d. Kolimise käigus rakendatakse juurdepääsu kontrolle, väline personal liigub lähtekohas ja sihtkohas ainult oma töötaja saatel. 
 e. Pärast väljakolimist kontrollitakse kõiki ruume mahajäänud varade leidmiseks. Pärast kolimist kontrollitakse, kas kolimisel transporditud esemed on täielikult ja kahjustusteta ning muutmata kujul kohale jõudnud. 
 f. Enne töötajate tööle asumist uude kohta luuakse vajalik taristu, paigaldatakse ning testitakse IT- ja automaatikaseadmed ning veendutakse kasutajakontode toimimises.",Haldusjuht,
1eddf9b640cba922172afa348b1ee478,INF.1,INF.1: Hoone,3.3,3.3 Standardmeetmed,1e26ef4a9cca3a13ed867af611335a23,INF.1.M36,INF.1.M36 Taristu dokumentatsiooni regulaarne uuendamine,"Vastutaja:  Haldusjuht 
 Elutsükli etapp:  Käitamine 
   
 a. Taristu dokumentatsioon (rajatise-, trassi- ja kaabliskeemid, torustike paigutusskeemid, evakuatsiooniteede kirjeldused ja tuletõrjeplaanid) on ajakohane. 
 b. Töötajatel on dokumentatsioonile vajaduspõhine juurdepääs. 
 c. Tulekahju korral tegutsemise plaani ja evakuatsiooniteede skeemi vaadatakse üle regulaarselt. Vajadusel korrigeeritakse plaani. 
 d. Kõik töötajad on teadlikud tuleohutus- ja hoonete kasutamise juhendites tehtud muudatustest. 
 e. Peale taristus tehtavaid muudatusi või dokumentatsioonis puuduste tuvastamist taristu dokumentatsioon korrigeeritakse ja ajakohastatakse.",Haldusjuht,
1eddf9b640cba922172afa348b1ee478,INF.1,INF.1: Hoone,3.4,3.4 Kõrgmeetmed,6d3e673f92d8ffd13bb7e1d7bfa58841,INF.1.M22,INF.1.M22 Turvalised uksed ja aknad,"Vastutaja:  Haldusjuht 
 Elutsükli etapp:  Käitamine 
 Turvakomponent:  C; I; A 
   
 a. Kõrgendatud turvavajadusega hoonete uksed ja aknad vastavad vähemalt kaitseklassile RC2 standardi EVS-EN 1627 järgi. 
 b. Serveriruum olemasolul vastavad selle uksed ja nende paigaldus vähemalt kaitseklassile RC3. 
 c. Ruumikonstruktsioonide sissetungi-, tule- ja suitsukindlus on akende ja ustega vähemalt samaväärne. 
 d. Turvauste ja -akende seisundit kontrollitakse regulaarselt.",Haldusjuht,
1eddf9b640cba922172afa348b1ee478,INF.1,INF.1: Hoone,3.4,3.4 Kõrgmeetmed,fae6ae1ab63d541f03bddeb210aa1a11,INF.1.M23,INF.1.M23 Turvatsoonid,"Vastutaja:  Haldusjuht 
 Elutsükli etapp:  Kavandamine 
 Turvakomponent:  C 
   
 a. Ruumid ja piirkonnad on sarnase kaitsetarbe järgi rühmitatud kaheks, kolmeks või neljaks turvatsooniks (nt. välispiirkond, kontrollitav sisepiirkond, sisepiirkond, suure kaitsetarbega piirkond). 
 b. Posti-, tarne- ja laadimistsoonid peavad paiknema nii, et kaubasaadetisi saaks vastu võtta ilma et tarnija peaks sisenema hoone muudesse piirkondadesse. 
 c. Suure kaitsetarbega turvatsooni sisenemisel rakendatakse täiendavaid pääsukontrolle (nt turvavärav). Suure kaitsetarbega tsooni sissepääsu õigust omavate isikute ring on väga väike. 
 d. Hoonete ja territooriumi turvatsoonid ja nende kaitsetarve on dokumenteeritud.",Haldusjuht,
1eddf9b640cba922172afa348b1ee478,INF.1,INF.1: Hoone,3.4,3.4 Kõrgmeetmed,89674cbdc85e807add132eb41a8c4700,INF.1.M24,INF.1.M24 Automaatne vee-eemaldus,"Vastutaja:  Haldusjuht 
 Elutsükli etapp:  Käitamine 
 Turvakomponent:  A 
   
 a. Veeohu ja kõrgendatud turvavajadusega piirkonnad/ruumid on varustatud lekkeandurite ja vee-eemaldussüsteemidega. 
 b. Passiivsed vee-eemaldussüsteemid (põrandatrappide kaudu otse kanalisatsioonisüsteemi) on varustatud tagasivooluklappidega. 
 c. Passiivse vee-eemaldussüsteemi puudumisel kasutatakse vee juhtimiseks piisava jõudluse ja töökindlusega veepumpasid (aktiivne vee-eemaldus). 
 d. Vee-eemaldussüsteemide töökorras olekut kontrollitakse regulaarselt.",Haldusjuht,
1eddf9b640cba922172afa348b1ee478,INF.1,INF.1: Hoone,3.4,3.4 Kõrgmeetmed,bbfe207a294ec24171897f4f50f39a58,INF.1.M26,INF.1.M26 Valve- ja turvateenistus,"Vastutaja:  Haldusjuht 
 Elutsükli etapp:  Käitamine 
 Turvakomponent:  C; I; A 
   
 a. Valve- ja turvateenistuse ülesanded, järelevalve ulatus ja sündmustele reageerimise protseduur on dokumenteeritud. 
 e. Valve- ja turvateenistusega teabevahetuseks on määratud kontaktisik. Valve- ja turvateenistuste töötajaid teavitatakse pääsuõiguste muudatustest õigeaegselt.",Haldusjuht,
1eddf9b640cba922172afa348b1ee478,INF.1,INF.1: Hoone,3.4,3.4 Kõrgmeetmed,0297e26379ab1dfc8fda5003a8c96c7a,INF.1.M30,INF.1.M30 Sobiva hoone valimine,"Vastutaja:  Haldusjuht 
 Elutsükli etapp:  Kavandamine 
 Turvakomponent:  C; I; A 
   
 a. Hoonete sobivuse hindamiseks on koostatud funktsionaalsete ja turvanõuete spetsifikatsioon. 
 b. Infoturbe seisukohast arvestatakse hoone sobivuse hindamisel järgmisi aspekte: 
 
 milline on hoone perimeetri ulatus; 
 kas hoone tarindid on piisavalt tugevad serveriruumide, puhvertoiteallikate ja IT-seadmete paigutamiseks selleks kõige paremini sobivatesse asukohtadesse hoones; 
 kas saab turvatsoone üksteisest eraldada, luua turvaväravad ning juurdepääsuteed; 
 kas juurdepääsuteed sobivad suuremõõduliste IT-komponentide transpordiks; 
 kas rendihoonet kasutavad samal ajal ka teised. 
 
 c. Hoone väljavalimise käigus on veendutud, et hoones saab vajalikke turvameetmeid rakendada, seda eriti rendiobjektide korral. 
 d. Hoone asukoha valimisel on arvestatud järgmiste keskkonnaohtudega: 
 
 liiklusest (maantee, raudtee) tekkiv vibratsioon; 
 liiklustrasside lähedusest tulenev õnnetusrisk; 
 kõrgepingeliinide või raadiosidemastide tekitatavad häiringud; 
 üleujutuse võimalikkus; 
 tehnilised õnnetused naaberrajatistes; 
 ümbruskonna kriminogeensus.",Haldusjuht,
1eddf9b640cba922172afa348b1ee478,INF.1,INF.1: Hoone,3.4,3.4 Kõrgmeetmed,9b29b1cfa174b1b7bb542139bad7de33,INF.1.M34,INF.1.M34 Häire- ja hoiatussüsteem,"Vastutaja:  Haldusjuht 
 Elutsükli etapp:  Käitamine 
 Turvakomponent:  A 
   
 a. Kasutatakse ruumidega seotud riskidele vastavat häire- ja hoiatussüsteemi. 
 c. Keskse häire- ja hoiatussüsteemi puudumisel kasutatakse kõrge kaitsetarbega ruumides autonoomseid valvesüsteeme. 
 d. Häire- ja hoiatussüsteemi kontrollitakse ja hooldatakse regulaarselt. 
 e. Häirele reageerimiseks on kehtestatud protseduur. 
 f. Häirele reageerimist analüüsitakse, vajadusel korrigeeritakse protseduuri.",Haldusjuht,
1eddf9b640cba922172afa348b1ee478,INF.1,INF.1: Hoone,3.4,3.4 Kõrgmeetmed,580bd2291af68caa279185adbed4976a,INF.1.M35,INF.1.M35 Välisperimeetri kaitsmine,"Vastutaja:  Haldusjuht 
 Elutsükli etapp:  Käitamine 
 Turvakomponent:  C; A 
   
 a. On kasutusele võetud meetmed hoone välisperimeetri kaitsmiseks. 
 b. Perimeetri käitamiseks on kaalutud järgmiste kaitsemeetmete rakendamist: 
 
 hoonete ümbritsemine aiaga; 
 meetmed territooriumile kogemata sattumise ärahoidmiseks; 
 meetmed territooriumile tahtliku sissetungi raskendamiseks; 
 välikaamerad ja videosalvestusseadmed; 
 inimeste ja sõidukite liikumise automaatne tuvastamine; 
 automaatne häire- ja hoiatussüsteem.",Haldusjuht,
58d7fc2c3f1e89097964f56a5bfb3533,DER.2.2,DER.2.2: IT-kriminalistika võimaldamine,3.2,3.2 Põhimeetmed,61cfc2a14ba4810af54088c8267690ff,DER.2.2.M1,DER.2.2.M1 Andmekäitluse õiguslike raamtingimuste järgimine,"Vastutaja:  Infoturbejuht 
 Elutsükli etapp:  Käitamine 
   
 a. Turvaintsidendi võimaliku kriminalistikauuringu käigus kogutakse ja töödeldakse andmeid kooskõlas kohaldatavate õigusaktidega. 
 b. Isikuandmete töötlemisel hinnatakse andmekaitsenõuete kohaldumist ning vajadusel kaasatakse andmekaitsespetsialist. 
 c. Organisatsioon on määratlenud põhimõtted, milliseid andmeid võib turvaintsidendi uurimiseks koguda, kuidas neid töödelda ja kui kaua säilitada. 
 d. Andmete kogumisel ja säilitamisel arvestatakse nende võimaliku tõendusväärtuse säilitamise vajadusega.",Infoturbejuht,
58d7fc2c3f1e89097964f56a5bfb3533,DER.2.2,DER.2.2: IT-kriminalistika võimaldamine,3.2,3.2 Põhimeetmed,4ad1d61c2a6d88b7a2ba9c3aecb3e0d7,DER.2.2.M2,DER.2.2.M2 Asitõendite tõendusväärtuse tagamine,"Vastutaja:  Infoturbejuht 
 Elutsükli etapp:  Kavandamine 
   
 a. Turvaintsidendist mõjutatud IT-süsteemid võimaldavad säilitada tõendusmaterjali viisil, mis tagab asitõendite tõendusväärtuse. 
 b. Organisatsioon on määratlenud põhimõtted ja töökorralduse, kuidas vältida intsidendist mõjutatud IT-süsteemides tõendusmaterjalide tahtmatu muutmine või hävimine enne uurimise alustamist. 
 c. IT-kriminalistika töövahendite valimisel arvestatakse nende usaldusväärsust ja võimet tagada töödeldavate andmete terviklus ja jälgitavus.",Infoturbejuht,
58d7fc2c3f1e89097964f56a5bfb3533,DER.2.2,DER.2.2: IT-kriminalistika võimaldamine,3.3,3.3 Standardmeetmed,dfa981dc0ed07cd12141cfaa21e52e0d,DER.2.2.M3,DER.2.2.M3 Kriminalistikateenuse pakkujate kaardistamine,"Vastutaja:  Infoturbejuht 
 Elutsükli etapp:  Kavandamine 
   
 a. Organisatsioonisisese IT-kriminalistika võimekuse puudumisel on kaardistatud sobivad välised kriminalistikateenuse pakkujad. Teenusepakkujate valikul arvestatakse nende pädevust ja sõltumatust. 
 b. Teenusepakkujate valikul arvestatakse nende pädevust, sõltumatust ning võimet tagada andmete konfidentsiaalsus ja tõendusväärtuse säilitamine. 
 c. Teenuse kasutamise tingimused ja kontaktid on dokumenteeritud ja volitatud isikutele kättesaadavad.",Infoturbejuht,
58d7fc2c3f1e89097964f56a5bfb3533,DER.2.2,DER.2.2: IT-kriminalistika võimaldamine,3.3,3.3 Standardmeetmed,f7e48e56a367c8eb3f314154d34a591d,DER.2.2.M4,DER.2.2.M4 Kriminalistikauuringu seotus kriisi- ja intsidendihaldusega,"Vastutaja:  Infoturbejuht 
 Elutsükli etapp:  Käitamine 
   
 a. Kriminalistikauuringu algatamine toimub turvaintsidendi käsitlemise protsessi raames ning vastavalt kehtestatud eskalatsiooni- ja otsustuskriteeriumidele. 
 b. Kriminalistikategevused kavandatakse ja viiakse läbi viisil, mis ei takista põhjendamatult teenuse taastamist ega kriisiohje meetmete rakendamist. 
 c. Kriminalistikauuringu käigus kogutud teave ja järeldused edastatakse intsidendi- ja kriisijuhtimise vastutajatele ulatuses, mis on vajalik olukorra hindamiseks ja otsuste tegemiseks.",Infoturbejuht,
58d7fc2c3f1e89097964f56a5bfb3533,DER.2.2,DER.2.2: IT-kriminalistika võimaldamine,3.3,3.3 Standardmeetmed,b74f2d74652124fc02d41223e2e40458,DER.2.2.M6,DER.2.2.M6 Personali koolitus IT-kriminalistika alal,"Vastutaja:  Infoturbejuht 
 Elutsükli etapp:  Käitamine 
   
 a. IT-kriminalistika tegevustega seotud isikutele on tagatud asjakohane koolitus, mis hõlmab tõendusmaterjali kogumise, säilitamise ja dokumenteerimise põhimõtteid ning kasutatavate töövahendite rakendamist. 
 b. Organisatsioonis on kehtestatud juhend, milles on kirjeldatud tõendusmaterjali käsitlemise põhimõtted, kasutatavad meetodid ja dokumenteerimisnõuded. 
 c. Koolituse ja juhendite ajakohasust hinnatakse regulaarselt, arvestades õiguslike nõuete ja tehniliste arengutega.",Infoturbejuht,
58d7fc2c3f1e89097964f56a5bfb3533,DER.2.2,DER.2.2: IT-kriminalistika võimaldamine,3.3,3.3 Standardmeetmed,afcb1e49f4f57839aa5629a2d7c69558,DER.2.2.M8,DER.2.2.M8 Tõendusmaterjali kogumine ja prioriseerimine,"Vastutaja:  Infoturbejuht 
 Elutsükli etapp:  Käitamine 
   
 a. Kriminalistikauuringule püstitatakse eesmärk, mille alusel otsustatakse kogutavad andmeallikad ja tõendusmaterjali ulatus. 
 b. Tõendusmaterjali kogumiseks koostatakse tegevuskava, milles määratakse andmete kogumise järjekord, arvestades nende võimalikku muutuvust või hävimisriski. 
 c. Tõendusmaterjali kogumine ja käsitlemine dokumenteeritakse viisil, mis võimaldab tegevuste hilisemat kontrolli ja põhjendatuse hindamist.",Infoturbejuht,
58d7fc2c3f1e89097964f56a5bfb3533,DER.2.2,DER.2.2: IT-kriminalistika võimaldamine,3.3,3.3 Standardmeetmed,c7255a5e580fed1aa216cff3d67000c6,DER.2.2.M10,DER.2.2.M10 Tõendusmaterjali turve,"Vastutaja:  Infoturbejuht 
 Elutsükli etapp:  Käitamine 
   
 a. Võimaluse korral tehakse mõjutatud andmekandjatest terviklik ekspertiisikoopia (ingl  forensic copy ) ning edasine analüüs viiakse läbi koopial, säilitades originaalandmed muutmata kujul. 
 b. Originaalandmekandjad säilitatakse eraldi ja kaitstult viisil, mis välistab nende muutmise või hävimise. 
 c. Originaalandmete ja uurimiskoopiate tervikluse tõendamiseks kasutatakse krüptograafilisi kontrollkoode, mille väärtused dokumenteeritakse. 
 e. Tõendusmaterjali kogumise ja käsitlemisega tegelevad üksnes selleks pädevad töötajad või määratud teenusepakkujad.",Infoturbejuht,
58d7fc2c3f1e89097964f56a5bfb3533,DER.2.2,DER.2.2: IT-kriminalistika võimaldamine,3.3,3.3 Standardmeetmed,2aa27a98ff7416a79ec1242dfd64fb72,DER.2.2.M11,DER.2.2.M11 Tõendusmaterjali käsitluse dokumenteerimine,"Vastutaja:  Infoturbejuht 
 Elutsükli etapp:  Käitamine 
   
 a. Kriminalistikauuringu käigus dokumenteeritakse tõendusmaterjali kogumise, säilitamise ja analüüsi toimingud, sealhulgas kasutatud meetodid, tehtud otsused, toimingute aeg ja vastutavad isikud. 
 b. Dokumentatsioon peab võimaldama hiljem tuvastada, kuidas tõendusmaterjali on käsitletud, kes on sellele ligi pääsenud ning milliseid toiminguid on sellega tehtud. 
 c. Vajadusel kinnitavad toimingute dokumenteeritud kujul läbiviimist sõltumatud tunnistajad.",Infoturbejuht,
58d7fc2c3f1e89097964f56a5bfb3533,DER.2.2,DER.2.2: IT-kriminalistika võimaldamine,3.3,3.3 Standardmeetmed,829b7765ac340d3a87c3ec449ffc2671,DER.2.2.M12,DER.2.2.M12 Originaal-andmekandja ja tõendusmaterjali turvaline säilitus,"Vastutaja:  Infoturbejuht 
 Elutsükli etapp:  Käitamine 
   
 a. Originaal-andmekandjaid ja tõendusmaterjali säilitatakse viisil, mis tagab nende füüsilise ja loogilise kaitse ning piiratud juurdepääsu üksnes volitatud isikutele. 
 b. Tõendusmaterjalile määratakse säilitustähtaeg, lähtudes kohaldatavatest õigusaktidest ja menetluslikust vajadusest. 
 c. Säilitustähtaja möödumisel hinnatakse edasise säilitamise põhjendatust. Kui säilitamise vajadus puudub, hävitatakse tõendusmaterjal turvaliselt või tagastatakse see õigustatud isikule, dokumenteerides vastava otsuse.",Infoturbejuht,
58d7fc2c3f1e89097964f56a5bfb3533,DER.2.2,DER.2.2: IT-kriminalistika võimaldamine,3.4,3.4 Kõrgmeetmed,46632babb8b70f0871bcbe46bb60ba0e,DER.2.2.M13,DER.2.2.M13 Raamlepingud kriminalistikateenuse pakkujatega,"Vastutaja:  Infoturbejuht 
 Elutsükli etapp:  Kavandamine 
 Turvakomponent:  C; I; A 
   
 a. Infoturvaintsidentide kriminalistikauuringu kiiremaks käivitamiseks on organisatsioon sõlminud kriminalistikateenuse pakkujatega kaasamislepped või raamlepingud.",Infoturbejuht,
58d7fc2c3f1e89097964f56a5bfb3533,DER.2.2,DER.2.2: IT-kriminalistika võimaldamine,3.4,3.4 Kõrgmeetmed,6bb9b8a762c9b79bec014c4a302a04b9,DER.2.2.M14,DER.2.2.M14 Tüüpprotseduurid tõendusmaterjali kogumiseks ja kaitseks,"Vastutaja:  Infoturbejuht 
 Elutsükli etapp:  Käitamine 
 Turvakomponent:  C; I; A 
   
 a. Suure kaitsetarbega IT-süsteemide ja levinud süsteemikonfiguratsioonide puhul on koostatud eelnevalt määratletud tüüpprotseduurid tõendusmaterjali kogumiseks ja säilitamiseks, arvestades nii volatiilsete kui püsivate andmete eripära. 
 b. Tüüpprotseduurid on eelnevalt läbi katsetatud ning nende rakendamist toetavad kontroll-loetelud ja tehnilised töövahendid. Võimalusel kasutatakse automatiseeritud lahendusi, mis vähendavad inimlikke vigu ja tagavad tegevuste järjepidevuse.",Infoturbejuht,
f184e7ea048f34225b7560fb4fbd8d67,DER.2.3,DER.2.3: Ulatuslike turvaintsidentide lahendamine,3.3,3.3 Standardmeetmed,9dbb960db78cd49d87c8fd1d13d1d6d7,DER.2.3.M1,DER.2.3.M1 Ulatuslike turvaintsidentide lahendamise töörühm,"Vastutaja:  IT-juht 
 Elutsükli etapp:  Kavandamine 
   
 a. Ulatusliku ja pikaajalise turvaintsidendi (ingl  Advanced Persistent Threat , APT), lahendamiseks on ette nähtud töörühm, kes kavandab, koordineerib ja jälgib intsidendi strateegilist lahendamist ning keskkonna terviklikku taastamist. 
 b. Ulatuslike turvaintsidentide lahendamise töörühma ülesanded ja koosseis on eelnevalt määratletud. Rühm tegutseb kooskõlas organisatsiooni kriisijuhtimise ja talitluspidevuse korraldusega. 
 c. Kui IT-süsteemid on olulisel määral rikutud või kui lahendusmeetmed on väga ulatuslikud, luuakse täiendav ärijätkuvuse tagamise ja kommunikatsiooniga tegelev kriisirühm. 
 d. Ulatuslike turvaintsidentide lahendamise töörühmale on antud oma ülesannete täitmiseks volitused ja otsustusõigus.",IT-juht,
f184e7ea048f34225b7560fb4fbd8d67,DER.2.3,DER.2.3: Ulatuslike turvaintsidentide lahendamine,3.3,3.3 Standardmeetmed,66bbd0edc54de1cb0af9b9250f2d9c35,DER.2.3.M2,DER.2.3.M2 Sobiva lahenduskäigu valimine,"Vastutaja:  IT-juht 
 Elutsükli etapp:  Käitamine 
   
 a. Ulatuslike turvaintsidentide lahendamise töörühm määratleb enne tegevuste alustamist lahenduskäigu, otsustades, kas: 
 
 kahjurvara saab turvarikkega IT-süsteemidest eemaldada; 
 mõjutatud IT-süsteemid installitakse uuesti; 
 mõjutatud IT-süsteemid tuleb asendada. 
 
 d. Analüüsi tulemuste põhjal plaanitakse iga kahjustatud süsteemi taastetegevused ja ajakava.",IT-juht,
f184e7ea048f34225b7560fb4fbd8d67,DER.2.3,DER.2.3: Ulatuslike turvaintsidentide lahendamine,3.3,3.3 Standardmeetmed,75221ced8b7f061617b4ae7ac621285f,DER.2.3.M4,DER.2.3.M4 Pääsuandmete ja krüptovõtmete blokeerimine ja muutmine,"Vastutaja:  IT-juht 
 Elutsükli etapp:  Käitamine 
   
 a. Ulatusliku turvaintsidendi korral hinnatakse autentimis- ja autoriseerimisandmete kompromiteerimise ulatust ning tühistatakse või muudetakse mõjutatud kasutajakontode, teenusekontode ja administraatorikontode pääsuandmed. 
 b. Ründest mõjutatud keskses autentimisserveris blokeeritakse sellest tehtavad pöördumised ja muudetakse kõik paroolid. 
 c. Kui TLS-võtmed või sisemine sertifitseerimiskeskus on kompromiteeritud, tühistatakse vastavad võtmed ning luuakse võtmed ja võtmetaristu uuesti.",IT-juht,
f184e7ea048f34225b7560fb4fbd8d67,DER.2.3,DER.2.3: Ulatuslike turvaintsidentide lahendamine,3.3,3.3 Standardmeetmed,fce3fb8c74de125451145737d5899371,DER.2.3.M5,DER.2.3.M5 Ründe algpõhjuse ja sissetungitee kõrvaldamine,"Vastutaja:  IT-juht 
 Elutsükli etapp:  Käitamine 
   
 a. Kui ründaja on kasutanud ära IT-süsteemi haavatavust, eraldatakse mõjutatud IT-süsteem võrgust, tuvastatakse ründe algpõhjus ning kõrvaldatakse kasutatud tehnilised või organisatsioonilised nõrkused. 
 b. Süsteemidest eemaldatakse ründaja loodud kontod, pahavara, püsivusmehhanismid ja muud loata muudatused. 
 c. Vähendatakse haavatavusi, uuendatakse tarkvara või muudetakse konfiguratsioone viisil, mis välistab sama sissetungitee korduva kasutamise. 
 d. Nullpäevaeksploidi (ingl  zero-day exploit ) korral võetakse ühendust tarkvara valmistajaga. Lahenduse saamiseni rakendatakse nõrkuse korvamiseks ajutisi meetmeid. 
 e. Enne taastamisetapi alustamist veendutakse, et ründaja ligipääs on täielikult kõrvaldatud.",IT-juht,
f184e7ea048f34225b7560fb4fbd8d67,DER.2.3,DER.2.3: Ulatuslike turvaintsidentide lahendamine,3.3,3.3 Standardmeetmed,48359d6597cdf0ddb25f4dc27950a9bf,DER.2.3.M6,DER.2.3.M6 IT-süsteemide tööseisundi taastamine,"Vastutaja:  IT-juht 
 Elutsükli etapp:  Käitamine 
   
 a. IT-süsteemide tööseisundi taastamisel välditakse andmevahetust taastatud ja taastamata süsteemide vahel. 
 b. IT-süsteemid taastatakse mõjutamata varukoopiatest või paigaldatakse uuesti, veendudes, et ei taastata kompromiteeritud andmeid ega komponente. 
 c. Pärast IT-süsteemide taastamist seiratakse mõjutatud IT-süsteemide andmevahetust, et tuvastada võimalikku kordusrünnet.",IT-juht,
f184e7ea048f34225b7560fb4fbd8d67,DER.2.3,DER.2.3: Ulatuslike turvaintsidentide lahendamine,3.3,3.3 Standardmeetmed,592b587437b0e456197a1f29284b8628,DER.2.3.M7,DER.2.3.M7 IT-süsteemi sihipärane tugevdamine,"Vastutaja:  Infoturbejuht 
 Elutsükli etapp:  Käitamine 
   
 a. Pärast ulatuslikku küberrünnet tugevdatakse intsidendist mõjutatud IT-süsteeme, tuginedes kriminalistikauuringu tulemustele. Peale seda kontrollitakse IT-süsteemide turvalisust uuesti. 
 b. IT-süsteemi tugevdamist alustatakse võimalikult ruttu, juba IT-süsteemi korrastamisel. Aeganõudvate meetmete rakendamine plaanitakse hilisema rakendamistähtajaga. 
 c. Tugevdamismeetmete kavandamises ja rakendamises osaleb organisatsioonis infoturbe eest vastutav isik.",IT-juht,
f184e7ea048f34225b7560fb4fbd8d67,DER.2.3,DER.2.3: Ulatuslike turvaintsidentide lahendamine,3.3,3.3 Standardmeetmed,9deb07e584aef42aea487a865b8db2dc,DER.2.3.M8,DER.2.3.M8 Ründekäsitluse sidekanalite turve,"Vastutaja:  IT-juht 
 Elutsükli etapp:  Kavandamine 
   
 a. Ulatuslike turvaintsidentide käsitlemiseks on eelnevalt määratud turvalised sidekanalid, mida kasutatakse juhul, kui tavapärased suhtlusvahendid võivad olla kompromiteeritud. 
 b. Kasutatavad sidekanalid peavad tagama teabe konfidentsiaalsuse ning olema ründeolukorras kättesaadavad ja töökindlad.",IT-juht,
f184e7ea048f34225b7560fb4fbd8d67,DER.2.3,DER.2.3: Ulatuslike turvaintsidentide lahendamine,3.3,3.3 Standardmeetmed,0d8429b860bf21347832f1d3a65e69d6,DER.2.3.M10,DER.2.3.M10 IT-keskkonna ümberkujundamine kordusründe takistamiseks,"Vastutaja:  IT-juht 
 Elutsükli etapp:  Käitamine 
   
 a. Kui ulatusliku turvaintsidendi käigus on ründaja omandanud teadmise organisatsiooni IT-keskkonna ülesehitusest, hinnatakse keskkonna osalise või täieliku ümberkujundamise vajadust kordusründe riski vähendamiseks. 
 b. IT-keskkonna ümberkujundamine võib hõlmata järgnevaid muudatusi: 
 
 võrgusegmentide IP-aadressivahemikud ja IT-süsteemide IP-aadressid; 
 IT-süsteemide nimed; 
 kasutaja- ja hoolduskontode nimeskeemid; 
 veebirakenduste ja veebiteenuste URL-teed. 
 
 c. Pärast IT-keskkonna ümberkujundamist ajakohastatakse dokumentatsioon. 
 d. Tugevdatakse IT-süsteemide seiret, et tuvastada võimalikud kordusründe katsed varasemate teadmiste ja endiste võrguandmete põhjal.",IT-juht,
f184e7ea048f34225b7560fb4fbd8d67,DER.2.3,DER.2.3: Ulatuslike turvaintsidentide lahendamine,3.4,3.4 Kõrgmeetmed,874dfc060aed3e12c6166b7596ccf64f,DER.2.3.M9,DER.2.3.M9 Mõjutatud IT-süsteemide asendamine,"Vastutaja:  IT-juht 
 Elutsükli etapp:  Käitamine 
 Turvakomponent:  C; I 
   
 a. Kui ulatusliku turvaintsidendi järel ei ole võimalik piisava kindlusega kinnitada IT-süsteemi terviklikkust või kompromiteerimise ulatust, asendatakse mõjutatud süsteem tervikuna. 
 b. Riistvara, püsivara või süsteemitarkvara kompromiteerimise kahtluse korral vahetatakse riistvara välja.",IT-juht,
8c3a4729c331b539d611d785ecae53ed,INF.4,INF.4: Kodutöökoht,3.2,3.2 Põhimeetmed,6254d386cc40b267e87b74f7d2ef4323,INF.4.M1,INF.4.M1 Dokumentide ja andmekandjate turve kodutöökohal,"Vastutaja:  Infoturbejuht 
 Elutsükli etapp:  Käitamine 
   
 a. Tööalased dokumendid ja andmekandjad on kodutöökohal kaitstud volitamata juurdepääsu eest. 
 b. Tundlikke andmeid sisaldavad andmekandjad on krüpteeritud. 
 c. Pikajalisel eemalviibimisel töökohast lukustatatakse tööruum või hoiustatakse dokumente ja andmekandjaid lukustatud kapis või laualaekas. 
 d. Töötaja lühiajalisel eemalviibimisel töökohast lukustatakse kuvari ekraan, töötaja pikaajalisel eemalviibimisel on arvuti välja lülitatud. 
 e. Töötaja hoiab kodutöökoha korras ja töölaua tööpaberitest ja dokumentidest puhtana.",Infoturbejuht,
8c3a4729c331b539d611d785ecae53ed,INF.4,INF.4: Kodutöökoht,3.2,3.2 Põhimeetmed,509c5213bc5be33868176761a25cd150,INF.4.M2,INF.4.M2 Dokumentide ja andmekandjate turvaline transport kodutöökohta,"Vastutaja:  Infoturbejuht 
 Elutsükli etapp:  Käitamine 
   
 b. Digitaalsetel andmekandjatel olevad andmed krüpteeritakse enne kodutöökohta transportimist. 
 c. Võimalusel välditakse dokumentide ainueksemplaride väljaviimist organisatsiooni ruumidest.",Infoturbejuht,
8c3a4729c331b539d611d785ecae53ed,INF.4,INF.4: Kodutöökoht,3.2,3.2 Põhimeetmed,8d192f5d7bcfbbea259524389afba74a,INF.4.M3,INF.4.M3 Kaitse lubamatu sissepääsu eest kodutöökohta,"Vastutaja:  Infoturbejuht 
 Elutsükli etapp:  Käitamine 
   
 a. Töötajaid on teavitatud, milliste sissetungi- ja pääsukaitse meetmete rakendamine kodutöökohas on kohustuslik ja milline töötaja vastutus sellega kaasneb. 
 b. Kodutöökohas on rakendatud sobivaid sissemurdmiskaitse meetmeid (nt turvauksed ja -aknad, turvalised ukselukud). 
 c. Kui kodutöökohal inimesi ei viibi, on ruumide aknad suletud ja uksed lukustatud.",Infoturbejuht,
8c3a4729c331b539d611d785ecae53ed,INF.4,INF.4: Kodutöökoht,3.3,3.3 Standardmeetmed,536df7073784c690a738b0719e17b268,INF.4.M4,INF.4.M4 Kodutöökoha turvaline korraldus,"Vastutaja:  Infoturbejuht 
 Elutsükli etapp:  Käitamine 
   
 a. Võimalusel kasutatakse kodutöökohana eraldiseisvat ja lukustatavat tööruumi. 
 c. Kodutöökohas on järgitud organisatsioonis üldkehtivaid nõudeid töökohale ja töökeskkonnale. 
 e. Kodutöökoht on konkreetsete tööülesannete täitmiseks piisavalt varustatud, selleks vajalikud töövahendid annab tööandja. 
 f. Konfidentsiaalseid dokumente ning tundlikke andmeid sisaldavaid andmekandjaid hoitakse šeifis või lukustatud hoiukohas.",Infoturbejuht,
8c3a4729c331b539d611d785ecae53ed,INF.4,INF.4: Kodutöökoht,3.3,3.3 Standardmeetmed,828bae5cb36ad238e5859baafa7b4843,INF.4.M5,INF.4.M5 Tööalaste andmete turvaline kõrvaldamine kodutöökohal,"Vastutaja:  Infoturbejuht 
 Elutsükli etapp:  Kõrvaldamine 
 Turvakomponent:  C 
   
 a. Andmete kõrvaldamisel kodutöökohal järgitakse organisatsioonis selleks kehtestatud korda. 
 c. Kui kodutöökohal kõrvaldatakse tundlikke materjale, on selleks kasutusel organisatsiooni nõuetele vastavad vahendid või toimub materjalide tagastamine organisatsiooni ruumidesse. 
 d. Konfidentsiaalseid dokumente ning tundlikke andmeid sisaldavaid andmekandjad on vahetult kuni kõrvaldamiseni kaitstud lubamatu juurdepääsu eest.",Infoturbejuht,
8c3a4729c331b539d611d785ecae53ed,INF.4,INF.4: Kodutöökoht,3.4,3.4 Kõrgmeetmed,9f8c7d53f4eb1c4e2d56634eda0a4765,INF.4.M6,INF.4.M6 Konfidentsiaalsete töömaterjalide käitlus kodutöökohal,"Vastutaja:  Infoturbejuht 
 Elutsükli etapp:  Käitamine 
 Turvakomponent:  C; I; A 
   
 a. Konfidentsiaalsete töömaterjalide käitlemine toimub üldjuhul põhitöökohal, materjalide väljastamist kodus töötamiseks välditakse. 
 b. Kui töötaja erandkorras kasutab konfidentsiaalseid töödokumente kodutöökohal, rakendatakse kodutöökohale tavapärasest rangemaid turvameetmeid. 
 c. Kodutöökoha lukustatavad šeifid, kapid ja sahtliboksid vastavad dokumentide ja andmekandjate kaitsetarbele. 
 d. Konfidentsiaalsete dokumentide kõrvaldamiseks kodutöökohal kasutatakse paberipurustit.",Infoturbejuht,
b85269340d54040ab86790a8372f0e4d,DEV.2,DEV.2: Tarkvara arendusprojekt,3.2,3.2 Põhimeetmed,741ca690751498694872181427469f87,DEV.2.M1,DEV.2.M1 Tarkvara arendusprojekti kavandamine,"Vastutaja:  Äriüksuse juht 
 Elutsükli etapp:  Kavandamine 
   
 a. Tarkvara arendusprojekti juhtimiseks on kokku lepitud rollid, nende vastutusalad ja määratud nimelised täitjad. 
 b. Organisatsioon on teostanud esmase analüüsi ja määranud tarkvara raamtingimused, sealhulgas: 
 
 äriprotsessid, mida rakendus toetab; 
 töödeldavad andmed ja nende kaitsetarve; 
 õiguslikud raamtingimused; 
 IT-süsteemid, millega rakendus andmeid vahetab; 
 vajalikud rollid ja pääsuõigused; 
 infoturbe nõuded; 
 mittefunktsionaalsed nõuded. 
 
 c. Arendusprojekti kavandamisel lähtutakse organisatsiooni valitud tarkvaraarenduse metoodikast ja tarkvaraarendusprotsessist. 
 d. Tarkvara arendusprojektil on kindlaksmääratud tulem, eelarve ja teostamisaeg. 
 h. Tarkvara arendusprojektis on määratud vastutajad järgmiste tarkvaraarenduse tegevuste eest: 
 
 nõuete koostamine, nõuetehaldus ja muudatuste haldus; 
 tarkvara kavandamine ja tarkvara arhitektuur; 
 tarkvaraarenduse infoturve; 
 spetsiifilised tarkvaraarenduse tegevused (nt testimine).",Äriüksuse juht,
b85269340d54040ab86790a8372f0e4d,DEV.2,DEV.2: Tarkvara arendusprojekt,3.2,3.2 Põhimeetmed,8d2c9ad90a0ad35176c652b49ce5aa4d,DEV.2.M2,DEV.2.M2 Tarkvara nõuete määramine,"Vastutaja:  Äriüksuse juht 
 Elutsükli etapp:  Kavandamine 
   
 a. Tarkvara arendamiseks on määratud järgnevad nõuded: 
 
 organisatsiooni ärinõuetest ja õigusaktidest tulenevad tarkvara funktsionaalsed nõuded; 
 tarkvarale esitatavad mittefunktsionaalsed nõuded.",Äriüksuse juht,
b85269340d54040ab86790a8372f0e4d,DEV.2,DEV.2: Tarkvara arendusprojekt,3.2,3.2 Põhimeetmed,5c2775b274e7117d6d2d6f7e95d6a026,DEV.2.M3,DEV.2.M3 Tarkvara käidunõuete määramine,"Vastutaja:  Äriüksuse juht 
 Elutsükli etapp:  Kavandamine 
   
 a. On koostatud tarkvara käitamiseks vajaliku keskkonna spetsifikatsioon, mis arvestab eeldatavat kasutuskoormust. 
 b. Tarkvara käitamise spetsifikatsioon sisaldab vähemalt: 
 
 süsteemiressursside vajadusi; 
 komponentarhitektuuri kirjeldust; 
 teiste IT-süsteemidega liidestuste kirjeldust; 
 paigaldusjuhiseid.",Äriüksuse juht,
b85269340d54040ab86790a8372f0e4d,DEV.2,DEV.2: Tarkvara arendusprojekt,3.2,3.2 Põhimeetmed,94bb844b7d07820973dbf8fb0b5704a1,DEV.2.M4,DEV.2.M4 Tarkvara turvaliseks arendamiseks vajalike keskkondade loomine,"Vastutaja:  Äriüksuse juht 
 Elutsükli etapp:  Käitamine 
   
 a. Tarkvara turvaliseks arendamiseks on loodud vajalikud keskkonnad (nt arendus, test, eeltoodang, toodang). 
 b. Keskkondade turvameetmete valikul lähtutakse töödeldavate andmete turbeesmärkidest. 
 c. Tarkvara lähtekoodis tehtud muudatused salvestatakse versioonihalduse käigus eraldi versioonina. Vajadusel on võimalik tehtud muudatusi tagasi võtta (taastada muudatuse-eelne lähtekoodi versioon).",Äriüksuse juht,
b85269340d54040ab86790a8372f0e4d,DEV.2,DEV.2: Tarkvara arendusprojekt,3.2,3.2 Põhimeetmed,94cefa45448eb0ee8ba76e95e5f5a28a,DEV.2.M5,DEV.2.M5 Usaldusväärsetest allikatest pärinevate tarkvarateekide kasutamine,"Vastutaja:  Äriüksuse juht 
 Elutsükli etapp:  Käitamine 
   
 a. Kasutatakse ainult usaldusväärsetest allikatest pärit tarkvarateeke nende terviklust eelnevalt kontrollides.",Äriüksuse juht,
b85269340d54040ab86790a8372f0e4d,DEV.2,DEV.2: Tarkvara arendusprojekt,3.2,3.2 Põhimeetmed,7dc2c957b522484c110481af0c86aaab,DEV.2.M6,DEV.2.M6 Tarkvara testimine tarkvaraarenduse käigus,"Vastutaja:  Äriüksuse juht 
 Elutsükli etapp:  Käitamine 
   
 a. Tarkvara testimine ja koodi läbivaatus (ingl  code review ) viiakse läbi enne tellijapoolset tarkvara vastuvõtutestimist (ingl  acceptance test ) ja kasutamiseks kinnitamist. 
 b. Tarkvara testimise ja koodi läbivaatuse protsessi on kaasatud tellija või tellija esindaja. 
 c. Juba arenduse käigus testitakse tarkvara vastavust funktsionaalsetele- ja mittefunktsionaalsetele nõuetele. 
 d. Arenduse käigus testitakse tarkvara käitumist vigaste ja lubatavatest sisendväärtustest erinevate sisendväärtuste ning andmetüüpide korral (ingl  negative testing ). 
 e. Testimisel kasutatav testandmestik on hoolikalt valitud ja kaitstud volitamata muudatuste eest. 
 f. Võimalusel kasutatakse tarkvara testimiseks automaatseid töövahendeid. 
 g. Tarkvara testimine viiakse läbi arendus- ja testkeskkondades, mis on käidukeskkonnast (ingl  production environment ) eraldatud. 
 h. Tarkvaraarenduse käigus testitakse, kas tarkvarale esitatud nõuded on asjakohased ja õigesti dimensioneeritud.",Äriüksuse juht,
b85269340d54040ab86790a8372f0e4d,DEV.2,DEV.2: Tarkvara arendusprojekt,3.2,3.2 Põhimeetmed,a7e94eb7e6c21bdde54318dfece7c7a4,DEV.2.M7,DEV.2.M7 Tarkvara muudatuste ja uuenduste turvaline tarnimine,"Vastutaja:  Äriüksuse juht 
 Elutsükli etapp:  Käitamine 
   
 a. Tarkvara turvakriitilised parandused ja uuendused arendatud tarkvara jaoks tehakse arendajate poolt kättesaadavaks viivituseta. 
 b. Välise tarkvarakomponendi turvauuenduse korral teostab arendaja vajalikud muudatused ja edastab turvauuendi tellijale ilma viivituseta. 
 c. Tarkvarauuendi tervikluse tagamiseks arvutatakse installipaketile krüptograafiline jälg.",Äriüksuse juht,
b85269340d54040ab86790a8372f0e4d,DEV.2,DEV.2: Tarkvara arendusprojekt,3.3,3.3 Standardmeetmed,4bb078bd606cccc3cf04b67e6c91bbfb,DEV.2.M8,DEV.2.M8 Tarkvara arendusprojekti riskide kaalutlemine,"Vastutaja:  Äriüksuse juht 
 Elutsükli etapp:  Kavandamine 
   
 a. Tarkvara arendusprojekti kavandamise etapis on läbi viidud riskide kaalutlemine, mis lähtub seotud äriprotsessi(de) kaitsetarbest.",Äriüksuse juht,
b85269340d54040ab86790a8372f0e4d,DEV.2,DEV.2: Tarkvara arendusprojekt,3.3,3.3 Standardmeetmed,a1aa1fa7f4cec828670acc97f83f096f,DEV.2.M9,DEV.2.M9 Tarkvara nõuete dokumenteerimine,"Vastutaja:  Äriüksuse juht 
 Elutsükli etapp:  Käitamine 
   
 a. Tarkvara arendamiseks määratud nõuded on dokumenteeritud. 
 d. Tarkvara nõuete dokumentatsioon on ajakohane.",Äriüksuse juht,
b85269340d54040ab86790a8372f0e4d,DEV.2,DEV.2: Tarkvara arendusprojekt,3.3,3.3 Standardmeetmed,b6597fee6cf70c413346ac837e2e3510,DEV.2.M10,DEV.2.M10 Turvaline tarkvaraarhitektuur,"Vastutaja:  Äriüksuse juht 
 Elutsükli etapp:  Kavandamine 
   
 a. Tarkvaraarhitektuuri kavandamisel on arvestatud tarkvara nõuetega ja riskide kaalutlemise tulemustega.",Äriüksuse juht,
b85269340d54040ab86790a8372f0e4d,DEV.2,DEV.2: Tarkvara arendusprojekt,3.3,3.3 Standardmeetmed,700330165e65b5797dd9de04c915ad92,DEV.2.M11,DEV.2.M11 Tarkvara arendusprojekti liikmete infoturbealane koolitus,"Vastutaja:  Äriüksuse juht 
 Elutsükli etapp:  Käitamine 
   
 a. Tarkvara arendusprojekti liikmed on teadlikud organisatsiooni poolt tarkvaraarendusele kehtestatud nõuetest. 
 b. Tarkvara arendusprojekti liikmetele on võimaldatud infoturbealased koolitused.",Äriüksuse juht,
b85269340d54040ab86790a8372f0e4d,DEV.2,DEV.2: Tarkvara arendusprojekt,3.3,3.3 Standardmeetmed,175a7a01eea44f458aae8ad4458b118a,DEV.2.M12,DEV.2.M12 Tarkvaraarenduse turvaline hankimine,"Vastutaja:  Äriüksuse juht 
 Elutsükli etapp:  Käitamine 
   
 a. Tarkvara hanketellimuses on ära määratud sobiv tarkvaraarendus- ja projektihaldusmetoodika ning arendatavale tarkvarale esitatavad funktsionaalsed ja mittefunktsionaalsed nõuded. 
 b. Tarkvara avalikud hankedokumendid ei paljasta liigselt plaanitava tarkvara turvaarhitektuuri.",Äriüksuse juht,
b85269340d54040ab86790a8372f0e4d,DEV.2,DEV.2: Tarkvara arendusprojekt,3.3,3.3 Standardmeetmed,bdc7cc8311e0baeed184c2578ec4d50a,DEV.2.M13,DEV.2.M13 Tarkvara koostisosade loetelu,"Vastutaja:  Äriüksuse juht 
 Elutsükli etapp:  Käitamine 
   
 a. Tarkvara ehitamisel tuleb koostada tarkvara koostisosade loetelu (ingl  Software Bill of Materials , SBOM) ning säilitada see kokkulepitud kohas.",Äriüksuse juht,
b85269340d54040ab86790a8372f0e4d,DEV.2,DEV.2: Tarkvara arendusprojekt,3.3,3.3 Standardmeetmed,625796918e0a84ffbaff1a8bf44ff4f3,DEV.2.M14,DEV.2.M14 Tellija varajane kaasamine tarkvara testimisse,"Vastutaja:  Äriüksuse juht 
 Elutsükli etapp:  Käitamine 
   
 a. Tellijad või tellija esindajad on tarkvara testimisse kaasatud võimalikult varajases tarkvaraarenduse etapis.",Äriüksuse juht,
b85269340d54040ab86790a8372f0e4d,DEV.2,DEV.2: Tarkvara arendusprojekt,3.3,3.3 Standardmeetmed,a5cca8aa45236b9103468a9a96e5907e,DEV.2.M15,DEV.2.M15 Tarkvara dokumentatsioon,"Vastutaja:  Äriüksuse juht 
 Elutsükli etapp:  Käitamine 
   
 a. Tarkvaratoote kohta on olemas tehniline dokumentatsioon. 
 b. Tarkvara tehniline dokumentatsioon hõlmab vähemalt järgmist: 
 
 tarkvara funktsionaalsuse kirjeldust; 
 tarkvaraarhitektuuri kirjeldust ja jooniseid; 
 tarkvara liidestuste spetsifikatsioone; 
 rakenduse välissõltuvuste dokumentatsiooni; 
 kasutatud krüptomehhanismide spetsifikatsiooni; 
 tarkvara installimise, seadistamise ja haldamise juhendeid tarkvara haldajatele. 
 
 c. Tarkvara tehnilise dokumentatsiooni detailsus on piisav, et nõutava tasemega tehniline ekspert suudaks dokumentatsioonile tuginedes tarkvaratoote halduse ja arendamise üle võtta. 
 d. Tarkvara dokumentatsioon on ajakohane. 
 e. Loodud on kasutusjuhendid tarkvara kasutajatele.",Äriüksuse juht,
b85269340d54040ab86790a8372f0e4d,DEV.2,DEV.2: Tarkvara arendusprojekt,3.3,3.3 Standardmeetmed,bfb0ce2a3d1a7efde8148c18299167c5,DEV.2.M16,DEV.2.M16 Väliste tarkvarakomponentide kontrollimine,"Vastutaja:  Äriüksuse juht 
 Elutsükli etapp:  Käitamine 
   
 a. Väliste tarkvarakomponentide sobivust ja ohutust on hinnatud enne nende kasutuselevõttu. 
 c. Välise tarkvarakomponendi tervikluses veendumiseks on kontrollitud tarkvarakomponendi levitamisel lisatud kontrolljälje vastavust. 
 d. Tarkvara arendamisel kasutatakse väliste tarkvarakomponentide viimaseid heakskiidetud versioone. 
 e. Välistel tarkvarakomponentidel on tootjapoolne arendustugi.",Äriüksuse juht,
b85269340d54040ab86790a8372f0e4d,DEV.2,DEV.2: Tarkvara arendusprojekt,3.3,3.3 Standardmeetmed,a377c11c826f68caa49870ecf0e47ada,DEV.2.M17,DEV.2.M17 Tarkvaraarendusprojekti seire,"Vastutaja:  Äriüksuse juht 
 Elutsükli etapp:  Käitamine 
   
 a. Tarkvaraarenduse metoodikas ettenähtud kontrolltegevusi viiakse läbi kogu tarkvaraarenduse elutsükli jooksul.",Äriüksuse juht,
b85269340d54040ab86790a8372f0e4d,DEV.2,DEV.2: Tarkvara arendusprojekt,3.3,3.3 Standardmeetmed,33108570d77bdadd266d7bf4b5a7fa89,DEV.2.M19,DEV.2.M19 Tarkvara lähtekoodi hoiustuslepingute sõlmimine,"Vastutaja:  Äriüksuse juht 
 Elutsükli etapp:  Kavandamine 
 Turvakomponent:  I; A 
   
 a. Teenuseandjalt tarkvara tellimisel on kaalutud tarkvara lähtekoodi (ingl  source code ) usaldatavale hoiule andmise (ingl  escrow ) vajadust. 
 b. Hoiustusleping reguleerib vähemalt järgnevat: 
 
 tarkvara kasutus- ja muutmisõigused; 
 lähtekoodi avaldamise juhud; 
 lähtekoodi asjakohane säilitus ja turve; 
 lähtekoodi deponeerimise kord ja sagedus.",Äriüksuse juht,
b85269340d54040ab86790a8372f0e4d,DEV.2,DEV.2: Tarkvara arendusprojekt,3.4,3.4 Kõrgmeetmed,8e0801a211bfdf9acb1e22ce905bedb3,DEV.2.M18,DEV.2.M18 Sertifitseeritud tarkvaraarendaja kasutamine,"Vastutaja:  Äriüksuse juht 
 Elutsükli etapp:  Käitamine 
 Turvakomponent:  C; I; A 
   
 a. Tarkvara arendamisel kasutatakse turbehalduse valdkonnas sertifitseeritud tarkvaraarendusettevõtete teenuseid. 
 b. Tarkvara arenduspartneri valikul hinnatakse, kas arendaja kinnitused omandatud sertifikaatide kohta on piisavalt usaldusväärsed.",Äriüksuse juht,
b85269340d54040ab86790a8372f0e4d,DEV.2,DEV.2: Tarkvara arendusprojekt,3.4,3.4 Kõrgmeetmed,d7883042eaa3891204314d47fd9b2c89,DEV.2.M20,DEV.2.M20 Arendus- ja testkeskkonna tervikluskontrollid,"Vastutaja:  Äriüksuse juht 
 Elutsükli etapp:  Käitamine 
 Turvakomponent:  I 
   
 a. Tarkvara arendus- ja testkeskkonna tervikluse tagamiseks on rakendatud piisavad turvameetmed.",Äriüksuse juht,
0c4cb2a4d5500cdd9c114bdbe6ff64ec,DEV.4.1,DEV.4.1: eID komponendid,3.2,3.2 Põhimeetmed,16ed1984af15d8b25e00efec1c6e4d8d,DEV.4.1.M1,DEV.4.1.M1 eID vahendite kasutamise üldine kavandamine,"Vastutaja:  IT-juht 
 Elutsükli etapp:  Kavandamine 
   
 a. Äriprotsessis on tuvastatud eID kasutamise vajadus ning määratletud: 
 
 eeldatavad kasutusmahud ja -mustrid; 
 vajadus subjekti eristada tunnuse (kodanik, e-resident, EU-resident jm) või kasutatava eID vahendi (ID-kaart, Digi-ID jne) alusel. 
 
 b. Kui on vajadus toetada peale Eesti riiklike eID vahendite ka Euroopa (eIDAS nõuetele vastavaid) ning teisi eID vahendeid, siis määratletakse toetatavate eID vahendite minimaalne turvagarantiide tase: 
 
 autentimisel (kõrge, märkimisväärne või madal); 
 e-allkirjade/e-templite moodustamisel või valideerimisel (kvalifitseeritud, täiustatud või muu). 
 
 d. Arvestatud on, et eID (peamiselt eIDAS raames toetatavad) vahendid esitavad subjekti identifikaatoreid erinevalt ning ühel subjektil võib eksisteerida mitu identifikaatorit. 
 e. eID vahendite valikul on lähtutud järgmistest kriteeriumitest: 
 
 kulude suurus organisatsioonile ja kasutajale 
 vahendi levik sihtgrupis; 
 juurdepääsetavus ja sihtgrupi kogemus; 
 lisaseadmete kasutamise vajadus; 
 töökindlus; 
 infosüsteemiga liidestuse keerukus ja liidestuse modulaarsus/asendatavus; 
 vahendi asendatavus ja/või alternatiivvahendi võimalikkus avariiolukorras.",IT-juht,
0c4cb2a4d5500cdd9c114bdbe6ff64ec,DEV.4.1,DEV.4.1: eID komponendid,3.2,3.2 Põhimeetmed,23e4d4c2909d8aa439f64c118bde6bfa,DEV.4.1.M2,DEV.4.1.M2 eID-l põhineva autentimise kavandamine,"Vastutaja:  IT-juht 
 Elutsükli etapp:  Kavandamine 
   
 c. eID vahendi kehtivust kontrollitakse kehtivusinformatsiooni, sertifikaatide puhul OCSP (ingl  Online Certificate Status Protocol ) abil. 
 d. eID vahendi kehtivusinfo (sh puhverdatud OCSP vastus) on värskem kui 1 tund.",IT-juht,
0c4cb2a4d5500cdd9c114bdbe6ff64ec,DEV.4.1,DEV.4.1: eID komponendid,3.2,3.2 Põhimeetmed,6aa53ace9f6e2d914e062c9e3fa79c67,DEV.4.1.M4,DEV.4.1.M4 E-allkirjade või e-templite valideerimise kavandamine,"Vastutaja:  IT-juht 
 Elutsükli etapp:  Kavandamine 
   
 a. Organisatsiooniväliste valideerimissüsteemide kasutamisel on arvestatud valideeritavate andmete kolmandale osapoolele (valideerimisteenuse andja) edastamise lubatavust ning teenusetingimusi.",IT-juht,
0c4cb2a4d5500cdd9c114bdbe6ff64ec,DEV.4.1,DEV.4.1: eID komponendid,3.2,3.2 Põhimeetmed,b9c0bebacc06bf399d5fe17a46d7fcb6,DEV.4.1.M6,DEV.4.1.M6 eID teenuste lepingud,"Vastutaja:  IT-juht 
 Elutsükli etapp:  Käitamine 
   
 a. Organisatsioon on sõlminud eID komponentide kasutamiseks vajalikud teenuslepingud. 
 b. Teenuseandja juures on registreeritud administratiivsed ja tehnilised volitatud kontaktisikud. 
 c. Kontaktandmeid uuendatakse viivitamatult, kui neis on muudatusi. 
 d. Teavituste saamise e-posti aadress on suunatud aadressile/gruppi, mille saajaid on rohkem kui üks inimene.",IT-juht,
0c4cb2a4d5500cdd9c114bdbe6ff64ec,DEV.4.1,DEV.4.1: eID komponendid,3.3,3.3 Standardmeetmed,cd364061b72b0c9f6e193730b8301982,DEV.4.1.M3,DEV.4.1.M3 E-allkirjastamise ja e-tembeldamise kavandamine,"Vastutaja:  IT-juht 
 Elutsükli etapp:  Kavandamine 
   
 a. Äriprotsessi nõuetest lähtuvalt on määratud: 
 
 e-allkirja/e-templi aktsepteeritavad tasemed (kvalifitseeritud, täiustatud, muu); 
 väljastatava e-allkirja/e-templi vormingud; 
 e-allkirjastamiseks/e-tembeldamiseks sobivad eID vahendid. 
 
 b. Organisatsiooni nimel e-tembeldamiseks kasutatakse sobivat e-tembeldamise vahendit. 
 c. Töötajatel on sobivad eID vahendid ning nad on varustatud ajakohaste juhenditega. 
 d. E-allkirjastamise/e-tembeldamise töövoogude juures on arvestatud kehtivuskinnituste (OCSP) ja ajatembeldamise teenuste tehniliste piirangutega (sh päringute arvuga ja autentimisnõuetega) ja kasutamisega kaasnevate kuludega. 
 e. Organisatsiooniväliste e-allkirjastamise/e-tembeldamise teenuste kasutamise kavandamisel on arvestatud allkirjastavate andmete/dokumentide kolmandatele osapoolele (nt e-allkirja moodustamise teenuseandjale) edastamise lubatavust ning teenusetingimusi.",IT-juht,
427ba3928bc45fa244705c4bb8323102,INF.6,INF.6: Elektrikaabeldus,3.2,3.2 Põhimeetmed,07d1be2c03ba12f8901283baf4884dd3,INF.6.M2,INF.6.M2 Elektrikaabelduse kavandamine,"Vastutaja:  Haldusjuht 
 Elutsükli etapp:  Kavandamine 
   
 a. Enne kaablite valimist ja paigaldust on koostatud elektrikaabelduse projekt, millega on määratud kaablite turvaline paigutus, jaotuspunktid, läbiviigud ja reservivajadus. 
 b. Kaablid, kaablikanalid ja -rennid võimaldavad rahuldada ka tulevikuvajadusi, st olemasolevad kaablid sobivad ka tarbimisvõimsuse kasvu korral ning kaablikanalitesse saab vajadusel paigaldada lisakaableid. 
 c. Kui täismõõdus kaablirenne kohe ei paigaldata, planeeritakse läbiviigud piisava varuga ja täidetakse eemaldatava tulekindla materjaliga. 
 d. Kaablid paigaldatakse võimaluse korral asukohtadesse, kuhu kõrvalistel isikutel puudub juurdepääs. 
 e. Võimalusel välditakse kaablite paigaldamist käiguteedele ja suure tuleohtlikkusega piirkondadesse. 
 f. Samas kaablirennis asuvad erineva otstarbega kaablid on paigaldatud erinevatesse kaablirenni sektsioonidesse.",Haldusjuht,
427ba3928bc45fa244705c4bb8323102,INF.6,INF.6: Elektrikaabeldus,3.2,3.2 Põhimeetmed,17c760c243987001db227e676f495962,INF.6.M10,INF.6.M10 Kaabelduse dokumenteerimine ja märgistamine,"Vastutaja:  Haldusjuht 
 Elutsükli etapp:  Käitamine 
   
 a. Kaabelduse dokumentatsioon sisaldab kaabliskeeme, hooneplaane, rennide asendiplaane, pistikupesade asukohti ja jaotuskappide kaabliühendusjooniseid. 
 b. Dokumentatsioon hõlmab lisaks kaablite paigalduse dokumentatsioonile ka tehtud muudatuste andmeid. 
 c. Kaablite märgistus dokumentatsioonis on läbivalt ühtne ja ühetähenduslik. 
 d. Dokumentatsiooni kasutajaskond on piiratud tööpõhise vajadusega. 
 e. Väljapoole jagatav kaabelduse dokumentatsioon ei sisalda tundlikku ega liigset teavet. 
 f. Kaabelduses tehtud muudatused dokumenteeritakse viivitamata või hiljemalt kehtestatud tähtaja jooksul.",Haldusjuht,
427ba3928bc45fa244705c4bb8323102,INF.6,INF.6: Elektrikaabeldus,3.2,3.2 Põhimeetmed,b4f0c85814f3c3d2bd1209d421daa43a,INF.6.M11,INF.6.M11 Jaotusseadmete dokumentatsioon,"Vastutaja:  Haldusjuht 
 Elutsükli etapp:  Käitamine 
   
 a. Iga jaotusseadme (jaotuskilbi) juures asub selle seadme kaablite paigutusskeem. 
 b. Paigutusskeem on üheselt mõistetav, et tagada hooldustööde ohutus.",Haldusjuht,
427ba3928bc45fa244705c4bb8323102,INF.6,INF.6: Elektrikaabeldus,3.2,3.2 Põhimeetmed,4b90154768afcea6596bd99c1baa0795,INF.6.M13,INF.6.M13 Elektritarvitite süttimise vältimine,"Vastutaja:  Haldusjuht 
 Elutsükli etapp:  Käitamine 
   
 a. Kasutatakse ainult turvalisi, elektriohutuse nõuetele vastavaid elektriseadmeid. 
 b. Isiklike elektriseadmete kasutamine on reguleeritud ja toimub selleks kehtestatud korra alusel. 
 c. Kodumasinaid (nt pesumasin, röster jms) kasutatakse ainult selleks ette nähtud ruumides. 
 d. Pistikupesad paigaldatakse olemasolevatele kaablikanalitele või fikseeritakse seinale. 
 e. Kui pikendusjuhtmete kasutamine on vältimatu, siis arvestatakse järgmist: 
 
 kasutatakse ainult kasutuskeskkonnale sobivaid ja nõuetele vastavaid pikendusjuhtmeid; 
 tarbitav võimsus vastab pikendusjuhtme spetsifikatsioonile ega ületa 3500 W; 
 pikendusjuhtmed ei ole üksteise külge ühendatud; 
 pikendusjuhtmed ei jää töötamiskohal inimestele jalgu ega asu käiguteedel. 
 
 f. On määratud, kui sageli ja kelle poolt puhastatakse elektri- ja IT-seadmete ventilaatoreid kogunenud tolmust.",Haldusjuht,
427ba3928bc45fa244705c4bb8323102,INF.6,INF.6: Elektrikaabeldus,3.2,3.2 Põhimeetmed,fc4c9f4aa019e18fb16966e930047abf,INF.6.M17,INF.6.M17 Sobiva kaablitüübi valimine,"Vastutaja:  Haldusjuht 
 Elutsükli etapp:  Kavandamine 
   
 a. Elektrikaablite voolutaluvus on piisav ja on valitud varuga. 
 b. Kaablitüübi valimisel arvestatakse järgmisi tegureid: 
 
 ümbritsev keskkond (vesi, pinnas, gaas, valgus jne) ja selle temperatuur; 
 kaitse näriliste ja kaabli läbilõikamise eest; 
 kaabli tõmbetugevus (nt õhuliinina kasutamisel) ja painderaadius; 
 kaablivarjestus ja elektromagnetilised häiringud; 
 paigaldusviis, paigaldustrassi või kaablirenni iseärasused; 
 edastusseadmete vaheline kaugus; 
 ründekindlus; 
 elektritarvitite iseärasused. 
 
 c. Elektrikaablite valimisel järgitakse kohalduvaid standardeid, nõudeid ja eeskirju.",Haldusjuht,
427ba3928bc45fa244705c4bb8323102,INF.6,INF.6: Elektrikaabeldus,3.3,3.3 Standardmeetmed,6a7f886dc77c22d43f1acc4652491269,INF.6.M4,INF.6.M4 Tasandusvoolude vältimine varjetes,"Vastutaja:  Haldusjuht 
 Elutsükli etapp:  Käitamine 
   
 a. Toitekaablid on valitud ja paigaldatud nii, et tasandusvoolud ei häiriks sidekaablite varjestust. 
 b. IT-seadmete madalpingevõrk on paigaldatud TN-S (neutraal- ja kaitsejuhe on teineteisest eraldatud) juhistikusüsteemis. 
 c. Kaablite omavahelise kauguse, varjestuse ja maanduse osas järgitakse kohalduvaid standardeid, nõudeid ja eeskirju. 
 d. Tasandusvoolude testmõõtmist teostatakse ehituse järgselt ja peale muudatuste tegemist elektrisüsteemis.",Haldusjuht,
427ba3928bc45fa244705c4bb8323102,INF.6,INF.6: Elektrikaabeldus,3.3,3.3 Standardmeetmed,36c37abbec0acd1714a818ba30fba9ed,INF.6.M7,INF.6.M7 Liigvoolukaitse kavandamine ja kontroll,"Vastutaja:  Haldusjuht 
 Elutsükli etapp:  Käitamine 
   
 a. Elektritarvitite kaitsmiseks liigvoolu eest on kavandatud ja rakendatud sobivad kaitsemeetmed. 
 b. Iga kaitseelemendi (liigvoolukaitselüliti) järel tohib mõjuda maksimaalselt nii palju liigvoolust põhjustatud energiat, kui selle järel paiknevad elektritarvitid (sh järgmised liigvoolukaitselülitid) suudavad taluda. 
 c. Elektrisüsteemide liigvoolukaitse vastab kohalduvatele standarditele ja eeskirjadele. 
 d. Liigvoolukaitse kava hõlmab ka avariitoitegeneraatoreid ja puhvertoiteallikaid. 
 e. Liigvoolukaitselülitite toimimist kontrollitakse (testitakse) perioodiliselt ja lisaks ka kaitse puudulikkusele viitavate sündmuste ilmnemisel. Vajadusel asendatakse liigvoolukaitselülitid uutega.",Haldusjuht,
427ba3928bc45fa244705c4bb8323102,INF.6,INF.6: Elektrikaabeldus,3.3,3.3 Standardmeetmed,331b5a8a9cf928c79ed7da7030eafcaf,INF.6.M8,INF.6.M8 Liigsete kaablite kõrvaldamine,"Vastutaja:  Haldusjuht 
 Elutsükli etapp:  Kõrvaldamine 
   
 a. Hoone kasutusotstarbe muutumise tõttu või muul põhjusel tarbetuks osutunud kaablid eemaldatakse, võimalusel täielikult. 
 b. Pärast liigsete kaablite eemaldamist paigaldatakse läbiviikudesse uuesti tuletõkked. 
 c. Liigsed kaablid, mida saab kasutada varuühenduse tarbeks, hoitakse töökorras ja need on vastavalt märgistatud. 
 d. On olemas ajakohane ülevaade, millised kaablid seisavad kasutuseta, on lahti ühendatud või eemaldatud. Muudatused kaabelduses dokumenteeritakse.",Haldusjuht,
427ba3928bc45fa244705c4bb8323102,INF.6,INF.6: Elektrikaabeldus,3.3,3.3 Standardmeetmed,df59dd449977768a3ed9d202c9f59f50,INF.6.M9,INF.6.M9 Kaablite tuleohutus,"Vastutaja:  Haldusjuht 
 Elutsükli etapp:  Käitamine 
   
 a. Kaablite süttimise vältimiseks on valitud õiget tüüpi elektrikaablid ja piisavate mõõtmetega kaablirennid. 
 c. Kaablid ei ole paigutatud liiga tihedalt, vajadusel on paigutatud kaableid eraldavad tuletõkked. 
 d. Kaablirennides on tagatud piisav õhuvahetus.",Haldusjuht,
427ba3928bc45fa244705c4bb8323102,INF.6,INF.6: Elektrikaabeldus,3.3,3.3 Standardmeetmed,47db987a3e2931fc0fcc63ff464a1486,INF.6.M12,INF.6.M12 Elektripaigaldiste ja ühenduste ülevaatus,"Vastutaja:  Haldusjuht 
 Elutsükli etapp:  Käitamine 
   
 a. Pärast paigaldamist kontrollib elektripaigaldisi, jaotusseadmeid ja ühenduskarpe atesteeritud spetsialist. 
 b. Ülevaatuse tegemisel järgitakse valdkonnapõhiseid standardeid ja õigusakte. 
 c. Ülevaatuse käigus veendutakse, kas: 
 
 elektripaigaldised on paigaldatud tootja spetsifikatsiooni kohaselt; 
 läbiviikude tuletõkked on tehtud õigesti; 
 kaablid on valitud vastavalt lubatavale voolutugevusele, kaitseseadmete valikule ja seadistusele; 
 ühendusskeemid on täielikud ja õiged; 
 hoiatussildid on paigaldatud; 
 automaatkaitselüliti automaatne väljalülitus töötab. 
 
 d. Testimise ja/või visuaalse ülevaatuse käigus avastatud puudused dokumenteeritakse ja edastatakse vastutajatele puuduste kõrvaldamiseks ning põhjuste väljaselgitamiseks.",Haldusjuht,
427ba3928bc45fa244705c4bb8323102,INF.6,INF.6: Elektrikaabeldus,3.3,3.3 Standardmeetmed,f47ad1630e1bda8b1ae27f2022168e76,INF.6.M16,INF.6.M16 Elektriühenduste turvalised kaitsekapid,"Vastutaja:  Haldusjuht 
 Elutsükli etapp:  Käitamine 
   
 a. Elektriühenduste ja jaotusseadmete tööohutuse tagamiseks on elektriseadmed paigutatud turvalistesse ja suletud kaitsekappidesse. 
 b. Kaitsekapid on paigutatud vastavalt kaitsetarbele ning varustatud sobivate uste, külgseinte ja lukustusega. 
 d. Juurdepääs kaitsekappides asuvatele seadmetele on ametipõhiselt piiratud. 
 e. Kaitsekappi paigutatud seadmete summaarne soojuseraldus ei ületa lubatavat piirmäära. 
 f. Kappidesse on jäetud piisav laiendusvaru.",Haldusjuht,
427ba3928bc45fa244705c4bb8323102,INF.6,INF.6: Elektrikaabeldus,3.4,3.4 Kõrgmeetmed,da3bb90775406051c946fb937b5c7f7b,INF.6.M14,INF.6.M14 Dubleeritud toide,"Vastutaja:  Haldusjuht 
 Elutsükli etapp:  Käitamine 
 Turvakomponent:  A 
   
 a. Suure käideldavustarbega oluliste IT-komponentide toiteks on kasutusel kaks eraldi hoonesse siseneva ja hoone sisese toite liini, mis tulevad erinevatest jaotusseadmetest. 
 b. Võimalusel paigaldatakse dubleerivad toitekaablid eraldi asukohtadesse. 
 c. Mõlemal toiteliinil on rakendatud automaatseire, tõrgetest alarmeeritakse viivitamata.",Haldusjuht,
427ba3928bc45fa244705c4bb8323102,INF.6,INF.6: Elektrikaabeldus,3.4,3.4 Kõrgmeetmed,0947dbe14739f65924bc32ca89fdfbd3,INF.6.M15,INF.6.M15 Kaabelduse füüsiline turve,"Vastutaja:  Haldusjuht 
 Elutsükli etapp:  Käitamine 
 Turvakomponent:  I; A 
   
 a. Üldkasutatavates ruumides ja hoone mittejälgitavates asukohtades on kaablid ja jaotusseadmed kaitstud volitamata juurdepääsu eest. 
 b. Kaabeldus on peidetud ja kaitstud kaablikanalitega või tugevdatud paigaldustorudega. 
 c. Jaotusseadmed on lukustatud ja nende pääsuõigused on ametipõhiselt piiratud. On kehtestatud kord juurdepääsu reguleerimiseks ja võtmete haldamiseks.",Haldusjuht,
a570d78dccf47dda56215c539b3ef315,INF.2.2,INF.2.2: Serveriruum ja andmekeskus,3.2,3.2 Põhimeetmed,6472deb6fc86f9d39f49cd2f8c0907f1,INF.2.2.M1,INF.2.2.M1 Andmekeskuse nõuete kehtestamine,"Vastutaja:  Haldusjuht 
 Elutsükli etapp:  Kavandamine 
   
 a. Andmekeskuse või serveriruumi tarbeks on kehtestatud tehnilised ja korralduslikud nõuded. 
 b. Andmekeskuse kavandamisel või sobivate ruumide valimisel on arvestatud seal asuvate IT-komponentide kaitsetarvet (eelkõige käideldavuse osas) ja vajalike turvameetmete rakendamise võimalikkust. 
 c. Andmekeskus on kavandatud suletud turvaalana, mis on jaotatud kaitsetarbe kohaselt turvatsoonideks. Ka serveriruumi korral otsustatakse, kas eri turvatsoonide rajamine serveriruumis on otstarbekas. 
 d. Andmekeskuse halduse, logistika, tugitehnika ja IT-seadmete tsoonid on üksteisest selgesti eraldatud.",Haldusjuht,
a570d78dccf47dda56215c539b3ef315,INF.2.2,INF.2.2: Serveriruum ja andmekeskus,3.2,3.2 Põhimeetmed,ffaafbbbf3c111bcc5f73c445e99d690,INF.2.2.M2,INF.2.2.M2 Tuletõkkesektsioonid,"Vastutaja:  Haldusjuht 
 Elutsükli etapp:  Käitamine 
   
 a. Tule ja suitsu leviku piiramiseks on andmekeskus ja võimalusel ka serveriruum jaotatud tule- ja suitsutõkkesektsioonideks. 
 b. Tsoonide eraldamine vastab kehtivatele ehitus- ja tuleohutuseeskirjadele.",Haldusjuht,
a570d78dccf47dda56215c539b3ef315,INF.2.2,INF.2.2: Serveriruum ja andmekeskus,3.2,3.2 Põhimeetmed,42b057d3d3f918a003240ac1d8f4648f,INF.2.2.M4,INF.2.2.M4 Toite avariilüliti,"Vastutaja:  Haldusjuht 
 Elutsükli etapp:  Käitamine 
   
 a. Avarii korral saab andmekeskuse elektriga varustamist välja lülitada üksikute elektritarvitite rühmade haaval. 
 b. Avarii korral lülitatakse toide välja läbimõeldud kava alusel, kogu andmekeskuse toidet võimalusel välja ei lülitata. Sealhulgas arvestatakse, kuidas on elektrivõrguga ühendatud puhvertoiteallikad ja millised elektritarvitid nendega on seotud. 
 c. Avariilülitid on kaitstud tahtmatu või lubamatu väljalülitamise eest. 
 d. IT-seadmete dubleerimisel on vastavad seadmed paigutatud erinevatesse elektritoite väljalülitustsoonidesse.",Haldusjuht,
a570d78dccf47dda56215c539b3ef315,INF.2.2,INF.2.2: Serveriruum ja andmekeskus,3.2,3.2 Põhimeetmed,97073bbdac022aba8db40e7235310858,INF.2.2.M5,INF.2.2.M5 Õhutemperatuuri ja -niiskuse kontrollimine,"Vastutaja:  Haldusjuht 
 Elutsükli etapp:  Käitamine 
   
 a. IT-seadmete tööpiirkondade temperatuur ja õhuniiskus püsivad seadmete tootja määratud lubatud piirides. 
 b. Pärast olulist muudatust elektriseadmete soojuskoormuse osas (koosseisus või paigutuses) kontrollitakse jahutatavate alade soojuskoormuse muutumist. 
 c. Õhukonditsioneerid on võimalusel paigutatud eraldi, vee äravoolu võimalusega ruumi. 
 d. Õhukonditsioneere hooldatakse regulaarselt. 
 e. Temperatuurile ja niiskusele seatud piirväärtuste ületamisel saadetakse teavitus. Vajadusel on loodud võimalus piirväärtuste ületamise tagantjärele tuvastamiseks.",Haldusjuht,
a570d78dccf47dda56215c539b3ef315,INF.2.2,INF.2.2: Serveriruum ja andmekeskus,3.2,3.2 Põhimeetmed,8fcd3edd14b2f644382390642394015c,INF.2.2.M6,INF.2.2.M6 Andmekeskuse pääsuõiguste reguleerimine,"Vastutaja:  Haldusjuht 
 Elutsükli etapp:  Käitamine 
   
 a. Andmekeskuse ja serveriruumi pääsuõiguste haldus on kooskõlas kehtivate identiteedi ja õiguste halduse põhimõtetega. 
 b. On määratud, millistel organisatsioonisisestel ja -välistel isikutel, millises ajavahemikus, millistesse ruumidesse ja missugusel eesmärgil on andmekeskusse sissepääsu õigus. 
 c. Kõik sisenemised andmekeskusesse registreeritakse. 
 d. Andmekeskusesse ei ole muid sissepääse peale nende, mille läbimine registreeritakse. 
 e. Serveriruumi puhul on hinnatud, kas täiendava serveriruumi pääsukontrollisüsteemi kasutuselevõtt on vajalik. 
 f. Pääsusüsteemide toimimist ja sisenejate registreerimist kontrollitakse regulaarselt.",Haldusjuht,
a570d78dccf47dda56215c539b3ef315,INF.2.2,INF.2.2: Serveriruum ja andmekeskus,3.2,3.2 Põhimeetmed,6e9bc852ac705fe60a87fd8ab6492396,INF.2.2.M7,INF.2.2.M7 Uste ja akende lukustus ja turve,"Vastutaja:  Haldusjuht 
 Elutsükli etapp:  Käitamine 
   
 a. Andmekeskuse ja serveriruumi uksed on alati lukustatud. 
 b. Serveriruumi akende olemasolul on need sarnaselt ustega alati lukustatud. 
 c. Uksed ja aknad kaitsevad serveriruumi rünnete ja keskkonnamõjude eest.",Haldusjuht,
a570d78dccf47dda56215c539b3ef315,INF.2.2,INF.2.2: Serveriruum ja andmekeskus,3.2,3.2 Põhimeetmed,51370bac6fdffd0d6c860db943099572,INF.2.2.M8,INF.2.2.M8 Tulekahjusignalisatsioon,"Vastutaja:  Haldusjuht 
 Elutsükli etapp:  Käitamine 
   
 a. Andmekeskuses on paigaldatud kõiki ruume kattev tulekahjusignalisatsioon. 
 b. Tulekahjusignalisatsiooni häiresõnumid edastatakse ettenähtud korras. 
 c. Tulekahjusignalisatsiooni hooldatakse regulaarselt.",Haldusjuht,
a570d78dccf47dda56215c539b3ef315,INF.2.2,INF.2.2: Serveriruum ja andmekeskus,3.2,3.2 Põhimeetmed,a761029a9f825cf4388f24e2ccda25ab,INF.2.2.M9,INF.2.2.M9 Automaatne tulekustutussüsteem,"Vastutaja:  Haldusjuht 
 Elutsükli etapp:  Käitamine 
   
 a. Andmekeskusesse on paigaldatud ajakohane automaatselt käivituv tulekustutussüsteem. 
 b. Töötajaid on teavitatud, kuidas tulekustutussüsteemi käivitumise puhul tegutseda.",Haldusjuht,
a570d78dccf47dda56215c539b3ef315,INF.2.2,INF.2.2: Serveriruum ja andmekeskus,3.2,3.2 Põhimeetmed,dfb8d236887c60ea59688f8239912d73,INF.2.2.M10,INF.2.2.M10 Andmekeskuse ja serveriruumi taristu ülevaatus ja hooldus,"Vastutaja:  Haldusjuht 
 Elutsükli etapp:  Käitamine 
   
 a. Andmekeskuse ehitusliku ja tehnilise taristu komponentide hooldusel järgitakse tootja soovitatud või nõuetes määratud hooldusintervalle. 
 b. Andmekeskuse ja serveriruumi ülevaatused ja hooldetööd dokumenteeritakse. 
 c. Tule- ja suitsutõkkesektsioonide vaheliste kaabli- ja toruläbiviikude tuletõkestust kontrollitakse regulaarselt.",Haldusjuht,
a570d78dccf47dda56215c539b3ef315,INF.2.2,INF.2.2: Serveriruum ja andmekeskus,3.2,3.2 Põhimeetmed,eba2690d3d57fe3916ab2e4b22790d4a,INF.2.2.M11,INF.2.2.M11 Andmekeskuse ja serveriruumi taristu seire,"Vastutaja:  Haldusjuht 
 Elutsükli etapp:  Käitamine 
   
 a. Taristuautomaatika (nt lekketuvastus-, kliima-, elektrivarustus- ja UPS-süsteemide) tõrke- ja muid teateid seiratakse, võimalusel toimub seire automaatselt. 
 b. Teateid edastatakse ettenähtud viisil ja neile reageeritakse kehtestatud reageerimisaegade alusel. 
 c. Harva kasutatavatel serveriruumi IT- ja tugiseadmetel on olemas kaugseire võimalus.",Haldusjuht,
a570d78dccf47dda56215c539b3ef315,INF.2.2,INF.2.2: Serveriruum ja andmekeskus,3.2,3.2 Põhimeetmed,95c1ef65c9a681140d0a2e88d4f988e1,INF.2.2.M17,INF.2.2.M17 Tuleohu varajane tuvastamine,"Vastutaja:  Haldusjuht 
 Elutsükli etapp:  Käitamine 
   
 a. Tuleohu varajaseks tuvastamiseks on andmekeskusesse ja serveriruumi paigaldatud vastavad andurid (nt tule, suitsu, vingu jms). 
 b. Andurisignaalid edastatakse automaatselt häirekeskusesse, kus häirele reageeritakse lähtuvalt kokku lepitud reageerimisaegadest, soovitavalt maksimaalselt viie minuti jooksul.",Haldusjuht,
a570d78dccf47dda56215c539b3ef315,INF.2.2,INF.2.2: Serveriruum ja andmekeskus,3.2,3.2 Põhimeetmed,c8e16c4354007ff1716804481ba1d6fe,INF.2.2.M29,INF.2.2.M29 Elektrikaablite kontroll,"Vastutaja:  Haldusjuht 
 Elutsükli etapp:  Käitamine 
   
 a. Andmekeskusesse on paigaldatud üksnes andmekeskuse seadmete toiteks vajalikud elektrikaablid. 
 b. Elektrikaablid on andmekeskuses või serveriruumis paigaldatud nõuetekohaselt, juhtmete kulgemistee on jälgitav. 
 c. Kui andmekeskust või serveriruumi läbib muid juhtmeid, on nende kasutamise põhjus dokumenteeritud. 
 d. Elektrikaablite seisukorra visuaalset kontrolli tehakse kokkulepitud sagedusega.",Haldusjuht,
a570d78dccf47dda56215c539b3ef315,INF.2.2,INF.2.2: Serveriruum ja andmekeskus,3.3,3.3 Standardmeetmed,e13bd79796d914eb3fec0eb4ba6ed0a3,INF.2.2.M12,INF.2.2.M12 Andmekeskuse perimeetri turve,"Vastutaja:  Haldusjuht 
 Elutsükli etapp:  Kavandamine 
   
 a. Andmekeskuse perimeetri turve võimaldab efektiivselt avastada ja takistada andmekeskuse füüsilisi ründeid. 
 b. Andmekeskuse perimeetri turve hõlmab vähemalt järgmisi meetmeid: 
 
 turvalised välispiirded; 
 andmekeskuse ümbritsemine aiaga; 
 meetmed piiratud territooriumile kogemata sattumise ärahoidmiseks; 
 meetmed andmekeskusesse sissetungi raskendamiseks; 
 välikaamerad ja videosalvestusseadmed; 
 inimeste ja sõidukite liikumise automaatne tuvastamine; 
 automaatne häire- ja hoiatussüsteem.",Haldusjuht,
a570d78dccf47dda56215c539b3ef315,INF.2.2,INF.2.2: Serveriruum ja andmekeskus,3.3,3.3 Standardmeetmed,b5b2d5b9fad305b7e4a9e6aaa63c44d6,INF.2.2.M13,INF.2.2.M13 Andmekeskuse valvesüsteem,"Vastutaja:  Haldusjuht 
 Elutsükli etapp:  Käitamine 
   
 a. Valvesüsteemi kavandamisel on lähtutud andmekeskuse turvanõuetest ning arvestatud andmekeskuse hooneosade erineva kaitsetarbe ja võimaliku kasutusotstarbe muutusega. 
 b. Valvesüsteemi seadmed sobivad paigalduskoha keskkonnatingimustega. 
 c. Hooneosade kasutuse muudatuste korral kohandatakse valvesüsteemi konfiguratsiooni. 
 d. Valvesüsteemi teated ja alarmid on suunatud reageerimise eest vastutajatele, kellel on 24/7 võimekus häirele reageerimiseks.",Haldusjuht,
a570d78dccf47dda56215c539b3ef315,INF.2.2,INF.2.2: Serveriruum ja andmekeskus,3.3,3.3 Standardmeetmed,28606978d103dee2267f8aee5d3135c5,INF.2.2.M15,INF.2.2.M15 Liigpingekaitse,"Vastutaja:  Haldusjuht 
 Elutsükli etapp:  Käitamine 
   
 a. Liigpingekaitsed ja nende paigaldus vastab kehtivatele tehnilistele standarditele ja seadmete spetsifikatsioonidele. 
 b. Liigpingekaitseid kontrollitakse vähemalt üks kord aastas.",Haldusjuht,
a570d78dccf47dda56215c539b3ef315,INF.2.2,INF.2.2: Serveriruum ja andmekeskus,3.3,3.3 Standardmeetmed,b5ccc2c17831304325ed29a910505f77,INF.2.2.M16,INF.2.2.M16 Andmekeskuse keskkonnatingimused,"Vastutaja:  Haldusjuht 
 Elutsükli etapp:  Käitamine 
   
 a. Andmekeskuses on loodud IT-seadmetele sobivad keskkonnatingimused. 
 b. Andmekeskuse õhutemperatuur ja -niiskus vastavad normtingimustele ja seadmete spetsifikatsioonidele. 
 c. Õhukonditsioneerid on valitud andmekeskuse tarbeks piisava võimsuse ja tõrkekindlusega. 
 d. Õhu parameetreid seiratakse regulaarselt, kõrvalekalletest teavitatakse vastutajat automaatselt.",Haldusjuht,
a570d78dccf47dda56215c539b3ef315,INF.2.2,INF.2.2: Serveriruum ja andmekeskus,3.3,3.3 Standardmeetmed,4fe1e50a42d215846a2e3dde918a86bd,INF.2.2.M19,INF.2.2.M19 Tehnilise taristu testimine,"Vastutaja:  Haldusjuht 
 Elutsükli etapp:  Käitamine 
   
 a. Andmekeskuse või serveriruumi tehnilise taristu toimimist testitakse või kontrollitakse vastavalt kokkulepitud sagedusele, pärast intsidente, olulisi süsteemimuudatusi või ulatuslikku remonti. 
 b. Andmekeskuse või serveriruumi testimise tulemused dokumenteeritakse.",Haldusjuht,
a570d78dccf47dda56215c539b3ef315,INF.2.2,INF.2.2: Serveriruum ja andmekeskus,3.4,3.4 Kõrgmeetmed,7b49b92a3b891b21d8a3845d5a6a757f,INF.2.2.M21,INF.2.2.M21 Varuandmekeskuse valmisolek,"Vastutaja:  Haldusjuht 
 Elutsükli etapp:  Käitamine 
 Turvakomponent:  A 
   
 a. Avariiolukordade tarbeks on kasutusvalmis teises geograafilises asukohas paiknev varuandmekeskus. 
 b. Varuandmekeskus võimaldab määratud kriitiliste teenuste taastamist ja käitamist kokkulepitud teenustasemel. 
 c. Operatiivandmed kas peegeldatakse või regulaarselt kopeeritakse põhiandmekeskusest. 
 d. Üleminekut varuandmekeskusele testitakse ja harjutatakse regulaarselt. 
 e. Varuandmekeskuse andmekanalid on turvalised ja dubleeritud.",Haldusjuht,
a570d78dccf47dda56215c539b3ef315,INF.2.2,INF.2.2: Serveriruum ja andmekeskus,3.4,3.4 Kõrgmeetmed,8c32a68ef3c546b5690cf5cc41630961,INF.2.2.M22,INF.2.2.M22 Tolmutõrje,"Vastutaja:  Haldusjuht 
 Elutsükli etapp:  Käitamine 
 Turvakomponent:  I; A 
   
 a. Andmekeskuse ehitustöödel ja laiendamisel kavandatakse ja rakendatakse kaitset tolmu ja õhureostuse eest. 
 b. Tolmutõrje meetmete tõhusust kontrollitakse ehitustööde käigus regulaarselt. Kontrolle viivad läbi ehitustööde läbiviimisega otseselt mitteseotud isikud. 
 c. Serveriruumi sisenetakse ilma välisjalanõudeta või kasutatakse ühekordselt kasutatavaid kilesusse.",Haldusjuht,
a570d78dccf47dda56215c539b3ef315,INF.2.2,INF.2.2: Serveriruum ja andmekeskus,3.4,3.4 Kõrgmeetmed,92560cad6eefc60228fe37675cd9aa46,INF.2.2.M23,INF.2.2.M23 Andmekeskuse turvaline kaabeldus,"Vastutaja:  Haldusjuht 
 Elutsükli etapp:  Käitamine 
 Turvakomponent:  C; I; A 
   
 a. Andmekeskuse andmesidekaablid on kaitstud soovimatu mehaanilise koormuse, manipuleerimise, pealtkuulamise ja tulekahjustuse eest. 
 b. Andmesidekaablid ja kandesüsteemid vastavad kõrgendatud ehituslikele ja infoturbe nõuetele. 
 c. Mitme toiteallikaga IT-seadmete kaablid ja muud üksteist dubleerivad kaablid on paigutatud eraldi kaablirennidesse ja lähevad ruumist välja erinevate läbiviikude kaudu.",Haldusjuht,
a570d78dccf47dda56215c539b3ef315,INF.2.2,INF.2.2: Serveriruum ja andmekeskus,3.4,3.4 Kõrgmeetmed,b22beb1a248d4574d7f024e4e77525ce,INF.2.2.M24,INF.2.2.M24 Videovalvesüsteem,"Vastutaja:  Haldusjuht 
 Elutsükli etapp:  Käitamine 
 Turvakomponent:  C; I; A 
   
 a. Pääsu reguleerimise süsteeme ja sissemurdmise vastast valvesüsteemi on tundlikes asukohtades täiendatud videovalvesüsteemiga. 
 b. Videovalvesüsteemi kasutamine on vastavuses andmekeskuse üldise turbekontseptsiooniga. 
 c. Videovalvesüsteemi kavandamisse on kaasatud ja videovalvesüsteemi kasutuselevõtu on kooskõlastanud andmekaitsespetsialist. 
 d. Videovalvesüsteemi keskseadmed asuvad turvalises keskkonnas ja on kaitstud volitamata juurdepääsu eest. 
 e. Videovalvesüsteemi toimimist kontrollitakse regulaarselt.",Haldusjuht,
a570d78dccf47dda56215c539b3ef315,INF.2.2,INF.2.2: Serveriruum ja andmekeskus,3.4,3.4 Kõrgmeetmed,9d3f43f2c77ea14330e0ee04e9dc7b17,INF.2.2.M28,INF.2.2.M28 Kõrgendatud nõuetele vastav valvesüsteem,"Vastutaja:  Haldusjuht 
 Elutsükli etapp:  Käitamine 
 Turvakomponent:  I; A 
   
 a. Andmekeskuse suure kaitsetarbega asukohtade valvesüsteem vastab standardi EVS-EN 50131-1 kategooriale (ingl  Grade ) 3 või 4.",Haldusjuht,
ae14bbf945bad64288129b919da45cd8,INF.3,INF.3: Mobiiltöökoht,3.2,3.2 Põhimeetmed,524296101a894927bedaecf09fcb0750,INF.3.M1,INF.3.M1 Mobiiltöökoha sobivuse nõuded,"Vastutaja:  Infoturbejuht 
 Elutsükli etapp:  Kavandamine 
   
 a. Organisatsioon on kehtestanud nõuded, millele mobiiltöökoht peab vastama.",Infoturbejuht,
ae14bbf945bad64288129b919da45cd8,INF.3,INF.3: Mobiiltöökoht,3.2,3.2 Põhimeetmed,55b7fd295a6cca3f6ba647b99e83464f,INF.3.M3,INF.3.M3 Kaitse lubamatu juurdepääsu eest,"Vastutaja:  Infoturbejuht 
 Elutsükli etapp:  Käitamine 
   
 a. Mobiiltöökoha kasutajad teavad varguse ja lubamatu juurdepääsu ohte ja oskavad turvameetmeid mobiiltöökohal rakendada. 
 b. Mobiilseadmeid ei jäeta järelevalveta. 
 c. Kui mobiiltöökohalt hetkeks lahkutakse, suletakse aknad ja lukustatakse uks (nt hotellitoas). Kui ust ei saa lukustada (nt rongis), hoitakse dokumente ja mobiilseadmeid turvalises kohas. 
 d. Lühiajalisel lahkumisel ruumist lukustatakse IT-seadme ekraan, et pooleliolevat tööd jätkata saaks ainult pärast tulemuslikku autentimist.",Infoturbejuht,
ae14bbf945bad64288129b919da45cd8,INF.3,INF.3: Mobiiltöökoht,3.2,3.2 Põhimeetmed,f88f29f0c8a45315345ae76c847b922f,INF.3.M4,INF.3.M4 Organisatsiooniväliste IT-seadmetega töötamise kord,"Vastutaja:  Infoturbejuht 
 Elutsükli etapp:  Käitamine 
   
 a. On kehtestatud kord organisatsiooniväliste IT-seadmete (üldkasutatav arvuti, külastatava ettevõtte kontoriarvuti vms) tööalaseks kasutamiseks. 
 c. On selgelt määratletud, milliseid andmeid on lubatud organisatsioonivälises IT-seadmes töödelda ja milliseid mitte. 
 d. Organisatsioonivälise IT-seadmega töö lõpetamisel kustutatakse seadmest töö käigus loodud ajutised andmed (nt kasutajanimede ja paroolide automaatsalvestused brauseris).",Infoturbejuht,
ae14bbf945bad64288129b919da45cd8,INF.3,INF.3: Mobiiltöökoht,3.3,3.3 Standardmeetmed,f987b00011de5c513485f94727a8dd59,INF.3.M8,INF.3.M8 Mobiiltöökoha turvanõuded,"Vastutaja:  Infoturbejuht 
 Elutsükli etapp:  Kavandamine 
   
 a. Organisatsioon on koostanud mobiiltöökohale kohaldatavad turvanõuded. 
 b. Mobiiltöökoha turvanõuded käsitlevad vähemalt järgmist: 
 
 konfidentsiaalse teabe käitlemine; 
 mobiiltöökoha turvaintsidentidest teavitamine; 
 lubatud ja keelatud töövahendid; 
 mobiilseadmete ekraanifiltrite kasutamine; 
 dokumentide ja andmekandjate transport; 
 andmevarundus; 
 andmekaitse nõuded; 
 dokumentide ja andmekandjate kõrvaldamise protseduurid. 
 
 c. Mobiiltöökoha turvanõuded on kooskõlastatud asjaomaste allüksustega, töötajad on nõuetest teadlikud ja see on mobiiltöötajaile siduv. 
 d. Mobiiltöökoha turvanõudeid vaadatakse üle ja ajakohastatakse vastavalt vajadusele.",Infoturbejuht,
ae14bbf945bad64288129b919da45cd8,INF.3,INF.3: Mobiiltöökoht,3.3,3.3 Standardmeetmed,9356b0f46c665cc96d1f805c28bde8c1,INF.3.M12,INF.3.M12 Ekraanifiltri kasutamine,"Vastutaja:  Infoturbejuht 
 Elutsükli etapp:  Käitamine 
   
 a. Olukordades, kus kuvatakse tundlikku teavet ja kõrvaliste isikute vaatepiirkonda sattumine on tõenäoline, kasutatakse ekraani katvat ekraanifiltrit.",Infoturbejuht,
ae14bbf945bad64288129b919da45cd8,INF.3,INF.3: Mobiiltöökoht,3.4,3.4 Kõrgmeetmed,74b672dfbb1718ab0a6e67326cc2cf0e,INF.3.M10,INF.3.M10 Vargusvastaste vahendite rakendamine,"Vastutaja:  Infoturbejuht 
 Elutsükli etapp:  Käitamine 
 Turvakomponent:  C; I; A 
   
 a. Kui IT-seade omab vargust takistavat või seadme kaotamisel seadme leidmist hõlbustavat funktsionaalsust, on see funktsionaalsus aktiveeritud. 
 b. Rahvarohkes ruumis kasutatakse võimalusel vargusvastaseid vahendeid (nt trosslukk sülearvuti kasutamisel). 
 c. Vargusvastased vahendid vastavad andmete kaitsetarbele.",Infoturbejuht,
ae14bbf945bad64288129b919da45cd8,INF.3,INF.3: Mobiiltöökoht,3.4,3.4 Kõrgmeetmed,5b25103074892a53da9c83daa540f0fe,INF.3.M11,INF.3.M11 Mobiiltöö piiramine ebaturvalistes tingimustes,"Vastutaja:  Infoturbejuht 
 Elutsükli etapp:  Käitamine 
 Turvakomponent:  C; I; A 
   
 b. Mobiiltöö on keelatud olukorras, kus ekraanil kuvatavat teavet ei ole võimalik kõrvaliste isikute eest kaitsta. 
 c. Avalike või ebaturvaliste WiFi-võrkude kasutamisel rakendatakse organisatsiooni kehtestatud täiendavaid turvameetmeid või keelatakse tööalaste tegevuste tegemine.",Infoturbejuht,
dc4603d54953171ca280fbd2dff10056,INF.2.3,INF.2.3: Tehnilise taristu ruum,3.2,3.2 Põhimeetmed,150d1d20fc95fe20dba6b1073f683591,INF.2.3.M1,INF.2.3.M1 Tehnilise taristu ruumi turvameetmete kavandamine,"Vastutaja:  Haldusjuht 
 Elutsükli etapp:  Kavandamine 
   
 a. Tehnilise taristu ruumides on kaitsetarbest, õigusaktidest ja eeskirjadest lähtuvalt rakendatud sobivad tehnilised ja korralduslikud turvameetmed. 
 b. Turbe kavandamisel on arvestatud ruumi asukohast tingitud keskkonna- ja sissetungiohtudega.",Haldusjuht,
dc4603d54953171ca280fbd2dff10056,INF.2.3,INF.2.3: Tehnilise taristu ruum,3.2,3.2 Põhimeetmed,0bdc7b31f01a42023bae01a55d0ea18d,INF.2.3.M2,INF.2.3.M2 Tehnilise taristu ruumi sobiv asukoht ja suurus,"Vastutaja:  Haldusjuht 
 Elutsükli etapp:  Kavandamine 
   
 a. Tehnilise taristu ruum ei ole läbikäidav. Tehnilise taristu kapp ei asu läbikäidavas kohas. 
 b. Tehnilise taristu ruumis on tööülesannete täitmiseks ja vajadusel kiiresti väljumiseks piisavalt ruumi. 
 c. Tehnilise taristu ruum on kaitstud veega (nt vihm, vesi, heitvesi) seotud ohtude eest. Ruumi paiknemisel hoone ülemisel korrusel on tagatud, et vesi ei pääseks hoonesse katuselt.",Haldusjuht,
dc4603d54953171ca280fbd2dff10056,INF.2.3,INF.2.3: Tehnilise taristu ruum,3.2,3.2 Põhimeetmed,9c08fe9c65b3e681ab2a600af6eb248b,INF.2.3.M6,INF.2.3.M6 Tuletundlikkuse vähendamine,"Vastutaja:  Haldusjuht 
 Elutsükli etapp:  Käitamine 
   
 a. Tehnilise taristu ruumis ja selle vahetus läheduses ei hoiustata tuleohtlikke materjale. 
 b. Ruumi piirdekonstruktsioon ja ruumi sisustuselemendid ei sisalda tuletundlikke materjale.",Haldusjuht,
dc4603d54953171ca280fbd2dff10056,INF.2.3,INF.2.3: Tehnilise taristu ruum,3.2,3.2 Põhimeetmed,f1f1155ac23521a109eb0c610685cc74,INF.2.3.M7,INF.2.3.M7 Ruumi otstarbekohane kasutamine,"Vastutaja:  Haldusjuht 
 Elutsükli etapp:  Käitamine 
   
 a. Tehnilise taristu ruumi ei kasutata ettenähtust erinevaks otstarbeks.",Haldusjuht,
dc4603d54953171ca280fbd2dff10056,INF.2.3,INF.2.3: Tehnilise taristu ruum,3.2,3.2 Põhimeetmed,5b0c71c5d2a9a962b2d81448ee3107be,INF.2.3.M9,INF.2.3.M9 Sobiv elektrivarustussüsteem,"Vastutaja:  Haldusjuht 
 Elutsükli etapp:  Kavandamine 
   
 a. Tehnilise taristu ruumi madalpingevõrk on koostatud TN-S (eraldatud neutraal- ja kaitsejuhiga) juhistikusüsteemis.",Haldusjuht,
dc4603d54953171ca280fbd2dff10056,INF.2.3,INF.2.3: Tehnilise taristu ruum,3.3,3.3 Standardmeetmed,29ea96520d6b221ded068e31e375a730,INF.2.3.M3,INF.2.3.M3 Pääsu reguleerimine ja kontroll,"Vastutaja:  Haldusjuht 
 Elutsükli etapp:  Käitamine 
   
 a. On määratud, kellel, millises ajavahemikus ja missugusel eesmärgil on tehnilise taristu ruumide pääsuõigus. 
 b. Välditakse põhjendamatult ulatuslike pääsuõiguste andmist. 
 c. Kõik tehnilise taristu ruumi sisenemised registreeritakse või on muul viisil tagantjärele tuvastatavad.",Haldusjuht,
dc4603d54953171ca280fbd2dff10056,INF.2.3,INF.2.3: Tehnilise taristu ruum,3.3,3.3 Standardmeetmed,e73a3a9899876c161df766955d100655,INF.2.3.M4,INF.2.3.M4 Tehnilise taristu ruumi sissemurdmiskaitse,"Vastutaja:  Haldusjuht 
 Elutsükli etapp:  Käitamine 
   
 a. Tehnilise taristu ruum on kaitstud lubamatu sissepääsu eest. 
 b. Tehnilise taristu ruumi seinad, laed, põrandad, aknad ja uksed vastavad ruumi kaitsetarbele. 
 c. Piirete sissemurdmiskindlus vastab ehitusstandardite nõuetele. Ruumi uksel on sobiv kaitseklass.",Haldusjuht,
dc4603d54953171ca280fbd2dff10056,INF.2.3,INF.2.3: Tehnilise taristu ruum,3.3,3.3 Standardmeetmed,d06654302d6661842dd834297f92b025,INF.2.3.M10,INF.2.3.M10 Tehnilise taristu ruumi sobiv õhutemperatuur ja -niiskus,"Vastutaja:  Haldusjuht 
 Elutsükli etapp:  Käitamine 
   
 a. Tehnilise taristu ruumi õhutemperatuur ja -niiskus jäävad käitatavate seadmete spetsifikatsioonides ettenähtud väärtuste piiresse. 
 b. Ruumide ventilatsioonisüsteem on piisava võimsusvaruga.",Haldusjuht,
dc4603d54953171ca280fbd2dff10056,INF.2.3,INF.2.3: Tehnilise taristu ruum,3.3,3.3 Standardmeetmed,0781ef6996548075a1e45970eeb67140,INF.2.3.M11,INF.2.3.M11 Kommunaal- ja gaasitorustike vältimine,"Vastutaja:  Haldusjuht 
 Elutsükli etapp:  Kavandamine 
   
 a. Tehnilise taristu ruumis paikneb ainult ruumis asuvate tehnosüsteemide käitamiseks vajalik torustik. 
 b. Tehnilise taristu ruumi ei läbi vee-, gaasi-, kütuse-, kütte-, kanalisatsiooni- vms torud.",Haldusjuht,
dc4603d54953171ca280fbd2dff10056,INF.2.3,INF.2.3: Tehnilise taristu ruum,3.3,3.3 Standardmeetmed,cb8f73192a6a953b20dca09361c179ab,INF.2.3.M14,INF.2.3.M14 Naaberalade tuleohu minimeerimine,"Vastutaja:  Haldusjuht 
 Elutsükli etapp:  Kavandamine 
   
 a. Tehnilise taristu ruumi vahetus läheduses ei asu tuleohtlikke materjale sisaldavaid ruume.",Haldusjuht,
dc4603d54953171ca280fbd2dff10056,INF.2.3,INF.2.3: Tehnilise taristu ruum,3.3,3.3 Standardmeetmed,dfdc179f420cf02830d711be241d7629,INF.2.3.M17,INF.2.3.M17 Tehnilise taristu ülevaatus ja hooldus,"Vastutaja:  Haldusjuht 
 Elutsükli etapp:  Käitamine 
   
 a. Ehitusliku ja tehnilise taristu komponentide hooldusel järgitakse tootja soovitatud või normdokumentides määratud hooldusintervalle. 
 b. Tule- ja suitsutõkkesektsioonide vaheliste kaabli- ja toruläbiviikude tuletõkestust kontrollitakse regulaarselt. 
 c. Taristu ülevaatused ja hooldetööd dokumenteeritakse.",Haldusjuht,
dc4603d54953171ca280fbd2dff10056,INF.2.3,INF.2.3: Tehnilise taristu ruum,3.4,3.4 Kõrgmeetmed,a986a521022509c5444918d2e33a348c,INF.2.3.M8,INF.2.3.M8 Kontrollimatu elektrostaatilise laengu vältimine,"Vastutaja:  Haldusjuht 
 Elutsükli etapp:  Käitamine 
   
 a. Tehnilise taristu ruumi on paigaldatud elektrostaatilisi laenguid mittekoguv põrandakate.",Haldusjuht,
dc4603d54953171ca280fbd2dff10056,INF.2.3,INF.2.3: Tehnilise taristu ruum,3.4,3.4 Kõrgmeetmed,c366ea4b6b45d789bec2431c1924b0b8,INF.2.3.M18,INF.2.3.M18 Täiendavad nõuded tehnilise taristu ruumi asukohale,"Vastutaja:  Haldusjuht 
 Elutsükli etapp:  Kavandamine 
 Turvakomponent:  C; A 
   
 a. Tehnilise taristu ruumi kavandamisel on arvestatud teostatud ohuhinnangutega. 
 c. Tehnilise taristu ruumid on kaitstud päiksekiirgusest tingitud soojenemise eest.",Haldusjuht,
dc4603d54953171ca280fbd2dff10056,INF.2.3,INF.2.3: Tehnilise taristu ruum,3.4,3.4 Kõrgmeetmed,22d27bd8335a4ffd94fe4838a6aad9a1,INF.2.3.M19,INF.2.3.M19 Tehnilise taristu varuasukoht,"Vastutaja:  Haldusjuht 
 Elutsükli etapp:  Käitamine 
 Turvakomponent:  A 
   
 a. Avariiolukorra puhuks on ette valmistatud tehnilise taristu varuasukoht. 
 b. Tehnilise taristu pea- ja varuruumi toide on võetud erinevatest elektrijaotusseadmetest. 
 c. Pea- ja varuruumid paiknevad eraldi tuletõkkesektsioonides ning neil on üksteisest sõltumatud õhukonditsioneerimissüsteemid.",Haldusjuht,
dc4603d54953171ca280fbd2dff10056,INF.2.3,INF.2.3: Tehnilise taristu ruum,3.4,3.4 Kõrgmeetmed,08cad8f5d2b091a0938c5eff664c2403,INF.2.3.M20,INF.2.3.M20 Tehnilise taristu ruumi laiendatud sissemurdmiskaitse,"Vastutaja:  Haldusjuht 
 Elutsükli etapp:  Käitamine 
 Turvakomponent:  C; I; A 
   
 a. Tehnilise taristu ruumi akende olemasolul on need alati suletud ja akende kaitseks on rakendatud korruse kõrgusest tulenevaid kaitsemeetmeid. 
 b. Ruumi muud pääsuavad peale akende ja uste (nt ventilatsioonikanalid) on kaitstud teiste avatäidetega samaväärselt. 
 c. Tehnilise taristu ruumis olev valvesignalisatsioon katab liikumist ruumis, kõiki aknaid, uksi ja muid pääsuavasid. 
 d. Side- ja elektrikaablid on kaitstud täies ulatuses volitamata juurdepääsu ja ilma erivahenditeta läbiviidava ründe eest. 
 f. Lukkude, lukusüdamike ja turvaliistude kvaliteet vastab ukse kaitseklassile RC3.",Haldusjuht,
dc4603d54953171ca280fbd2dff10056,INF.2.3,INF.2.3: Tehnilise taristu ruum,3.4,3.4 Kõrgmeetmed,dbf8118420554983f0bfe4f7a1867c1a,INF.2.3.M22,INF.2.3.M22 Tehnilise taristu ruumi varutoide,"Vastutaja:  Haldusjuht 
 Elutsükli etapp:  Käitamine 
 Turvakomponent:  A 
   
 a. Elektrivarustus on peajaotuskilbist kuni tehnilise taristu ruumi elektritarvititeni dubleeritud eraldi tuletõkkesektsioonis asuvate toiteliinidega. 
 b. Madalpinge jaotussüsteemis on varuliinide lisamise võimalus ja valmidus.",Haldusjuht,
dc4603d54953171ca280fbd2dff10056,INF.2.3,INF.2.3: Tehnilise taristu ruum,3.4,3.4 Kõrgmeetmed,d3c987614555b201094bb5af859dd1c0,INF.2.3.M24,INF.2.3.M24 Tehnilise taristu ruumi jahutus,"Vastutaja:  Haldusjuht 
 Elutsükli etapp:  Käitamine 
 Turvakomponent:  A 
   
 a. Tehnilise taristu ruumide jahutusseadmed on dubleeritud. 
 b. Jahutussüsteeme hooldatakse regulaarselt.",Haldusjuht,
dc4603d54953171ca280fbd2dff10056,INF.2.3,INF.2.3: Tehnilise taristu ruum,3.4,3.4 Kõrgmeetmed,9560e80afa761f2b3babd836d75d42af,INF.2.3.M25,INF.2.3.M25 Tugevam kaitse tule- ja suitsukahjustuste eest,"Vastutaja:  Haldusjuht 
 Elutsükli etapp:  Käitamine 
 Turvakomponent:  A 
   
 a. Tehnilise taristu ruumi piirdekonstruktsioon, õhuklapid ja toiteliinid peavad tulele ja suitsule vastu vähemalt 90 minutit. 
 b. Väga suure kaitsetarbe korral käsitletakse tehnilise taristu ruume iseseisvate tuletõkkesektsioonidena. 
 c. Kaablitrassid väljaspool tehnilise taristu ruumi paiknevad eraldi tuletõkkesektsioonides. 
 d. Tehnilise taristu ruumidesse on paigutatud tsentraalse tulekahjusignalisatsiooniga ühendatud suitsuandurid. 
 e. Ventilatsioonikanalitesse on paigutatud suitsuanduritele reageerivad tuletõkkeklapid. 
 f. Väga suure kaitsetarbega tehnilise taristu ruumi on paigaldatud sobib automaatne tulekustutussüsteem. 
 g. Tulekahjusignalisatsioon, suitsuandurid ja automaatne kustutussüsteem on ühendatud puhvertoiteallika ja avariitoitegeneraatoriga.",Haldusjuht,
dc4603d54953171ca280fbd2dff10056,INF.2.3,INF.2.3: Tehnilise taristu ruum,3.4,3.4 Kõrgmeetmed,a5c65931d3d2c62e6f53125690f83e81,INF.2.3.M26,INF.2.3.M26 Tehnilise taristu ruumi elektrivarustuse seire,"Vastutaja:  Haldusjuht 
 Elutsükli etapp:  Käitamine 
 Turvakomponent:  A 
   
 a. On paigaldatud seireseadmed elektrivarustuse tõrgete avastamiseks ja tõrgetest teavitamiseks. 
 b. Lekke- ja tasandusvoolude testmõõtmisi tehakse regulaarselt.",Haldusjuht,
84a43661bc4f924486ef6b464a1aa47a,INF.5,INF.5: Sõidukite IT-komponendid,3.2,3.2 Põhimeetmed,2a4e66831ac98efea4cd79803277f62b,INF.5.M1,INF.5.M1 Sõiduki hanke infoturbenõuded,"Vastutaja:  Infoturbejuht 
 Elutsükli etapp:  Kavandamine 
   
 a. Sõiduki hankimisel lähtutakse kasutusotstarbe, funktsionaalsetele nõuete ja tasuvuse kõrval ka infoturbe ja andmekaitse aspektidest. 
 c. Sõiduki lukustussüsteem on piisavalt turvaline (või tagatakse sõiduki füüsiline turve muude meetmetega). 
 d. Sõiduki hankimisel arvestatakse, et paljud sõidukid edastavad käiduandmeid sõiduki tootjale või teistele kolmandatele osapooltele.",Infoturbejuht,
84a43661bc4f924486ef6b464a1aa47a,INF.5,INF.5: Sõidukite IT-komponendid,3.2,3.2 Põhimeetmed,6d9240eb21ef1ce0536ec563305c7071,INF.5.M2,INF.5.M2 Sõiduki IT-komponentide hooldus ja uuendamine,"Vastutaja:  Infoturbejuht 
 Elutsükli etapp:  Käitamine 
   
 a. Sõidukeid ja integreeritud IT-komponente hooldatakse lähtudes tootja antud spetsifikatsioonidest ja hooldusintervallidest. 
 c. Traadita andmeside kaudu tehtavad (ingl  over-the-air , OTA) tarkvarauuendused viiakse läbi turvaliselt ja kontrollitult. 
 e. Väljaspool organisatsiooni tehtava hoolduse või remondi ajaks rakendatakse meetmed, mis takistavad tundliku teabe volitamata kättesaamist sõiduki IT-komponentidest. 
 f. Pärast sõiduki hooldust ja/või tarkvarauuendite paigaldamist kontrollitakse IT-komponentide nõuetekohast funktsioneerimist.",Infoturbejuht,
84a43661bc4f924486ef6b464a1aa47a,INF.5,INF.5: Sõidukite IT-komponendid,3.2,3.2 Põhimeetmed,9cfaea62316e50725b66983c43d41551,INF.5.M3,INF.5.M3 Sõidukis töödeldavate andmete turve,"Vastutaja:  Infoturbejuht 
 Elutsükli etapp:  Käitamine 
   
 a. Sõidukis töödeldavad andmed (sh isikuandmed) on kaardistatud ja dokumenteeritud. 
 b. Sõidukis töödeldavaid andmeid (sh sõidukis peetud vestluste salvestisi) kaitstakse lähtudes andmete kaitsetarbest. On määratud, kellel ja mis tingimustel on nendele andmetele juurdepääs. 
 c. On määratud, milliseid andmeid on lubatud sõiduki info- ja meelelahutussüsteemiga (ingl  infotainment system ) sünkroonida või sinna käsitsi sisestada. 
 d. On määratud, kellel on õigus kasutada sõiduki kaugteenuseid ja mobiilirakendusi. 
 e. On määratud, kes näevad sõiduki kasutamise logi ja reaalajalisi asukohaandmeid.",Infoturbejuht,
84a43661bc4f924486ef6b464a1aa47a,INF.5,INF.5: Sõidukite IT-komponendid,3.2,3.2 Põhimeetmed,cd577e433e22ff7323bf28ef75ac7a4d,INF.5.M18,INF.5.M18 Vargusvastase kaitse vahendid,"Vastutaja:  Infoturbejuht 
 Elutsükli etapp:  Käitamine 
   
 a. Organisatsiooni sõidukid on varustatud vargusvastase alarmsüsteemi ja mootori käivitamist blokeeriva immobilaiseriga. 
 b. Sõiduki jätmisel ilma järelevalveta on vargusvastase kaitse vahendid alati aktiveeritud.",Infoturbejuht,
84a43661bc4f924486ef6b464a1aa47a,INF.5,INF.5: Sõidukite IT-komponendid,3.3,3.3 Standardmeetmed,268436a03987aadcc3967be859f716ce,INF.5.M4,INF.5.M4 Sõidukite kasutamise kord,"Vastutaja:  Infoturbejuht 
 Elutsükli etapp:  Käitamine 
   
 a. Organisatsioonile kuuluvate sõidukite kasutamisel on sobivate turvameetmete rakendamine tehtud kõigile töötajatele ja sõiduki kasutajatele kohustuslikuks. 
 b. Organisatsioonile kuuluvate sõidukite kasutamisel on sobivate turvameetmete rakendamine tehtud kõigile töötajatele ja sõiduki kasutajatele kohustuslikuks. 
 c. Sõidukite turvalise kasutamise juhendit uuendatakse pärast olulist tehnoloogilist või regulatiivset muudatust.",Infoturbejuht,
84a43661bc4f924486ef6b464a1aa47a,INF.5,INF.5: Sõidukite IT-komponendid,3.3,3.3 Standardmeetmed,3b67625db44e1afb05a23d8eace7b784,INF.5.M6,INF.5.M6 Detailsed tegevusjuhised,"Vastutaja:  Infoturbejuht 
 Elutsükli etapp:  Käitamine 
   
 a. On koostatud detailsed tegevusjuhised tegutsemiseks sõiduki avariiolukorra ja IT-komponentide rikke korral. 
 b. Juhised avariiolukorra ja IT-komponendi rikke korral tegutsemiseks asuvad sõidukis kättesaadavas asukohas. 
 c. On koostatud tegevusjuhend tegutsemiseks sõiduki ärandamise või volitamata sissetungi puhuks.",Infoturbejuht,
84a43661bc4f924486ef6b464a1aa47a,INF.5,INF.5: Sõidukite IT-komponendid,3.3,3.3 Standardmeetmed,d1b225129683e751191d3abea61e96e4,INF.5.M10,INF.5.M10 Andmete kustutamine sõiduki kasutusest kõrvaldamisel,"Vastutaja:  Infoturbejuht 
 Elutsükli etapp:  Kõrvaldamine 
   
 a. Enne sõiduki kasutusest kõrvaldamist kustutatakse turvaliselt kõik sõiduki IT-komponentidesse talletatud tundlikud andmed. 
 b. Sõidukis oleva andmestiku kustutamisel kasutatakse eelnevalt kaardistatud IT-komponentide loendit.",Infoturbejuht,
84a43661bc4f924486ef6b464a1aa47a,INF.5,INF.5: Sõidukite IT-komponendid,3.4,3.4 Kõrgmeetmed,baa6a4b608d1d5e60c4e82d7cf95d47b,INF.5.M14,INF.5.M14 Konfidentsiaalse teabe kaitse,"Vastutaja:  Infoturbejuht 
 Elutsükli etapp:  Käitamine 
 Turvakomponent:  C; I; A 
   
 a. Sõidukid ja sõiduki IT-komponendid on kaitstud andmevarguse, andmete manipuleerimise ja volitamata kasutamise eest. 
 b. Sõidukitootja kavandatud andmekaitse meetmed on rakendatud ning nende toimet on kontrollitud. 
 c. Vajadusel täiendatakse olemasolevaid turvameetmeid (nt paigaldatakse täiendav vargusvastane alarmsüsteem). 
 d. Sõiduki telemaatikaandmete saatmist kolmandatele osapooltele on võimalik välja lülitada või piirata.",Infoturbejuht,
a44fcc18625e783e63a225f2820ceb5b,INF.2.5,"INF.2.5: Koosoleku-, ürituse- ja koolitusruum",3.2,3.2 Põhimeetmed,ed1e8a235a93ba648a45fbb04f7064d0,INF.2.5.M1,"INF.2.5.M1 Koosoleku-, ürituse- ja koolitusruumi turvalise kasutamise kord","Vastutaja:  Haldusjuht 
 Elutsükli etapp:  Käitamine 
   
 a. On kehtestatud ja dokumenteeritud ruumi kasutamise kord, mis määrab: 
 
 kes haldab ruumis asuvaid IT- ja muid süsteeme; 
 millistel tingimustel tohivad külastajad kasutada kaasatoodud IT-vahendeid; 
 milliseid võrguühendusi ja -liideseid tohivad külastajad kasutada. 
 
 b. Koosoleku-, ürituse-, ja koolitusruumides on saadaval tehniliste probleemide lahendaja kontaktandmed. 
 c. Ruumis asuvad seadmed on kaitstud volitamata kasutuse ja varguse eest sobivate füüsiliste ja tehniliste meetmetega. 
 d. Esitluse eel suletakse võimaliku juhusliku andmelekke vältimiseks esitlusarvutis kõik mittevajalikud rakendused ja andmesideühendused. 
 e. Pärast koosoleku või ürituse lõppu võetakse kaasa või kõrvaldatakse turvaliselt kõik tundlikku teavet sisaldada võivad materjalid. 
 f. Ürituse- või koolitusruumist ajutisel lahkumisel ja järelevalve puudumisel ruumi uksed lukustatakse. 
 g. Ruumides on nähtaval kohal juhised tulekahju korral tegutsemise ja evakuatsiooniteede kohta.",Haldusjuht,
a44fcc18625e783e63a225f2820ceb5b,INF.2.5,"INF.2.5: Koosoleku-, ürituse- ja koolitusruum",3.2,3.2 Põhimeetmed,3b6471a1413df029ba0e3f54b7101626,INF.2.5.M3,INF.2.5.M3 Akende ja uste sulgemine,"Vastutaja:  Haldusjuht 
 Elutsükli etapp:  Käitamine 
   
 a. Koosoleku-, ürituse- ja koolitusruumide aknad on väljaspool ürituste toimumise aega suletud, väljaspool organisatsiooni turvaperimeetrit asuvate ruumide uksed lisaks ka lukustatud. 
 b. Ajutisel lahkumisel otsese järelevalveta koosoleku-, ürituse- ja koolitusruumidest lukustatakse uksed ja suletakse aknad, kust on võimalik ruumi siseneda.",Haldusjuht,
a44fcc18625e783e63a225f2820ceb5b,INF.2.5,"INF.2.5: Koosoleku-, ürituse- ja koolitusruum",3.3,3.3 Standardmeetmed,6e1abbed0a0f4b4d132fa0cebce2f411,INF.2.5.M4,"INF.2.5.M4 Koosoleku-, ürituse- ja koolitusruumide turvaline asukoht","Vastutaja:  Haldusjuht 
 Elutsükli etapp:  Kavandamine 
   
 a. Koosoleku-, ürituse- ja koolitusruumide kavandamisel on arvestatud ruumide asukohast ja kasutusviisist tingitud ohtudega. 
 b. Külastajatele mõeldud ruumid ei asu hooneosas, kus regulaarselt töödeldakse konfidentsiaalset teavet. 
 c. Koosoleku-, ürituse- ja koolitusruumid ja nendesse viivad käiguteed on valitud nii, et külaliste liikumine ja ruumides toimuvad üritused tavapärast tööd ei segaks. 
 d. Konfidentsiaalset teavet käsitlevad koosolekud peetakse selleks sobivaks tunnistatud ja vastavat märget omavates koosolekuruumides, kus on rakendatud meetmeid pealtkuulamise piiramiseks (nt seina ja uste läbikostvuse vähendamiseks).",Haldusjuht,
a44fcc18625e783e63a225f2820ceb5b,INF.2.5,"INF.2.5: Koosoleku-, ürituse- ja koolitusruum",3.3,3.3 Standardmeetmed,25fd83c6a859880e842cf0463b8c2d5a,INF.2.5.M5,INF.2.5.M5 Toite- ja sidekaablite turvaline paigutus,"Vastutaja:  Haldusjuht 
 Elutsükli etapp:  Käitamine 
   
 a. Koosoleku-, ürituse- ja koolitusruumides on külaliste seadmete tarbeks piisavalt toite- ja võrgupesasid. 
 b. Kui lahtiste toite- või sidekaablite asetamine põrandale on vältimatu, kaetakse kaablid kaablikaitselindiga.",Haldusjuht,
a44fcc18625e783e63a225f2820ceb5b,INF.2.5,"INF.2.5: Koosoleku-, ürituse- ja koolitusruum",3.3,3.3 Standardmeetmed,5c49fa823c37a01016b71758c6463f04,INF.2.5.M6,INF.2.5.M6 Võrguühenduste turvaline korraldus,"Vastutaja:  Haldusjuht 
 Elutsükli etapp:  Kavandamine 
   
 a. Ruumis kasutatavad IT-süsteemid on seadistatud nii, et organisatsiooni sisevõrk ja avalik internetiühendus on eraldatud vastavalt kehtestatud turvanõuetele. 
 b. Külastajate andmesidevõrk on organisatsiooni kohtvõrgust eraldatud. Külastajate IT-süsteeme ei saa ühendada organisatsiooni kohtvõrguga. 
 c. Kõrvalised isikud ei saa koosolekuruumist töötajate kohtvõrgu kasutamist ja andmeliiklust jälgida ega pealt kuulata. 
 d. Elektri- ja andmesideühenduste lahendus ei ohusta teiste ruumide töökindlust ega turvalisust.",Haldusjuht,
a44fcc18625e783e63a225f2820ceb5b,INF.2.5,"INF.2.5: Koosoleku-, ürituse- ja koolitusruum",3.3,3.3 Standardmeetmed,00144bb06fd79eee3df462ad202cf5ac,INF.2.5.M7,INF.2.5.M7 Koolitus- ja esitlusarvutite turvaline konfiguratsioon,"Vastutaja:  Haldusjuht 
 Elutsükli etapp:  Käitamine 
   
 a. Koolitus- ja esitlusarvutitele on kehtestatud tüüpkonfiguratsioonid, mis on minimaalsed ja ei sisalda liigseid rakendusi. 
 b. Koolituse eel kontrollitakse, kas IT-süsteemid on koolituse tarbeks sobivalt seadistatud. 
 c. Koolitus- ja esitlusarvutid on organisatsiooni kohtvõrgust eraldatud. 
 d. Kasutajate õigusi on vajadusepõhiselt piiratud. Kasutajad ei saa arvutitesse tarkvara installida ega arvutitest andmeid kopeerida.",Haldusjuht,
a44fcc18625e783e63a225f2820ceb5b,INF.2.5,"INF.2.5: Koosoleku-, ürituse- ja koolitusruum",3.3,3.3 Standardmeetmed,2cae7bc6ca4c16679844e5b419025037,INF.2.5.M8,INF.2.5.M8 Ruumikasutuse registreerimise kord,"Vastutaja:  Haldusjuht 
 Elutsükli etapp:  Käitamine 
   
 a. Olenemata koosoleku-, ürituse- ja koolitusruumi kasutusviisist saab järele vaadata, kes ja millisel ajavahemikul ruume kasutas. 
 b. Organisatsioonis on rakendatud kord ja protseduurid koosoleku-, ürituse- ja koolitusruumide eelnevaks reserveerimiseks.",Haldusjuht,
a44fcc18625e783e63a225f2820ceb5b,INF.2.5,"INF.2.5: Koosoleku-, ürituse- ja koolitusruum",3.4,3.4 Kõrgmeetmed,389832b2cac276b3b613ae82b73ed88d,INF.2.5.M9,INF.2.5.M9 Koolitus- ja esitlusarvutite algseadistamine,"Vastutaja:  Haldusjuht 
 Elutsükli etapp:  Käitamine 
 Turvakomponent:  C; A 
   
 a. Pärast ruumi kasutamise lõpetamist on arvutitest kõrvaldatud kõik üritusega seotud andmed ja arvuti on viidud tüüpkonfiguratsiooniga määratud algseisu.",Haldusjuht,
b7eccd6127908732535262dad84f469d,INF.2.1,INF.2.1: Bürooruum,3.2,3.2 Põhimeetmed,e05c44e1d6135ed37590e4c539969875,INF.2.1.M1,INF.2.1.M1 Sobiva bürooruumi valimine,"Vastutaja:  Haldusjuht 
 Elutsükli etapp:  Käitamine 
   
 a. Bürooruumidena kasutatakse ainult selleks kasutusotstarbeks ettenähtud ja vastavalt sisustatud ruume. 
 b. Ruumi turve ja pääsukontrollisüsteemid vastavad ruumis käideldava teabe kaitsetarbele. 
 c. Üldkasutatavad bürooruumid on eraldatud kõrge kaitsetarbega aladest.",Haldusjuht,
b7eccd6127908732535262dad84f469d,INF.2.1,INF.2.1: Bürooruum,3.2,3.2 Põhimeetmed,e89820c06fe3d57e2ec4da0c33b07c96,INF.2.1.M2,INF.2.1.M2 Akende sulgemine ja uste lukustamine,"Vastutaja:  Haldusjuht 
 Elutsükli etapp:  Käitamine 
   
 a. Töövälisel ajal on bürooruumi aknad suletud. 
 b. Juhul, kui bürooruumis hoitakse konfidentsiaalset teavet, lukustavad töötajad ruumist lahkudes ukse. 
 c. Tule- ja suitsutõkkeuksed on alati suletud või sulguvad tuleohu või suitsu tekkimisel automaatselt. 
 d. Akende ja uste sulgemise ja lukustamise kohustus on sätestatud sisekorraeeskirjas, töötajad on eeskirjaga tutvunud ja järgivad seda. 
 e. Akende kinniolekut ja uste lukustatust töövälisel ajal kontrollitakse regulaarselt.",Haldusjuht,
b7eccd6127908732535262dad84f469d,INF.2.1,INF.2.1: Bürooruum,3.2,3.2 Põhimeetmed,542631bcbc71575a33136e8932a4c98c,INF.2.1.M6,INF.2.1.M6 Korras töökoht,"Vastutaja:  Haldusjuht 
 Elutsükli etapp:  Käitamine 
   
 a. Töötaja hoiab töökoha korras ning ei jäta lauale liigseid dokumente, andmekandjaid ega muid tundlikku teavet sisaldavaid esemeid. 
 b. Töötaja kaitseb IT-rakendusi ja tundlikku teavet lubamatu juurdepääsu eest. 
 c. Kuvariekraan ei asu kõrvaliste isikute nägemisväljas, vajadusel kasutatakse ekraanifiltrit. 
 d. Töötaja eemalolekul tema töökohast on ekraan lukus ning andmekandjad ja dokumendid laualt ära pandud (tühja laua põhimõte). 
 e. Tühja laua põhimõtte järgimist kontrollitakse riskipõhiselt. Kontrolli tulemused dokumenteeritakse.",Haldusjuht,
b7eccd6127908732535262dad84f469d,INF.2.1,INF.2.1: Bürooruum,3.3,3.3 Standardmeetmed,be3630ce3cf821969bf7e081d31cd4b2,INF.2.1.M7,INF.2.1.M7 Dokumentide ja andmekandjate hoiustamise kord,"Vastutaja:  Infoturbejuht 
 Elutsükli etapp:  Käitamine 
   
 a. Bürooruumides või nende läheduses on piisava hoiustusmahuga hoidlad tundlikku teavet sisaldavate dokumentide ja andmekandjate hoidmiseks. 
 b. Tundlikku teavet sisaldavad dokumendid ja andmekandjad, mida hetkel ei kasutata, on paigutatud igale töötajale eraldatud lukustatavasse sahtliboksi või kappi. 
 c. Tundliku materjali hoiukoha ja luku murdmiskindlus vastab teabe kaitsetarbele.",Haldusjuht,
b7eccd6127908732535262dad84f469d,INF.2.1,INF.2.1: Bürooruum,3.4,3.4 Kõrgmeetmed,9cff23039c8c7e41f9bc0e845b6a7558,INF.2.1.M8,INF.2.1.M8 Vargusvastased vahendid,"Vastutaja:  Haldusjuht 
 Elutsükli etapp:  Käitamine 
 Turvakomponent:  C; I; A 
   
 a. Pääsukontrollisüsteemi puudumisel on IT-seadmed turvatud kas mehaaniliste (nt trosslukk,  Kensington Lock  lukk) või elektrooniliste vargusvastaste vahenditega. 
 b. IT-seadmete kasutamisel üldkasutatavates ruumides on vargusvastaste kaitsevahendite kasutamine kohustuslik.",Haldusjuht,
f8a46762ae53f241add6d83d58b13fe2,INF.7.2,INF.7.2: Hooneautomaatikasüsteemid,3.2,3.2 Põhimeetmed,00e4f1e2ed9b10fb422278522a85e460,INF.7.2.M1,INF.7.2.M1 Hooneautomaatikasüsteemi kavandamine,"Vastutaja:  Haldusjuht 
 Elutsükli etapp:  Kavandamine 
   
 a. Hooneautomaatikasüsteemi (ingl  Building Automation and Control System , BACS) kavandamine toimub hoonega seotud ehitustööde (uusehituste, hoone laienduste või renoveerimise) kavandamisest varem või sellega samal ajal. 
 b. BACS kavandamise käigus määratletakse kõik tehnosüsteemid, mis hooneautomaatikasüsteemiga liidestatakse või automatiseeritakse. Lisaks tehnosüsteemidele võivad hooneautomaatikasüsteemi koosseisu kuuluda täiendavaid andureid ja andmeallikaid (nt andmeliides ilmaprognoosi saamiseks). 
 c. Hooneautomaatikasüsteemi kavandamisel arvestatakse vähemalt järgmiste aspektidega: 
 
 hoone kasutusotstarve ja sellest tulenevad nõuded; 
 hoone segmentimine eraldi kontrollitavateks aladeks; 
 korralduslikud nõuded ja regulatsioonid; 
 hoone ehituslikud ja tehnilised tingimused; 
 BACS koosseisu kuuluvad tehnosüsteemid; 
 tehnosüsteeme mõjutavad keskkonnatingimused; 
 kasutatav BACS tehnoloogia ja arhitektuur; 
 BACS komponendid; 
 vajalikud sidevõrgud; 
 hooneautomaatikasüsteemi võrguarhitektuur; 
 liidestused teiste süsteemidega; 
 kasutatavad andmesideliidesed ja protokollid; 
 elektritoite ja puhvertoiteallikate (UPS) vajadus; 
 pilvteenuste kasutus; 
 andmete talletamise ja varunduse nõuded; 
 nõutavad turvameetmed; 
 vajalikud rollid pääsuõiguste halduseks. 
 
 d. BACS on kavandatud sellisena, et erinevate kasutusele võetavate tehnoloogiate, andmesideliideste ja protokollide hulk oleks võimalikult väike ja kasutatakse ainult turvalisi ja standardseid lahendusi.",Haldusjuht,
f8a46762ae53f241add6d83d58b13fe2,INF.7.2,INF.7.2: Hooneautomaatikasüsteemid,3.2,3.2 Põhimeetmed,ef61c7f5fa3290b21be8a7776b073e0c,INF.7.2.M3,INF.7.2.M3 Tehnosüsteemide turvaline liidestamine hooneautomaatikasüsteemiga,"Vastutaja:  Haldusjuht 
 Elutsükli etapp:  Käitamine 
   
 a. BACS, hoone tehnosüsteemid ja seotud komponendid seadistatakse vastavalt projekteeritud lahendusele. 
 b. BACS arvestab liidestatud tehnosüsteemidele määratud parameetrivahemikke (nt kütteseadme minimaalne ja maksimaalne temperatuur) ega ületa neid. 
 c. On kokku lepitud kaughalduse- ja andmevahetuskanalid hooneautomaatikasüsteemi halduri ning seotud tehnosüsteemidele tehnilist tuge osutavate väliste partnerite vahel. 
 d. Liidestuse käigus tehtud muudatused dokumenteeritakse ja kooskõlastatakse. 
 f. Protsesside toimimist ja süsteemikomponentide andmevahetust on testitud. Toimetestimise käigus ilmnenud vead on parandatud.",Haldusjuht,
f8a46762ae53f241add6d83d58b13fe2,INF.7.2,INF.7.2: Hooneautomaatikasüsteemid,3.2,3.2 Põhimeetmed,17468626b595cc4e0beaeb252f165597,INF.7.2.M4,INF.7.2.M4 Erisused ohutuvastussüsteemide liidestamisel hooneautomaatikasüsteemiga,"Vastutaja:  Haldusjuht 
 Elutsükli etapp:  Käitamine 
   
 a. Ohutuvastussüsteemid (nt valve- ja tulekahjusignalisatsioonisüsteemid) on liidestatud hooneautomaatikasüsteemiga selliselt, et BACSi toimimine või mittetoimimine ei mõjuta ohutuvastussüsteemide põhifunktsioonide toimimist. 
 b. Võrguühendust või traadita andmesideühendust kasutavad ohutuvastussüsteemid on paigutatud füüsiliselt eraldatud võrgusegmenti. Võrgusegmendis on lubatud ainult ohutuvastussüsteemide tööks ja häirete edastamiseks vajalik andmeside. 
 c. Ohutuvastussüsteemid toimivad lokaalselt ka juhul, kui kõrgema taseme võrguühendus (nt internetiühendus) on katkenud.",Haldusjuht,
f8a46762ae53f241add6d83d58b13fe2,INF.7.2,INF.7.2: Hooneautomaatikasüsteemid,3.2,3.2 Põhimeetmed,3fe7af7f49bf7aa02b3845ad502eaa27,INF.7.2.M6,INF.7.2.M6 Hooneautomaatikasüsteemi võrgu eraldamine,"Vastutaja:  Haldusjuht 
 Elutsükli etapp:  Käitamine 
   
 a. Hooneautomaatikasüsteemi võrk on kontorivõrgust ja muudest organisatsiooni võrkudest füüsiliselt eraldatud või asub eraldi võrgusegmendis. 
 c. Kui BACS hõlmab erinevaid hooneid või hoonestuid, kasutatakse andmesideks turvatud laivõrgu (ingl  wide area network , WAN) ühendusi, nt kasutades VLAN-i (ingl  virtual local area network , VLAN). BACS andmeside avalikus võrgus on kaitstud VPN-iga (ingl  virtual private network,  VPN).",Haldusjuht,
f8a46762ae53f241add6d83d58b13fe2,INF.7.2,INF.7.2: Hooneautomaatikasüsteemid,3.3,3.3 Standardmeetmed,11e2ca1b0525ed590552a769df8d38c3,INF.7.2.M8,INF.7.2.M8 Hooneautomaatikasüsteemi nõuete spetsifikatsioon,"Vastutaja:  Haldusjuht 
 Elutsükli etapp:  Kavandamine 
   
 a. Iga hooneautomaatikasüsteemi jaoks on koostatud nõuete spetsifikatsioon. Nõuete spetsifikatsiooni koostamisel on arvestatud ka hoone arhitektuurist ja organisatsiooni äriprotsessidest tulenevaid erinõudeid. 
 b. Hooneautomaatikasüsteemi nõuete spetsifikatsioon sisaldab vähemalt järgmisi turvanõudeid: 
 
 BACS juurdepääsu turve; 
 BACS rollid ja turvaline kasutajate autentimine; 
 BACS logimine ja seire; 
 BACS arenduse ja testimise nõuded; 
 turvanõuetele mittevastavate komponentide käsitlemine. 
 
 c. Hooneautomaatikasüsteemi nõuete spetsifikatsioon on dokumenteeritud. Nõuete spetsifikatsiooni ajakohastatakse seoses BACS riistvara ja tarkvara arendamise ning tehnoloogia üldise arenguga. Hooneautomaatikasüsteemi nõuete spetsifikatsioon on dokumenteeritud. Nõuete spetsifikatsiooni ajakohastatakse seoses BACS riistvara ja tarkvara arendamise ning tehnoloogia üldise arenguga. Vastavust kontrollitakse regulaarselt.",Haldusjuht,
f8a46762ae53f241add6d83d58b13fe2,INF.7.2,INF.7.2: Hooneautomaatikasüsteemid,3.3,3.3 Standardmeetmed,d6665be87dba41bfe71a84eda044006c,INF.7.2.M10,INF.7.2.M10 Hooneautomaatikasüsteemi sisemiste sõltuvuste vähendamine,"Vastutaja:  Haldusjuht 
 Elutsükli etapp:  Kavandamine 
   
 a. Hooneautomaatikasüsteem on kavandatud sellisena, et BACSi ühe valdkonna funktsionaalsus toimiks teistest hooneautomaatika valdkondadest võimalikult sõltumatult. 
 d. Avariiolukorras on tehnosüsteem võimeline toimima autonoomselt.",Haldusjuht,
f8a46762ae53f241add6d83d58b13fe2,INF.7.2,INF.7.2: Hooneautomaatikasüsteemid,3.3,3.3 Standardmeetmed,f43961369efe97d807dded6be31949ac,INF.7.2.M11,INF.7.2.M11 Avatud juurdepääsude ja portide kaitsmine,"Vastutaja:  Haldusjuht 
 Elutsükli etapp:  Käitamine 
   
 a. Hooneautomaatikasüsteemi komponentidele juurdepääs läbi USB- ja võrguportide ning muude avatud liideste on kaitstud füüsiliste ja tarkvaraliste turvameetmetega.",Haldusjuht,
f8a46762ae53f241add6d83d58b13fe2,INF.7.2,INF.7.2: Hooneautomaatikasüsteemid,3.3,3.3 Standardmeetmed,d0fed0ee4e9a96326eb9e5a89184bc62,INF.7.2.M14,INF.7.2.M14 Hooneautomaatikasüsteemi juurdepääsu reguleerimine,"Vastutaja:  Haldusjuht 
 Elutsükli etapp:  Käitamine 
   
 c. Hooneautomaatika rollide ja volituste süsteem võimaldab luua erinevate juurdepääsuõigustega kasutajaid, lähtuvalt organisatsiooni töötajate ning väliste tehnilise toe osutajate vajadustest. 
 d. Hooneautomaatikasüsteemi juhtrakendust ja hooneautomaatikasüsteemi komponente pole võimalik ilma pääsuõigusteta kasutada. 
 e. On keelatud kasutada BACS komponente, millel juurdepääsupiirangud puuduvad või mille tootja vaikeparooli ei ole võimalik muuta.",Haldusjuht,
f8a46762ae53f241add6d83d58b13fe2,INF.7.2,INF.7.2: Hooneautomaatikasüsteemid,3.3,3.3 Standardmeetmed,b24c8a71321d319a3fef278e1bd828ce,INF.7.2.M15,INF.7.2.M15 Hooneautomaatikasüsteemi spetsiifiliste võrkude turve,"Vastutaja:  Haldusjuht 
 Elutsükli etapp:  Käitamine 
   
 a. Hooneautomaatikasüsteemi spetsiifiliste võrguprotokollide (nt BACnet, KNX, M-Bus) kasutamisel rakendatakse tootja ja valdkonnastandardite kohaseid turvameetmeid, mis tagavad võrgusegmendi nõutava turbetaseme. 
 b. Hooneautomaatikasüsteemi spetsiifiliste võrkude lüüsid (ingl  gateway ) on konfigureeritud läbi laskma ainult vajalikku andesidet ning kasutavad kinnistatud pääsuloendit (ingl  Access Control List , ACL). 
 c. Kui hooneautomaatikasüsteem sisaldab integreeritud turvamehhanisme (nt autentimiseks või andmete krüpteerimiseks), on need turvamehhanismid kasutusele võetud. 
 d. Piisamatute turvamehhanismidega hooneautomaatikasüsteemid vahetatakse välja niipea kui see on tehniliselt võimalik. Seniks on nad paigutatud tulemüüriga eraldatud võrgusegmenti.",Haldusjuht,
f8a46762ae53f241add6d83d58b13fe2,INF.7.2,INF.7.2: Hooneautomaatikasüsteemid,3.3,3.3 Standardmeetmed,749a70ad349a9efb43cb6f2a124c67da,INF.7.2.M16,INF.7.2.M16 Traadita andmeside kaitse hooneautomaatikasüsteemi võrgus,"Vastutaja:  Haldusjuht 
 Elutsükli etapp:  Käitamine 
   
 a. Traadita andmesidet kasutatavate BACS võrkude (nt BLE, BACnet Zigbee, EnOcean) andmeside kaitseks on rakendatud asjakohaseid autentimis- ja krüptomehhanisme. 
 b. Üleminekud kaablipõhisele võrgule on realiseeritud tulemüüri funktsionaalsust omavate BACS komponentidega. 
 c. Traadita andmesidevõrgud ja kasutatavad sagedusvahemikud on dokumenteeritud. Võrguseadmed seadistatakse nii, et need häiriksid teisi võrke võimalikult vähe. 
 d. BACS võrgu kavandamisel on arvestatud füüsilistest takistustest (nt metallkattega klaasid, raudbetoonsein) põhjustatud raadiolainete levihäiretega.",Haldusjuht,
f8a46762ae53f241add6d83d58b13fe2,INF.7.2,INF.7.2: Hooneautomaatikasüsteemid,3.3,3.3 Standardmeetmed,d692fd47f4aa3b9e534ad0dca3c606da,INF.7.2.M17,INF.7.2.M17 Mobiilside kaitse hooneautomaatikasüsteemi võrgus,"Vastutaja:  Haldusjuht 
 Elutsükli etapp:  Käitamine 
   
 a. Kui BACS kasutab andmesidekanalina avalikku mobiilsidevõrku (nt LTE või 5G mobiilsidetehnoloogiat), on suhtlus piiratud ainult volitatud osapoolte ja määratud IP-aadressidega. 
 b. Kui avalikus mobiilsidevõrgus ei ole võrke võimalik piisavalt eraldada, rakendatakse täiendavaid võrgueraldus- ja liikluskontrolli meetmeid. 
 c. BACS komponendid kasutavad avalikku mobiilsidevõrku ainult juhul, kui see on nende toimimiseks hädavajalik, tavaseadistuses on BACS komponentide mobiilside piiratud. Püsiva andmesideühenduse asemel kasutatakse BACS komponentide poolt algatatud ajutisi andmesideseansse. 
 d. Võimaluse korral kasutatakse BACS andmeside tarbeks mobiilsideoperaatori poolt eraldatud mobiilside taristut või virtuaalset võrgupiirkonda, mis on mõeldud kasutamiseks ainult automaatikaseadmetele. 
 e. Autonoomse mobiilsidetehnoloogiaid kasutava privaatmobiilsidevõrgu (nt ülikoolilinnaku 5G võrk) kasutamisel BACS andmesidevõrguna on BACS võrk teistest võrkudest eraldatud, kõik üleminekud mobiilsidevõrgu ja teiste tehnoloogiat kasutava võrgu vahel on kaitstud tulemüüriga.",Haldusjuht,
f8a46762ae53f241add6d83d58b13fe2,INF.7.2,INF.7.2: Hooneautomaatikasüsteemid,3.3,3.3 Standardmeetmed,cf19aeaff9d3582a194c8a63eaca7ec9,INF.7.2.M18,INF.7.2.M18 Turvaline andmevahetus väliste hooneautomaatikasüsteemidega,"Vastutaja:  Haldusjuht 
 Elutsükli etapp:  Käitamine 
   
 a. Hooneautomaatikasüsteemi andmeside välise BACS-süsteemiga on võimalik ainult määratud andmevahetusliideste kaudu. Kõik kasutatavad liidesed ja andmesidekanalid on dokumenteeritud ja kasutamiseks kinnitatud. 
 b. Andmevahetuse osapooled autenditakse, andmeside on krüpteeritud. 
 c. Liidestused väliste BACS-süsteemidega on piiratud minimaalselt vajalikuni.",Haldusjuht,
f8a46762ae53f241add6d83d58b13fe2,INF.7.2,INF.7.2: Hooneautomaatikasüsteemid,3.3,3.3 Standardmeetmed,eecfaed315557d52bc91dacdbe83180d,INF.7.2.M23,INF.7.2.M23 Kestlike süsteemikomponentide kasutamine,"Vastutaja:  Haldusjuht 
 Elutsükli etapp:  Käitamine 
   
 a. Hooneautomaatikasüsteemi komponendid on kavandatud vastupidavusvaruga, st süsteem on suuteline toimima pikka aega ka tavapärastest raskemates keskkonnatingimustes. 
 b. Hooneautomaatikasüsteemi komponentide konstruktsioon on füüsiliselt vastupidav. Kui see on kaheldav, on BACS komponendi kaitseks rakendatud täiendavaid meetmeid (nt on komponent paigutatud täiendavasse kaitsekasti). 
 c. BACS komponendid omavad tootjate poolt antud kinnitusi või sõltumatute testi organisatsioonide poolt väljaantud sertifikaate, et komponent vastab füüsilise vastupidavuse nõuetele.",Haldusjuht,
f8a46762ae53f241add6d83d58b13fe2,INF.7.2,INF.7.2: Hooneautomaatikasüsteemid,3.3,3.3 Standardmeetmed,dd0593b05059c8fc7e5719438bc31f3c,INF.7.2.M24,INF.7.2.M24 Hooneautomaatikasüsteemi kellade sünkroniseerimine,"Vastutaja:  Haldusjuht 
 Elutsükli etapp:  Käitamine 
   
 a. Automaatse mõõtmise, juhtimise ja reguleerimise tagamiseks on hooneautomaatikasüsteemi ühendatud komponentide ja tehnosüsteemide kellad sünkroniseeritud. 
 b. Omavahel liidestatud hooneautomaatikasüsteemid kasutavad kellade sünkroniseerimiseks samu ajaservereid. Kui hooneautomaatikasüsteem laieneb hoonestule või mitmetele kinnistutele, on kellade sünkroniseerimine tagatud kõigis hõlmatud hoonetes. 
 c. Kõik hooneautomaatikasüsteemi komponendid tõlgendavad kellaaega ühtses tüüpvormingus (võttes arvesse ajavööndeid ning talve- ja suveaegade vaheldumist). 
 d. Hooneautomaatikasüsteemi on paigutatud lokaalne ajaserver, mis jätkab BACS komponentidele kellaaja pakkumist pärast keskse või kõrgema taseme NTP-serveriga side katkemist. 
 e. Aja sünkroniseerimiseks kasutatakse lahendust, mille täpsus ja turve vastavad süsteemi nõuetele. SNTP protokolli kasutatakse ainult siis, kui see ei kahjusta süsteemi toimimist ega tõendatavust.",Haldusjuht,
f8a46762ae53f241add6d83d58b13fe2,INF.7.2,INF.7.2: Hooneautomaatikasüsteemid,3.3,3.3 Standardmeetmed,2cd6cc4b99b7c68581cfd7f85f92c37c,INF.7.2.M25,INF.7.2.M25 Hooneautomaatikasüsteemi seire,"Vastutaja:  Haldusjuht 
 Elutsükli etapp:  Käitamine 
   
 a. Kõik olulised BACS komponendid on lisatud kesksesse seiresüsteemi. Hooneautomaatikasüsteemide käideldavust ja olekuparameetrite püsimist määratud piirväärtuste raames jälgitakse pidevalt. 
 b. Veateadete ja määratud piirväärtustest hälbimisest teavitab seiresüsteem hooneautomaatikasüsteemi haldureid. 
 c. Eelnevalt määratletud sündmuste korral saadetakse vastutajatele viivitamata (nt SMS sõnumiga) automaatne häireteade. Sellised sündmused on näiteks: 
 
 hooneautomaatikasüsteemi olulise funktsionaalsuse kadu; 
 BACS komponendi rike; 
 toiteallika kriitiline olek (nt pinge kõikumine); 
 võrguühenduse katkestus. 
 
 d. Seireandmeid ja BACS olekuteavet edastatakse ainult läbi turvaliste andmesidekanalite.",Haldusjuht,
f8a46762ae53f241add6d83d58b13fe2,INF.7.2,INF.7.2: Hooneautomaatikasüsteemid,3.3,3.3 Standardmeetmed,ba4392f4ed662da871ded3b70ea3ee82,INF.7.2.M26,INF.7.2.M26 Hooneautomaatikasüsteemi logimine,"Vastutaja:  Haldusjuht 
 Elutsükli etapp:  Käitamine 
   
 a. Kõik käsitsi või automaatselt tehtud hooneautomaatikasüsteemi või selle komponentide konfiguratsioonimuudatused logitakse. 
 b. Täiendavalt logitakse oluliste BACS komponentide olekumuudatused ja turvasündmused. 
 d. On määratud, kas ja kuidas hooneautomaatikasüsteemi logiandmed edastatakse kesksesse logiserverisse ja turvateabe ja -sündmuste halduse süsteemi (ingl  Security Information and Event Management , SIEM) süsteemi. 
 e. Logiandmeid edastatakse ainult turvaliste andmesidekanalite kaudu.",Haldusjuht,
f8a46762ae53f241add6d83d58b13fe2,INF.7.2,INF.7.2: Hooneautomaatikasüsteemid,3.3,3.3 Standardmeetmed,2f51b40d75bf9511ceb79ee57c28fd44,INF.7.2.M27,INF.7.2.M27 Hooneautomaatikasüsteemide avariihaldus,"Vastutaja:  Haldusjuht 
 Elutsükli etapp:  Käitamine 
   
 a. Organisatsioon on analüüsinud, kuidas hooneautomaatikasüsteemi avarii mõjutab äriprotsesse ja organisatsiooniülese avariivalmenduse kavandamist. 
 b. Hooneautomaatikasüsteemi üksiku komponendi rikke või ründe tagajärjel tekkinud mõjud teistele tehnosüsteemidele ja BACS komponentidele on võimalikult minimeeritud. 
 c. On koostatud hooneautomaatikasüsteemi avarii korral toimimise tegevuskava. 
 d. Avariihalduse tegevuskavas on määratud hooneautomaatikasüsteemi ja mõjutatud tehnosüsteemide toimimise eest vastutavaid töötajad ning kontaktandmed nendega ühendust võtmiseks. 
 f. Hooneautomaatikasüsteemi oluliste komponentide töö taastamiseks pärast avariid on koostatud taasteplaanid. 
 g. Avariist taastumiseks on üle kõikide BACS ja tehnosüsteemide määratud vajalik taaskäivitusjärjestus. Taaskäivitusjärjestus on dokumenteeritud ka süsteemikomponentide taaste- ja taaskäivitusplaanides.",Haldusjuht,
f8a46762ae53f241add6d83d58b13fe2,INF.7.2,INF.7.2: Hooneautomaatikasüsteemid,3.4,3.4 Kõrgmeetmed,191ab01e6e3394228cbf45371eee22d2,INF.7.2.M13,INF.7.2.M13 Hooneautomaatikasüsteemi võrgu segmentimine,"Vastutaja:  Haldusjuht 
 Elutsükli etapp:  Käitamine 
 Turvakomponent:  C; I; A 
   
 a. Hooneautomaatikasüsteemi võrk on vastavalt kaitsetarbele jaotatud üksikuid hooneautomaatikasüsteeme või tehnosüsteemide komponente sisaldavateks eraldatud võrgusegmentideks. 
 b. Segmentidevaheliseks andmesideks on koostatud reeglid. Üleminekud on kaitstud vähemalt dünaamiliste paketifiltritega (ingl  stateful packet filtering ). 
 c. Hooneautomaatikasüsteemi tootja või välise hoolduspartneri juurdepääs kaitstud hooneautomaatika võrku on rangelt reguleeritud.",Haldusjuht,
f8a46762ae53f241add6d83d58b13fe2,INF.7.2,INF.7.2: Hooneautomaatikasüsteemid,3.4,3.4 Kõrgmeetmed,09d168013029ae8272ee1ab037c01f89,INF.7.2.M21,INF.7.2.M21 Hooneautomaatikasüsteemi andmete autentsuse ja usaldusväärsuse kontroll,"Vastutaja:  Haldusjuht 
 Elutsükli etapp:  Käitamine 
 Turvakomponent:  I 
   
 a. BACS-süsteemis toimub pidev sisendandmete valideerimine (kas kuvatav aeg, koht, väärtus, olek või sündmus vastab selle, mida eeldati). 
 b. Simuleeritud või ""külmutatud"" väärtustega andmed tuvastatakse ning saadetakse vastav hoiatusteade, edasine protsess sõltub BACS-süsteemi kriitilisusest ja kaitsetarbest.",Haldusjuht,
f8a46762ae53f241add6d83d58b13fe2,INF.7.2,INF.7.2: Hooneautomaatikasüsteemid,3.4,3.4 Kõrgmeetmed,f97a4146418ebdb24496663ab760490a,INF.7.2.M29,INF.7.2.M29 Ärikriitiliste tehnosüsteemide eraldamine,"Vastutaja:  Haldusjuht 
 Elutsükli etapp:  Käitamine 
 Turvakomponent:  C; I 
   
 a. Ärikriitiline (kõrgendatud turbevajadusega) tehnosüsteem on paigutatud füüsiliselt eraldatud võrku või eraldatud võrgusegmenti. 
 b. Ärikriitilise tehnosüsteemi andmesidet reguleeritakse võrgusegmendi ette paigutatud  Layer2  tulemüüriga.",Haldusjuht,
b346ae1d9432d9cd9d11538349bd5283,INF.2.4,INF.2.4: Arhiiviruum,3.2,3.2 Põhimeetmed,23aa074f8b00f42e35213ed9f01d1e9d,INF.2.4.M2,INF.2.4.M2 Ahiiviruumi pääsu reguleerimine,"Vastutaja:  Haldusjuht 
 Elutsükli etapp:  Käitamine 
   
 a. Sissepääs andmekandjate arhiivi on ametipõhiselt piiratud. 
 b. Pääsusüsteem võimaldab juurdepääsu ainult volitatud isikutele. 
 c. Väljastatud pääsuõigused dokumenteeritakse. Töötajad oskavad tuvastada arhiiviruumis loata viibivaid isikud. 
 d. Pääsukontrolli meetmete tõhusust kontrollitakse regulaarselt. 
 e. Arhiiviruumi sissetungikindlus on vähemalt RC2 standardi EVS-EN 1627 järgi.",Haldusjuht,
b346ae1d9432d9cd9d11538349bd5283,INF.2.4,INF.2.4: Arhiiviruum,3.2,3.2 Põhimeetmed,76a55e5a52c6a2281688d85960ffc3d9,INF.2.4.M3,INF.2.4.M3 Kaitse tolmu ja määrdumise eest,"Vastutaja:  Haldusjuht 
 Elutsükli etapp:  Kavandamine 
   
 a. Tolmu ja määrdumise eest kaitsmise vajadusega on arvestatud juba arhiiviruumi rajamisel. 
 b. Andmekandjad on pakendatud ja ladustatud viisil, et tolm neid isegi pikaajalisel hoidmisel ei kahjustaks. 
 c. Suitsetamine andmekandjate arhiivis on rangelt keelatud.",Haldusjuht,
b346ae1d9432d9cd9d11538349bd5283,INF.2.4,INF.2.4: Arhiiviruum,3.2,3.2 Põhimeetmed,1a98b7aed0c62ac68939649a824733ce,INF.2.4.M4,INF.2.4.M4 Arhiivi akende ja uste sulgemine ja lukustamine,"Vastutaja:  Haldusjuht 
 Elutsükli etapp:  Käitamine 
   
 a. Andmekandjate arhiiv on võimalusel ilma akendeta. Akende olemasolul suletakse need enne arhiivist lahkumist. 
 b. Ajal, mil andmekandjate arhiivis kedagi ei viibi, on kõik arhiivi aknad suletud ja uksed lukustatud. 
 e. Arhiiviruumi akende ja uste sulgemist ja lukustatust kontrollitakse regulaarselt.",Haldusjuht,
b346ae1d9432d9cd9d11538349bd5283,INF.2.4,INF.2.4: Arhiiviruum,3.3,3.3 Standardmeetmed,1f980f5b52abc1b95ecbcf27a156649a,INF.2.4.M5,INF.2.4.M5 Kaitsekapid,"Vastutaja:  Haldusjuht 
 Elutsükli etapp:  Käitamine 
   
 a. Andmekandjate kaitsmiseks tule ja volitamata kasutamise eest hoitakse arhiivis andmekandjaid sobivates kaitsekappides.",Haldusjuht,
b346ae1d9432d9cd9d11538349bd5283,INF.2.4,INF.2.4: Arhiiviruum,3.3,3.3 Standardmeetmed,804e88db438f1e84a47791d8fbdb0d36,INF.2.4.M6,INF.2.4.M6 Veetorude vältimine,"Vastutaja:  Haldusjuht 
 Elutsükli etapp:  Kavandamine 
   
 a. Andmekandjate arhiivis asuvad ainult veetorud, mis on vältimatult vajalikud. 
 b. Andmekandjate arhiivi läbivate veetorude lekkekindlust kontrollitakse regulaarselt. 
 c. On rakendatud meetmed lekete varajaseks tuvastamiseks (lekkeandurid) ja kahjude vähendamiseks (vee äravoolukanalid). 
 d. Suure kaitsetarbega arhiivi tarbeks on koostatud intsidendihalduse kava, mis määratleb, keda lekke korral teavitatakse ja kuidas lekke peatamisel toimitakse.",Haldusjuht,
b346ae1d9432d9cd9d11538349bd5283,INF.2.4,INF.2.4: Arhiiviruum,3.3,3.3 Standardmeetmed,1173897cd712cb03896a6b968085815e,INF.2.4.M7,INF.2.4.M7 Arhiiviruumi sisekliima reguleerimine,"Vastutaja:  Haldusjuht 
 Elutsükli etapp:  Käitamine 
   
 a. Andmekandjate arhiivi õhutemperatuur, -niiskus ning tahkete osakeste sisaldus õhus on andmekandjate tootjate sätestatud piirides. 
 b. Arhiivi ventilatsiooni- ja kliimaseadmeid kontrollitakse ja hooldatakse regulaarselt. 
 c. Õhutemperatuuri ja -niiskuse näidud registreeritakse. Kõrvalekalletele reageeritakse kehtestatud reageerimiskorra alusel.",Haldusjuht,
b346ae1d9432d9cd9d11538349bd5283,INF.2.4,INF.2.4: Arhiiviruum,3.3,3.3 Standardmeetmed,6aeb0c286adde4d4d9db5b23b4aa0ca6,INF.2.4.M8,INF.2.4.M8 Arhiiviruumi piirdekonstruktsioonide turve,"Vastutaja:  Haldusjuht 
 Elutsükli etapp:  Käitamine 
   
 a. Arhiivi piirdekonstruktsioonide murdmiskindlus on vähemalt RC3 standardi EVS-EN 1627 järgi. 
 b. Uste ja akende tule- ja suitsukindlus on piisav tulekahju kiire arhiiviruumidesse levimise tõkestamiseks. 
 c. Arhiiviruumi piirdekonstruktsioonide sissetungi-, tule- ja suitsukindlus on samaväärne uste ja akendega. 
 d. Uste ja akende turvalisust (terviklikkust, toimivust ja vigastuste puudumist) kontrollitakse regulaarselt.",Haldusjuht,
b346ae1d9432d9cd9d11538349bd5283,INF.2.4,INF.2.4: Arhiiviruum,3.4,3.4 Kõrgmeetmed,e375c1815057cc37fbd9901838171e56,INF.2.4.M9,INF.2.4.M9 Valvesüsteem,"Vastutaja:  Haldusjuht 
 Elutsükli etapp:  Käitamine 
 Turvakomponent:  C; I; A 
   
 a. Andmekandjate arhiivi on paigaldatud kaitsetarbele vastav (tsentraalne või lokaalne) valvesüsteem. 
 b. Valvesüsteemi teated ja alarmid on suunatud reageerimise eest vastutajatele, kellel on 24/7 võimekus häirele reageerimiseks. 
 c. Valvesüsteemi kontrollitakse ja hooldatakse regulaarselt.",Haldusjuht,
7ad2e966b148a2a48a14fc1d680a3b45,NET.4,NET.4: Võrguühenduse automaatne seadistus,3.2,3.2 Põhimeetmed,8c08e3e7244c8565b1f80bb20c82a159,NET.4.M1,NET.4.M1 DHCP kasutuse kavandamine,"Vastutaja:  IT-juht 
 Elutsükli etapp:  Käitamine 
   
 a. Iga võrgusegmendi puhul on otsustatud, kas võrguseadistuste jagamiseks on DHCP protokoll lubatud. 
 b. Võrgusegmendis, milles DHCP kasutust ei ole ette nähtud, on UDP port 67/68 liiklus keelatud. 
 c. Võrgukommutaatoris on DHCP vastuseid lubatud saata vaid usaldusväärseks märgitud portide kaudu.",IT-juht,
7ad2e966b148a2a48a14fc1d680a3b45,NET.4,NET.4: Võrguühenduse automaatne seadistus,3.2,3.2 Põhimeetmed,f76635ddd182d973eab5fafed037ec26,NET.4.M3,NET.4.M3 DHCP teenuse tugevdamine,"Vastutaja:  IT-juht 
 Elutsükli etapp:  Käitamine 
   
 a. Teenuse haldusliidesele on juurdepääs ainult haldusvõrgu kaudu ja volitatud isikute poolt. 
 b. DHCP teenust andvale seadmele on võrgu tasemel piiratud juurdepääs ainult teenusega seotud portidele.",IT-juht,
7ad2e966b148a2a48a14fc1d680a3b45,NET.4,NET.4: Võrguühenduse automaatne seadistus,3.2,3.2 Põhimeetmed,49846b169baa73b3611665e9b98e007c,NET.4.M5,NET.4.M5 DHCP teenuse seire,"Vastutaja:  IT-juht 
 Elutsükli etapp:  Käitamine 
   
 a. Tsentraalne logisüsteem on seadistatud käivitama hoiatusi kui tuvastatakse: 
 
 järsk DISCOVER/REQUEST sündmuste tõus; 
 IP-aadressiruumi ammendumine; 
 uued/ootamatud ""Option 82"" allikad; 
 MAC-vahetus.",IT-juht,
7ad2e966b148a2a48a14fc1d680a3b45,NET.4,NET.4: Võrguühenduse automaatne seadistus,3.3,3.3 Standardmeetmed,eb11190d6fdbb1354e6e3c3dc3d24a5c,NET.4.M4,NET.4.M4 DHCP‑poliitikad ja skoopide hügieen,"Vastutaja:  IT-juht 
 Elutsükli etapp:  Käitamine 
   
 a. Kriitilistes võrgusegmentides on keelatud ""unknown-clients"" teenindamine. IP konfiguratsioone jagatakse ainult reservatsioonidega (MAC-põhiselt) või 802.1X (NAC) abil lubatud seadmetele. 
 b. Seadistuse kehtivusaeg (ingl  Lease Time ) on vähendatud vähemalt 4h peale. 
 c. Ebavajalikud protokollid ja skoobid on desaktiveeritud (nt bootp; tftp).",IT-juht,
7ad2e966b148a2a48a14fc1d680a3b45,NET.4,NET.4: Võrguühenduse automaatne seadistus,3.4,3.4 Kõrgmeetmed,3e758c201beb128e1dc70c659ba1a5a9,NET.4.M6,NET.4.M6 DHCP teenuse kõrgkäideldavus,"Vastutaja:  IT-juht 
 Elutsükli etapp:  Käitamine 
 Turvakomponent:  A 
   
 a. Kasutusel on  stateful failover  põhone DHCP teenus. 
 b. Regulaarselt on varundatud DHCP seadistused. 
 c. DHCP teenuse tõrkekindlust testitakse regulaarselt.",IT-juht,
537e0cd25fecc1635b17cd9c9a5c0d97,INF.7.1,INF.7.1: Hoone tehnosüsteemide haldus üldiselt,3.2,3.2 Põhimeetmed,d7d7a02f08768e4c6f0f910f720701cc,INF.7.1.M1,INF.7.1.M1 Tehnosüsteemide seisukorra hindamine hoone vastuvõtmisel,"Vastutaja:  Haldusjuht 
 Elutsükli etapp:  Käitamine 
   
 a. Uue või eksisteeriva hoone vastuvõtmisel hinnatakse hoonesse paigaldatud tehnosüsteemide seisukorda, turvalisust ja jätkusuutlikkust. 
 c. Kaardistatakse tehnosüsteemide ja süsteemidokumentatsiooni seisukord, tuvastatud puudused likvideeritakse esimesel võimalusel. Suuremahuliste muudatuste (nt tehnosüsteemide väljavahetamise) teostamiseks koostatakse tegevuskava.",Haldusjuht,
537e0cd25fecc1635b17cd9c9a5c0d97,INF.7.1,INF.7.1: Hoone tehnosüsteemide haldus üldiselt,3.2,3.2 Põhimeetmed,0ce69c8cf5b4430f2a198d0ceb7a85db,INF.7.1.M2,INF.7.1.M2 Hoone tehnosüsteemide turvaline haldus,"Vastutaja:  Haldusjuht 
 Elutsükli etapp:  Kavandamine 
   
 a. Hoone tehnosüsteemide halduse ja hoolduse eest vastutajad ja nende tööülesanded on määratud ja dokumenteeritud. 
 c. Kui hoone tehnosüsteemide halduse protsessi on kaasatud väline partner (nt büroohoone omanik), on kõik partneri õigused, kohustused, ülesanded ja pädevused fikseeritud hanke- või rendilepingus. 
 d. Kõigi hoone tehnosüsteemide halduses osalejate vahel on kokku lepitud ja dokumenteeritud andmevahetus-, aruandlus- ja suhtluskanalid.",Haldusjuht,
537e0cd25fecc1635b17cd9c9a5c0d97,INF.7.1,INF.7.1: Hoone tehnosüsteemide haldus üldiselt,3.2,3.2 Põhimeetmed,c1b18fdcb22a3b4ea4a46770a2706608,INF.7.1.M3,INF.7.1.M3 Hoone tehnosüsteemide dokumentatsioon,"Vastutaja:  Haldusjuht 
 Elutsükli etapp:  Käitamine 
   
 b. On loodud hoone tehnosüsteemide teostusdokumentatsioon, mis sisaldab muuhulgas teavet järgmiste objektide kohta: 
 
 elektrikaabeldus, sh UPSid ja avariitoitegeneraatorid; 
 sidekaabeldus; 
 piksekaitsesüsteem; 
 kanalisatsioonisüsteem; 
 küttesüsteem; 
 ventilatsiooni- ja konditsioneerimissüsteemid; 
 tulekahjusignalisatsioon; 
 läbipääsusüsteemid; 
 liftisüsteemid; 
 valve- ja kaamerasüsteemid; 
 hooneautomaatika juhtsüsteemid. 
 
 c. Iga tehnosüsteemi kohta on dokumenteeritud järgmine teave, kui see on asjakohane: 
 
 tootja; 
 riistvara ja tarkvara teave (sh mudeli- ja versiooninumber); 
 seadmete soetamisaeg; 
 liidestused teiste tehno- või IT-süsteemidega; 
 juurdepääsu reeglid; 
 kontaktisikute andmed; 
 erinõuded (nt. käideldavusnõue 24/7). 
 
 d. Hoonete, hoonete tehnosüsteemide halduse ja konkreetsete tehnosüsteemide dokumentatsioon on ajakohane ja volitatud isikutele vajadusel kättesaadav.",Haldusjuht,
537e0cd25fecc1635b17cd9c9a5c0d97,INF.7.1,INF.7.1: Hoone tehnosüsteemide haldus üldiselt,3.3,3.3 Standardmeetmed,f7e5b3a7d1250774e1fc1c3e68dbb923,INF.7.1.M4,INF.7.1.M4 Hoone tehnosüsteemide turvanõuete kehtestamine,"Vastutaja:  Haldusjuht 
 Elutsükli etapp:  Kavandamine 
   
 b. IT komponente sisaldavate tehnosüsteemide turvanõuded käsitlevad järgmisi valdkondi: 
 
 tehnosüsteemide halduse kesksete tööriistade rakendamine; 
 protsesside automatiseerimine (sh testimise ja konfiguratsioonihalduse nõuded); 
 lubatavad tööriistad ja automatiseerimisvahendid; 
 pääsuhaldus; 
 andmeside turve; 
 eeliskontode ja -õiguste kasutamine; 
 logimine ja seire. 
 
 c. Hoonete tehnosüsteemide turvanõuded fikseeritakse kirjalikult ja ajakohastatakse vajadusel.",Haldusjuht,
537e0cd25fecc1635b17cd9c9a5c0d97,INF.7.1,INF.7.1: Hoone tehnosüsteemide haldus üldiselt,3.3,3.3 Standardmeetmed,09ec4c92313e8e8f7dd78c0410c7e83c,INF.7.1.M7,INF.7.1.M7 Kasutatavate raadiosageduste loend,"Vastutaja:  Haldusjuht 
 Elutsükli etapp:  Käitamine 
   
 a. Kõik traadita andmesidet (sh WLAN,  Bluetooth  ja mobiilne andmeside) kasutavad tehnosüsteemid on organisatsiooni erinevate asukohtade lõikes kaardistatud. 
 b. Traadita andmeside kasutamine on IT-talituse ja käidutehnoloogia talitusega kooskõlastatud. Kasutatavates raadiosagedustes ei teki seadmevahelisi konflikte.",Haldusjuht,
537e0cd25fecc1635b17cd9c9a5c0d97,INF.7.1,INF.7.1: Hoone tehnosüsteemide haldus üldiselt,3.3,3.3 Standardmeetmed,85dbddc6969f8c317cdedec990b69600,INF.7.1.M8,INF.7.1.M8 Hoone tehnosüsteemide hooldusregister,"Vastutaja:  Haldusjuht 
 Elutsükli etapp:  Käitamine 
   
 a. Hoone tehnosüsteemide regulaarset hooldust vajavad objektid on kaardistatud ja kantud hoone tehnosüsteemide hooldusregistrisse. 
 b. Iga objekti kohta on kirjeldatud vähemalt: 
 
 tootja andmed; 
 riistvara ja tarkvara andmed; 
 andmevahetusliidesed; 
 juurdepääsu reguleerimine; 
 korralised hooldused ja hooldusvälbad; 
 vastutajate ja tehnilise toe kontaktandmed.",Haldusjuht,
537e0cd25fecc1635b17cd9c9a5c0d97,INF.7.1,INF.7.1: Hoone tehnosüsteemide haldus üldiselt,3.3,3.3 Standardmeetmed,0bbc54e3d38539e37b325fdaa3d541e3,INF.7.1.M9,INF.7.1.M9 CAFM tarkvara kasutamise kord,"Vastutaja:  Haldusjuht 
 Elutsükli etapp:  Käitamine 
   
 a. Arvutiga juhitavat hoone tehnosüsteemi ( Computer Aided Facilities Management , CAFM) kasutatakse ainult tarkvara kasutusjuhendis kirjeldatud tingimustel. 
 b. CAFM tarkvara pääsuõigused on üksnes volitatud isikutel.",Haldusjuht,
537e0cd25fecc1635b17cd9c9a5c0d97,INF.7.1,INF.7.1: Hoone tehnosüsteemide haldus üldiselt,3.3,3.3 Standardmeetmed,58c57adc85051ec8864a801cc899daeb,INF.7.1.M10,INF.7.1.M10 Hooneteabe digitaalse modelleerimise tarkvara  turvaline haldus,"Vastutaja:  Haldusjuht 
 Elutsükli etapp:  Kavandamine 
   
 a. Hooneteabe digitaalseks modelleerimise tarkvara (ingl  Building Information Modeling , BIM) rakendamisel on järgitud BIM koostamisnõuded (ingl  BIM Execution Plan ). 
 b. BIM koostamisnõuded sisaldab vähemalt järgmist: 
 
 kasutatava BIM tarkvara kirjeldus; 
 seonduvad rollid ja kasutajad, kasutajate kohustused; 
 BIM integreerimine teiste süsteemidega (nt CAFM-ga); 
 BIM tehnilised spetsifikatsioonid (nt tarkvara failivormingud). 
 
 d. Tundlik BIM teave (nt sissetungituvastussüsteemi andmed) on juurdepääsetav ainult selleks volitatud töötajatele.",Haldusjuht,
537e0cd25fecc1635b17cd9c9a5c0d97,INF.7.1,INF.7.1: Hoone tehnosüsteemide haldus üldiselt,3.3,3.3 Standardmeetmed,5eaf3b287375811878adf23448119541,INF.7.1.M11,INF.7.1.M11 Hoone tehnosüsteemide IT-komponentide turbe tugevdamine,"Vastutaja:  Haldusjuht 
 Elutsükli etapp:  Käitamine 
   
 b. Hoone tehnosüsteemide IT-komponentide turbe tugevdamine (ingl hardening) hõlmab vähemalt järgnevat: 
 
 tootja infoturbe nõuete ja soovituste järgimine; 
 paroolide turvaline haldus; 
 turvaliste protokollide kasutamine; 
 tarbetute protokollide, liideste ja teenuste desaktiveerimine; 
 turvauuendite paigaldamine. 
 
 c. Hoone tehnosüsteemi rakendamisel kasutatakse tootja toega IT-komponente. 
 d. Teadaolevate turvanõrkustega IT-komponendid eemaldatakse kasutuselt kehtestatud riskipõhise tähtaja jooksul. Kuni eemaldamiseni rakendatakse kompenseerivaid meetmeid, sh võrgu segmentimine. 
 e. Hoone tehnosüsteemide IT-komponentide turvameetmete toimimist kontrollitakse regulaarselt. Vajadusel muudetakse olemasolevaid või lisatakse juurde uusi infoturbe meetmeid.",Haldusjuht,
537e0cd25fecc1635b17cd9c9a5c0d97,INF.7.1,INF.7.1: Hoone tehnosüsteemide haldus üldiselt,3.3,3.3 Standardmeetmed,6bda484b4d1a811c6889c801ec251ac3,INF.7.1.M12,INF.7.1.M12 Hoone tehnosüsteemi haldusrakenduse turvaline konfigureerimine,"Vastutaja:  Haldusjuht 
 Elutsükli etapp:  Käitamine 
   
 b. Hoone tehnosüsteemi haldusrakenduse konfiguratsioon ja selle muudatused testitakse võimalusel enne selle käidukeskkonda paigaldamist ja kasutuselevõttu. Kasutuselevõtt toimub kooskõlastuse alusel. 
 c. Hoone tehnosüsteemide haldusrakenduse konfiguratsioon on vajadusel ja võimalusel varundatud. Vajadusel on võimalik taastada rakenduse viimasele muudatusele eelnev konfiguratsioon. 
 d. Konfiguratsiooni taastamist on testitud kas testsüsteemis või süsteemiuuendite paigaldamiseks võimaldatud hooldusaegade raames. 
 e. Hoone tehnosüsteemide haldusrakenduse tarkvarauuendid ja konfiguratsioonimuudatused rakendatakse hallatult ja kontrollitult kõigile asjakohastele sama tüüpi rakendustele. 
 f. Eelseisvast konfiguratsioonimuudatustest teavitatakse kõiki asjaosalisi (nt tõrkeotsingu ja kasutajatoe töötajaid), eriti kui hoone tehnosüsteemide halduse rakenduse konfiguratsiooni muudatus puudutab juurdepääsumehhanisme või andmevahetusparameetreid. 
 g. Võimaliku rikke korral on haldajal võimalik rakenduse konfiguratsiooni muuta ja rakendus taaskäivitada.",Haldusjuht,
537e0cd25fecc1635b17cd9c9a5c0d97,INF.7.1,INF.7.1: Hoone tehnosüsteemide haldus üldiselt,3.3,3.3 Standardmeetmed,b3b3c9eda049bc3d4e84198c2bade219,INF.7.1.M14,INF.7.1.M14 Hoone tehnosüsteemi halduse erivolituste haldus,"Vastutaja:  Haldusjuht 
 Elutsükli etapp:  Kavandamine 
   
 c. Hoone tehnosüsteemi komponentide tootjate ja väliste hoolduspartnerite juurdepääs on võimalikult piiratud (võimalusel lubatud ainult lugemisõigusega juurdepääs). 
 d. Rakenduse tehnilised kasutajakontod (nt seadmetevaheliseks andmevahetuseks) on dokumenteeritud. Tarbetud tehnilised kasutajad on desaktiveeritud.",Haldusjuht,
537e0cd25fecc1635b17cd9c9a5c0d97,INF.7.1,INF.7.1: Hoone tehnosüsteemide haldus üldiselt,3.3,3.3 Standardmeetmed,6ebb006cde8931f914aba0d2375f5dc5,INF.7.1.M15,INF.7.1.M15 Hoonete tehnosüsteemide halduse süsteemi kaitse kahjurvara eest,"Vastutaja:  Haldusjuht 
 Elutsükli etapp:  Käitamine 
   
 b. Kui tehnosüsteemide haldusega seotud IT-süsteemides ei rakendada kahjurvaratõrje rakendust, kasutatakse sobivaid alternatiivseid kaitsemeetmeid (nt regulaarne varundus ja juurdepääsu piiramine). 
 c. Enne välise andmekandja ühendamist hoonete tehnosüsteemide halduse süsteemi komponendiga kontrollitakse andmekandjat kahjurvara suhtes.",Haldusjuht,
537e0cd25fecc1635b17cd9c9a5c0d97,INF.7.1,INF.7.1: Hoone tehnosüsteemide haldus üldiselt,3.3,3.3 Standardmeetmed,d68bebc0d7906624c0043e91079acbb4,INF.7.1.M16,INF.7.1.M16 Hoone tehnosüsteemide muudatuste halduse kord,"Vastutaja:  Haldusjuht 
 Elutsükli etapp:  Käitamine 
   
 a. Hoone tehnosüsteemi kavandatav muudatus arvestab kõigi asjaosaliste huve ja on kõigi osapooltega (sh välised hooldus- ja andmevahetuspartnerid) piisavalt aegsasti kooskõlastatud. 
 b. On koostatud juhend juhuks, kui ebaõnnestunult läbiviidud muudatust ei ole võimalik tagasi pöörata või kui endise olukorra taastamine on tehtav ainult suurte jõupingutustega.",Haldusjuht,
537e0cd25fecc1635b17cd9c9a5c0d97,INF.7.1,INF.7.1: Hoone tehnosüsteemide haldus üldiselt,3.3,3.3 Standardmeetmed,e7cc2620b252b237244fdcd0ffb3585c,INF.7.1.M19,INF.7.1.M19 Hoone tehnosüsteemide halduse seire,"Vastutaja:  Haldusjuht 
 Elutsükli etapp:  Käitamine 
   
 a. On määratud, millised hoonete tehnosüsteemide halduse süsteemi komponendid on võimalik kaasata ühtsesse seiresüsteemi ja milliseid näitajaid seire käigus jälgitakse. 
 b. Seire alla kuuluvate süsteemide ja vaadeldavate näitajate asjakohasust ja piisavust hinnatakse regulaarselt. 
 c. Olekuteateid ja muid seireandmeid edastatakse turvaliste sidekanalite kaudu.",Haldusjuht,
537e0cd25fecc1635b17cd9c9a5c0d97,INF.7.1,INF.7.1: Hoone tehnosüsteemide haldus üldiselt,3.3,3.3 Standardmeetmed,5386fce3d775e45dfbe06265d101812e,INF.7.1.M20,INF.7.1.M20 Hoone tehnosüsteemide intsidentide käsitlemine,"Vastutaja:  Haldusjuht 
 Elutsükli etapp:  Käitamine 
   
 a. Hoone tehnosüsteemide intsidendid klassifitseeritakse sündmuse kaalukuse (sh võimaliku mõju) järgi. 
 b. Hoone tehnosüsteemide intsidentide klassifitseerimiseks on kehtestatud mõõdikute lävendväärtused. 
 c. Olenevalt intsidendi kaalukusest on määratud teavitusteed ja lepitud kokku sündmustele reageerimise kord.",Haldusjuht,
537e0cd25fecc1635b17cd9c9a5c0d97,INF.7.1,INF.7.1: Hoone tehnosüsteemide haldus üldiselt,3.3,3.3 Standardmeetmed,ccb2cf85cc926fc939456f23a2fb703a,INF.7.1.M21,INF.7.1.M21 Hoone tehnosüsteemi turvasündmuste logimine,"Vastutaja:  Haldusjuht 
 Elutsükli etapp:  Käitamine 
   
 a. Hoone tehnosüsteemi turvasündmused, sh kõik eeliskontoga sisselogimised ja süsteemi komponentide konfiguratsioonimuudatused, logitakse. 
 c. Hoone tehnosüsteemi turvasündmuste logiandmed talletatakse keskses logiserveris. 
 d. Logiandmeid edastatakse turvaliste sidekanalite kaudu. 
 e. Turvakriitilistest sündmustest teavitatakse vastutavaid haldureid automaatselt.",Haldusjuht,
537e0cd25fecc1635b17cd9c9a5c0d97,INF.7.1,INF.7.1: Hoone tehnosüsteemide haldus üldiselt,3.3,3.3 Standardmeetmed,cf92ca52480286ff782b017d11a5fd09,INF.7.1.M22,INF.7.1.M22 Hoone tehnosüsteemide turvatestimine,"Vastutaja:  Haldusjuht 
 Elutsükli etapp:  Käitamine 
   
 a. Hoone tehnosüsteemide turvatestimist tehakse vähemalt enne süsteemi kasutuselevõttu ning pärast oluliste süsteemimuudatuste jõustamist. 
 b. Hoone tehnosüsteemis testitakse vähemalt järgnevate infoturbe nõuete täidetust: 
 
 kasutajakontode nõutud paroolikeerukuse järgimist; 
 vaikeparooli vahetamist süsteemi kasutuselevõtul; 
 võrguprotokollide ja -tehnoloogiate turvalisust; 
 krüpteerimise rakendamist (kus krüpteerimine on võimalik ja vajalik). 
 
 c. Testimise tulemused dokumenteeritakse.",Haldusjuht,
537e0cd25fecc1635b17cd9c9a5c0d97,INF.7.1,INF.7.1: Hoone tehnosüsteemide haldus üldiselt,3.3,3.3 Standardmeetmed,104951c6b87401ca5235939ae371d8e4,INF.7.1.M23,INF.7.1.M23 Hoone tehnosüsteemi komponentide turvanõrkuste ja -uuendite teabe seire,"Vastutaja:  Haldusjuht 
 Elutsükli etapp:  Käitamine 
   
 a. Tehnosüsteemide haldurid jälgivad regulaarselt teavet hoonetehnosüsteemide komponentide teadaolevate nõrkuste ning riist- ja tarkvara turvauuendite väljalaske kohta. 
 b. Hoone tehnosüsteemi komponendid on seadistatud viisil, mis vähendab teadaolevate nõrkuste ärakasutamise võimalust ja piirab võimaliku intsidenti mõju.",Haldusjuht,
537e0cd25fecc1635b17cd9c9a5c0d97,INF.7.1,INF.7.1: Hoone tehnosüsteemide haldus üldiselt,3.3,3.3 Standardmeetmed,50ea2410f5461481d6224dc214bd01d0,INF.7.1.M24,INF.7.1.M24 Hoone tehnosüsteemi andmete turvaline pilvtöötlus,"Vastutaja:  Haldusjuht 
 Elutsükli etapp:  Käitamine 
   
 b. Pilvekorralduse mudeli ja teenuseandja valimisel on arvestatud organisatsiooni kehtivaid turvanõudeid ja regulatsioone. 
 c. Organisatsioonil on lepinguline ja tehniline kontroll tehnosüsteemide andmete kasutuse, juurdepääsu ja väljavõtmise üle. 
 d. Teenusega seotud turvaaspektid on määratletud teenuseandjaga sõlmitud lepingus.",Haldusjuht,
537e0cd25fecc1635b17cd9c9a5c0d97,INF.7.1,INF.7.1: Hoone tehnosüsteemide haldus üldiselt,3.3,3.3 Standardmeetmed,bfcd2853994cea7556aa5d7de7bcafd2,INF.7.1.M28,INF.7.1.M28 Tehisintellekti turvaline kasutamine hoone tehnosüsteemide halduses,"Vastutaja:  Haldusjuht 
 Elutsükli etapp:  Kavandamine 
 Turvakomponent:  C; I; A 
   
 a. Tehisintellekti (ingl  artificial intelligence , AI) kasutavad komponendid, nende funktsionaalsus ja toimepõhimõtted on dokumenteeritud. 
 b. Hoone tehnosüsteemide halduses kasutatakse ainult tõestatult turvalisi AI-mudeleid, nt on läbi viidud AI juhitavate funktsioonide testimine suurendatud koormuste ning vigaste sisendparameetritega. 
 c. Enne AI kasutuselevõttu on veendutud, et organisatsiooni andmeid ei töötle volitamata osapooled (nt kas andmeid ei saadeta analüüsiks välise teenuseandja serverisse). 
 d. Suurte keelemudelite (ingl Large Language Model, LLM) kasutamisel järgitakse kehtivaid regulatsioone.",Haldusjuht,
537e0cd25fecc1635b17cd9c9a5c0d97,INF.7.1,INF.7.1: Hoone tehnosüsteemide haldus üldiselt,3.4,3.4 Kõrgmeetmed,04a1902392ec04f23dec25635df08f5d,INF.7.1.M25,INF.7.1.M25 Hoone tehnosüsteemide testimine testkeskkonnas,"Vastutaja:  Haldusjuht 
 Elutsükli etapp:  Kavandamine 
 Turvakomponent:  C; I; A 
   
 a. Hoone tehnosüsteeme testitakse testkeskkonnas enne nende käidukeskkonnas (ingl  operational environment ) kasutuselevõttu. 
 b. Testkeskkonna puudumisel on välja töötatud protseduurid käidukeskkonda lisatud riist- ja tarkvara tõrgete ja vigade tõhusaks käsitlemiseks ja muudatusele eelneva olukorra kiireks taasteks. 
 c. Süsteemi turvanõrkuste avastamiseks viiakse läbi turvakontrolle- ja skaneerimisi. Hoonete tehnosüsteemide halduse süsteemide turvaskaneerimisel tootmiskeskkonnas on arvestatud võimalike kaasnevate tehniliste tõrgetega (nt teavitatakse testi läbiviimisest töötajaid ette).",Haldusjuht,
537e0cd25fecc1635b17cd9c9a5c0d97,INF.7.1,INF.7.1: Hoone tehnosüsteemide haldus üldiselt,3.4,3.4 Kõrgmeetmed,24cd7d77287d64d70fd659c7cd441b75,INF.7.1.M26,INF.7.1.M26 Hooneteabe digitaalse modelleerimise tarkvara  valideerimine,"Vastutaja:  Haldusjuht 
 Elutsükli etapp:  Kavandamine 
 Turvakomponent:  C; I; A 
   
 a. Kui hooneteabe digitaalse modelleerimise tarkvara (ingl  Building Information Modeling , BIM) sisaldab turvalisuse seisukohast olulist teavet, on BIM arhitektuurile, BIM juurutamisele ja käitamisele kehtestatud täiendavad turvameetmed. 
 b. Täiendavad BIM turvameetmed võivad sisaldada järgnevat: 
 
 üksikasjalikumaid rollideks jagamise ja volitamise reegleid; 
 turvalisi autentimismeetodeid (nt mitmikautentimine); 
 andmete krüpteerimist; 
 võrgu segmentimist; 
 BIM sündmuste detailset logimist.",Haldusjuht,
537e0cd25fecc1635b17cd9c9a5c0d97,INF.7.1,INF.7.1: Hoone tehnosüsteemide haldus üldiselt,3.4,3.4 Kõrgmeetmed,72c99ca5d405782853dda5bda2f8091c,INF.7.1.M27,INF.7.1.M27 Hoone tehnosüsteemi andmete turvaline pilvmajutus,"Vastutaja:  Haldusjuht 
 Elutsükli etapp:  Käitamine 
 Turvakomponent:  C; I; A 
   
 a. Kui hoone tehnosüsteemide halduse süsteemi andmeid töödeldakse pilves, kasutatakse riskihinnangu ja turvanõuete alusel valitud pilvelahendust, mis tagab nõutava turbetaseme. 
 d. Vajadusel on võimalik teenuseandjat vahetada, vastav protseduur on kirjeldatud pilvteenuse tarnijaga sõlmitud lepingus.",Haldusjuht,
537e0cd25fecc1635b17cd9c9a5c0d97,INF.7.1,INF.7.1: Hoone tehnosüsteemide haldus üldiselt,3.4,3.4 Kõrgmeetmed,00241d044efe7324d3abbcf89098b9ed,INF.7.1.M29,INF.7.1.M29 Hoone tehnosüsteemide integreerimine SIEM lahendusega,"Vastutaja:  Haldusjuht 
 Elutsükli etapp:  Käitamine 
 Turvakomponent:  C; I; A 
   
 a. Turvateabe ja -sündmuste halduse (ingl  security information and event management , SIEM) lahenduse olemasolul on hoonete tehnosüsteemide halduse süsteemi sündmused kaasatud SIEM lahendusse. 
 b. Tehnosüsteemide sündmusi analüüsitakse reaalajas koos teiste IT-süsteemide sündmuste ja logiandmetega.",Haldusjuht,
537e0cd25fecc1635b17cd9c9a5c0d97,INF.7.1,INF.7.1: Hoone tehnosüsteemide haldus üldiselt,3.4,3.4 Kõrgmeetmed,a3cf572dee340d9dcf1d3d9092969f1c,INF.7.1.M30,INF.7.1.M30 Hoone tehnosüsteemide läbistustestimine,"Vastutaja:  Haldusjuht 
 Elutsükli etapp:  Käitamine 
 Turvakomponent:  C; I; A 
   
 b. Hoone tehnosüsteemide läbistustestimisi tehakse testkeskkonnas enne tehnosüsteemi kasutuselevõttu ning täiendavalt pärast oluliste süsteemimuudatuste teostamist. 
 c. Käidukeskkonnas tehakse tehnosüsteemide läbistustestimist ainult äärmisel vajadusel, testikava kooskõlastatakse kõigi mõjutatud osapooltega. 
 d. Läbistustestimise raames testitakse ka hoonete tehnosüsteemide halduse süsteemi AI funktsioone (eesmärgiga panna andmeid manipuleerides AI vääraid otsuseid tegema).",Haldusjuht,
1cb863649dea1dd626513248ed1bd7af,NET.1.1,NET.1.1: Võrguhaldus üldiselt,3.2,3.2 Põhimeetmed,f8a3e75c24b40e67adba7799326d3f47,NET.1.1.M1,NET.1.1.M1 Võrguhalduse kavandamine,"Vastutaja:  IT-juht 
 Elutsükli etapp:  Kavandamine 
   
 a. Võrguhalduse kavandamisel lähtutakse ärivajadustest, võrguhalduse tööülesannetest ja tööülesannete täitmiseks vajalikest pääsuõigustest. 
 b. Võrguhalduse kavandamisel käsitletakse vähemalt järgmisi teemasid: 
 
 võrgu arhitektuur ja segmentimine; 
 võrguhalduseks eraldatud võrgualad; 
 juurdepääs võrguhaldussüsteemidele; 
 kasutatavad andmesideprotokollid; 
 liidesed sündmuste ja alarmiteadete edastamiseks; 
 turvasündmuste logimine; 
 kvaliteedinõuded ja aruandlus;",IT-juht,
1cb863649dea1dd626513248ed1bd7af,NET.1.1,NET.1.1: Võrguhaldus üldiselt,3.2,3.2 Põhimeetmed,5200e1c5ca6134c65da19c4792ca49a6,NET.1.1.M10,NET.1.1.M10 Võrguhalduse protokolli turve,"Vastutaja:  IT-juht 
 Elutsükli etapp:  Käitamine 
   
 a. Kasutatakse ainult võrguhaldusprotokolli (ingl  Simple Network Management Protocol , SNMP) turvalist versiooni. 
 c. Võrgukomponendile on juurdepääs SNMP kaudu üksnes lubatud haldusserveritelt.",IT-juht,
1cb863649dea1dd626513248ed1bd7af,NET.1.1,NET.1.1: Võrguhaldus üldiselt,3.2,3.2 Põhimeetmed,6aced68b6738c4e3a9dc21229054e4ea,NET.1.1.M11,NET.1.1.M11 Võrguhalduse juhend,"Vastutaja:  IT-juht 
 Elutsükli etapp:  Käitamine 
   
 a. Võrguhalduseks on koostatud kirjalik juhend, mida ajakohastatakse regulaarselt. 
 b. Võrguhalduse juhendis on määratud vähemalt: 
 
 kasutatavad võrguteenused ja võrguhaldusvahendid; 
 võrguhalduse tegevused, sealhulgas keskselt teostatavad ja automatiseeritud toimingud; 
 logimise, andmeside ja juurdepääsu reguleerimise turbe meetmed.",IT-juht,
1cb863649dea1dd626513248ed1bd7af,NET.1.1,NET.1.1: Võrguhaldus üldiselt,3.3,3.3 Standardmeetmed,d6c95ea2530f6db60152dfc96bcd8755,NET.1.1.M2,NET.1.1.M2 Arvutivõrgu nõuete spetsifitseerimine,"Vastutaja:  IT-juht 
 Elutsükli etapp:  Kavandamine 
   
 a. Nõuded arvutivõrgule dokumenteeritakse. 
 b. Arvutivõrgu dokumentatsioon sisaldab vähemalt: 
 
 võrgu loogilist ülesehitust esitavat võrguskeemi koos kaabelduse ja seadmete füüsilise paikemise kirjeldustega; 
 alamvõrkude, tsoonide ja segmentide kirjeldust; 
 võrgu tehnilisi parameetreid ja arvestusliku läbilaskevõime kirjeldust; 
 tehnilisi nõudeid võrgukomponentidele. 
 
 c. Infoturvapoliitika ja võrguhalduse korra vahelised lahknevused kooskõlastatakse infoturbejuhiga.",IT-juht,
1cb863649dea1dd626513248ed1bd7af,NET.1.1,NET.1.1: Võrguhaldus üldiselt,3.3,3.3 Standardmeetmed,e003dcf94da0af84b9a238a7abde125a,NET.1.1.M3,NET.1.1.M3 Võrgu arhitektuuri dokumentatsioon,"Vastutaja:  IT-juht 
 Elutsükli etapp:  Käitamine 
   
 a. Võrguarhitektuuri dokumentatsioonis on esitatud kõik olulised võrgu komponendid, sealhulgas: 
 
 sisevõrgu tsoonid ja segmendid; 
 võrgukomponendid sh laivõrgu- ja raadiovõrgu komponendid; 
 turvaseadmete (tulemüürid, sissetungituvastuse ja sissetungitõrje süsteemid) asukohad ja turvafunktsioonid; 
 spetsiifiliste IT-süsteemide võrguühenduste nõuded; 
 virtualiseeritud hostide arhitektuur (ingl  Network Virtualization Overlay , NVO); 
 ühendused privaatpilvega; 
 ühendused pilvteenustega; 
 IT-taristu halduse ja seire jaoks kasutatavate komponentide arhitektuur. 
 
 b. Arhitektuuri dokumentatsioon hoitakse ajakohasena.",IT-juht,
1cb863649dea1dd626513248ed1bd7af,NET.1.1,NET.1.1: Võrguhaldus üldiselt,3.3,3.3 Standardmeetmed,3240085b952633619ca338fba7a21838,NET.1.1.M4,NET.1.1.M4 Võrgu segmentimine,"Vastutaja:  IT-juht 
 Elutsükli etapp:  Käitamine 
   
 a. Erineva kaitsetarbega IT-süsteemid paiknevad erineva turvatasemega võrgusegmentides. 
 b. Kui ühte võrgusegmenti paigutatakse mitu IT-süsteemi, lähtutakse segmendi turbetaseme määramisel suurima kaitsetarbega IT-süsteemist. 
 d. Võrgusegmente ja -tsoone ei sillata.",IT-juht,
1cb863649dea1dd626513248ed1bd7af,NET.1.1,NET.1.1: Võrguhaldus üldiselt,3.3,3.3 Standardmeetmed,b9da78eb08af4ceacb1656ab28c004a0,NET.1.1.M12,NET.1.1.M12 Võrguhalduse dokumenteerimine,"Vastutaja:  IT-juht 
 Elutsükli etapp:  Kavandamine 
   
 a. Võrguhalduse dokumentatsioonis on kirjeldatud vähemalt: 
 
 hallatavad võrgukomponendid; 
 kasutatavad võrguhaldusvahendid; 
 võrguhaldusega seotud andmebaasid ja haldusandmed; 
 liidesed väliste rakenduste ja teenustega. 
 regulaarselt teostatavad haldus- ja kontrolltoimingud; 
 kontrollküsimused ja -loetelud toimingute läbiviimiseks. 
 
 b. Võrguhalduse dokumentatsioon on kooskõlas võrgutaristu dokumentatsiooniga. 
 c. Võrguhalduse dokumentatsioon on täielik ja ajakohane.",IT-juht,
1cb863649dea1dd626513248ed1bd7af,NET.1.1,NET.1.1: Võrguhaldus üldiselt,3.3,3.3 Standardmeetmed,c49abcce69cac7a51cc34fcc1d066465,NET.1.1.M13,NET.1.1.M13 Võrguhalduse põhimõtted,"Vastutaja:  IT-juht 
 Elutsükli etapp:  Kavandamine 
   
 a. Organisatsioon on dokumenteerinud võrguhalduse põhimõtted, mis käsitlevad lisaks võrguhalduse juhendis kirjeldatule: 
 
 võrguhalduse meetodid ja kasutatavad tehnoloogiad; 
 võrguhalduse juurdepääsu- ja andmeside turbe põhimõtted; 
 võrgu segmentimise põhimõtted; 
 võrguhalduse komponentide paigutuse turvatsoonides; 
 võrgukomponentide seire ja tegevuste logimine; 
 sündmustest teavitamise korraldus; 
 võrguhalduse automatiseerimise põhimõtted; 
 tõrgetest ja turvaintsidentidest teatamise kord; 
 võrguhalduse talitluspidevuse põhimõtted.",IT-juht,
1cb863649dea1dd626513248ed1bd7af,NET.1.1,NET.1.1: Võrguhaldus üldiselt,3.3,3.3 Standardmeetmed,79a4cfc4b6e5629ca8c9607c981cffca,NET.1.1.M17,NET.1.1.M17 Haldusvõrkude eraldamine,"Vastutaja:  IT-juht 
 Elutsükli etapp:  Käitamine 
   
 a. Võrgutaristu halduseks kasutatakse üldisest andmesidest eraldatud sidekanalit (ingl  out-of-band management ). 
 b. Võrgutaristu halduseks kasutatavad tööjaamad on paigutatud eraldi võrgusegmenti. 
 c. Haldustööjaamade ja hallatavate süsteemide vaheline side on kaitstud võrgutaseme filtreerimisega (nt dünaamiline paketifilter või tulemüür). 
 d. Haldusvõrgu segmentidest väljuvat ja nendesse sisenevat andmeliiklust on võrguhaldusmeetmetega piiratud ainult vajalike sihtkohtadeni. 
 e. Haldusvõrgud hõlmavad vähemalt järgmisi võrgusegmente: 
 
 haldusside autentimisega tegelevate IT-süsteemide segment; 
 segment IT-süsteemide halduseks; 
 võrguseire segment; 
 keskse logimise segment. 
 
 f. IT-süsteemide haldusliideseid ei kasutata võrgusegmentide ühendamiseks ega võrgusildade loomiseks (ingl  bridging ).",IT-juht,
1cb863649dea1dd626513248ed1bd7af,NET.1.1,NET.1.1: Võrguhaldus üldiselt,3.3,3.3 Standardmeetmed,056f8c78d94292a0684e26b35856f4c8,NET.1.1.M18,NET.1.1.M18 Võrguhalduse koolitus,"Vastutaja:  IT-juht 
 Elutsükli etapp:  Käitamine 
   
 a. Võrguhalduse koolitusprogramm sisaldab: 
 
 konfiguratsiooni haldust (ingl  Configuration Management ); 
 suutvuse haldust (ingl  Capacity Management ). 
 juhiseid tüüpiliste tõrgete ning turvaintsidentide käsitlemiseks. 
 
 b. Kõik võrguhaldurid on läbinud konkreetse võrguhalduslahenduse iseärasusi arvestava koolitusprogrammi. 
 c. Võrguhalduse koolitust korratakse pärast võrguhalduslahendustes oluliste tehniliste või korralduslike muudatuste tegemist.",IT-juht,
1cb863649dea1dd626513248ed1bd7af,NET.1.1,NET.1.1: Võrguhaldus üldiselt,3.3,3.3 Standardmeetmed,48afaac7ce1adfff049f90b419969da4,NET.1.1.M24,NET.1.1.M24 Võrgukomponentide keskne haldus,"Vastutaja:  IT-juht 
 Elutsükli etapp:  Käitamine 
   
 a. Võrgukomponentide tarkvara, püsivara (ingl  Firmware ) ja konfiguratsioonide paigaldamine ning ajakohastamine toimub keskselt hallatud lahenduse kaudu. 
 b. Võrgukomponentide konfiguratsioonid on dokumenteeritud ning volitatud töötajatele kontrollitud juurdepääsuga kättesaadavad. 
 c. Võrgukomponentide konfiguratsioonihaldus on kooskõlas versioonihalduse ja varunduse protsessidega.",IT-juht,
1cb863649dea1dd626513248ed1bd7af,NET.1.1,NET.1.1: Võrguhaldus üldiselt,3.3,3.3 Standardmeetmed,a7f0b74a2f48635a71ce84a1b5be657b,NET.1.1.M36,NET.1.1.M36 Liidestus turvateabe ja -sündmuste halduse lahendusega,"Vastutaja:  IT-juht 
 Elutsükli etapp:  Käitamine 
 Turvakomponent:  C; I; A 
   
 a. Kõikide võrgukomponentide sündmusteated jõuavad turvateabe ja -sündmuste halduse (ingl  Security Information and Event Management , SIEM) keskkonda.",IT-juht,
1cb863649dea1dd626513248ed1bd7af,NET.1.1,NET.1.1: Võrguhaldus üldiselt,3.4,3.4 Kõrgmeetmed,3db9b0462a43838ce28a327da61cd197,NET.1.1.M28,NET.1.1.M28 Haldustööjaamade turvaline paigutus ainukanaliga halduse puhul,"Vastutaja:  IT-juht 
 Elutsükli etapp:  Käitamine 
 Turvakomponent:  C; I 
   
 a. IT-süsteemide haldamiseks ainukanaliga (ingl  in-band ) haldusvõrgus on kasutusel spetsialiseeritud haldustööjaamad.",IT-juht,
1cb863649dea1dd626513248ed1bd7af,NET.1.1,NET.1.1: Võrguhaldus üldiselt,3.4,3.4 Kõrgmeetmed,bcc115c48d407958f8c6d44c4e4ad739,NET.1.1.M30,NET.1.1.M30 Halduslahenduse kõrgkäideldavus,"Vastutaja:  IT-juht 
 Elutsükli etapp:  Käitamine 
 Turvakomponent:  A 
   
 a. Kesksed halduslahendused ja neid toetavad võrgukomponendid on teostatud kõrgkäideldavalt. 
 b. On tagatud oluliste halduslahenduse komponentide liiasus (ingl  Redundancy ).",IT-juht,
1cb863649dea1dd626513248ed1bd7af,NET.1.1,NET.1.1: Võrguhaldus üldiselt,3.4,3.4 Kõrgmeetmed,b2a33211a66956dfb5789792cac172e9,NET.1.1.M32,NET.1.1.M32 Haldusvõrgu füüsiline eraldamine,"Vastutaja:  IT-juht 
 Elutsükli etapp:  Käitamine 
 Turvakomponent:  C; I; A 
   
 a. Haldusvõrk on muust sisevõrgust võrguseadmetega füüsiliselt eraldatud. 
 b. Haldusvõrk on jaotatud eraldi võrguseadmetega haldussegmentideks. 
 c. Kohtvõrgu komponente, turvakomponente ja välisühenduste komponente hallatakse erinevatest füüsiliselt eraldatud haldussegmentidest.",IT-juht,
1cb863649dea1dd626513248ed1bd7af,NET.1.1,NET.1.1: Võrguhaldus üldiselt,3.4,3.4 Kõrgmeetmed,72d8699f090187066e6a891ee907e468,NET.1.1.M34,NET.1.1.M34 Asitõendite turve,"Vastutaja:  IT-juht 
 Elutsükli etapp:  Käitamine 
 Turvakomponent:  C; I; A 
   
 a. IT-kriminalistika vajadusi arvestades on kehtestatud kord võrguhalduse logide ja muude tõendusmaterjalide õigusaktide nõuete kohaseks ning muutmiskindlaks arhiveerimiseks.",IT-juht,
d3f1c69a9abbe388bb362f2e745b5929,NET.1.2,NET.1.2: Kohtvõrk,3.2,3.2 Põhimeetmed,60c1dff48ca8a7afaad91979cebb39e7,NET.1.2.M3,NET.1.2.M3 Kohtvõrgu tehniliste nõuete spetsifitseerimine,"Vastutaja:  IT-juht 
 Elutsükli etapp:  Kavandamine 
   
 a. Kohtvõrgule esitatavad tehnilised nõuded on kooskõlas organisatsiooni arvutivõrgu nõuete spetsifikatsiooniga. 
 b. Kohtvõrgu tehniliste nõuete spetsifikatsiooni sisaldab vähemalt järgmist aspekte: 
 
 kohtvõrgu arvestuslik läbilaskevõime ka käideldavus; 
 laiendatavus vähemalt järgmise 5 aasta vajadusi arvestades; 
 kohtvõrgu komponentide vastavust standarditele (nt IPv6, IEEE 802.x).",IT-juht,
d3f1c69a9abbe388bb362f2e745b5929,NET.1.2,NET.1.2: Kohtvõrk,3.2,3.2 Põhimeetmed,941017e64c007525afe5ae733851f6da,NET.1.2.M4,NET.1.2.M4 Kohtvõrgu tsoneerimine ja tsoonidevaheline andmeliiklus,"Vastutaja:  IT-juht 
 Elutsükli etapp:  Käitamine 
   
 a. Võrk on jagatud füüsiliselt eraldatud tsoonideks: 
 
 sisevõrk; 
 siirdevõrk (DMZ); 
 välisvõrk. 
 
 b. Tsoonidevahelised üleminekud on turvatud tulemüüridega (ingl  Firewall ), mis võimaldavad ainult lubatud andmeliiklust. 
 e. Siirdevõrgus ei ole muid seadmeid peale rakenduslüüside või turvaprokside.",IT-juht,
d3f1c69a9abbe388bb362f2e745b5929,NET.1.2,NET.1.2: Kohtvõrk,3.2,3.2 Põhimeetmed,d43132040d0421d2b441c08dd14b1a86,NET.1.2.M5,NET.1.2.M5 Funktsioonipõhine võrgu segmenteerimine ja võrgusegmentide vaheline andmeliiklus,"Vastutaja:  IT-juht 
 Elutsükli etapp:  Käitamine 
   
 a. Serverite teenuseid kasutavad funktsionaalüksused ja serverid paiknevad eraldi võrgusegmentides. 
 b. Andmeside võrgusegmentide vahel reguleeritakse paketifiltriga. 
 c. Erandid, mis nõuavad klient- ja serverkomponentide paigutamist ühisesse võrgusegmenti, on kooskõlastatud infoturbejuhiga ja dokumenteeritud. 
 d. Ühes sisevõrgu segmendis paiknevad ainult sarnase turbevajadusega ja -funktsionaalsusega lõppseadmed.",IT-juht,
d3f1c69a9abbe388bb362f2e745b5929,NET.1.2,NET.1.2: Kohtvõrk,3.2,3.2 Põhimeetmed,48f2a2fdd2bae67a216b9777f3423884,NET.1.2.M11,NET.1.2.M11 Kohtvõrku siseneva andmeliikluse turve,"Vastutaja:  IT-juht 
 Elutsükli etapp:  Kavandamine 
   
 a. Pääs välisvõrgust sisevõrku on võimalik ainult virtuaalse privaatvõrgu (ingl  Virtual Private Network , VPN) või samaväärset turvet tagava sidekanali vahendusel.",IT-juht,
d3f1c69a9abbe388bb362f2e745b5929,NET.1.2,NET.1.2: Kohtvõrk,3.2,3.2 Põhimeetmed,f996ea2d69f0574f6d142ab30069bf88,NET.1.2.M12,NET.1.2.M12 Kohtvõrgust väljuva andmeliikluse turve,"Vastutaja:  IT-juht 
 Elutsükli etapp:  Käitamine 
   
 a. Sisevõrgust Internetti suunatud andmeside läbib keskset tulemüüri.",IT-juht,
d3f1c69a9abbe388bb362f2e745b5929,NET.1.2,NET.1.2: Kohtvõrk,3.2,3.2 Põhimeetmed,b5436d935ab529b2588d47e960b75d12,NET.1.2.M13,NET.1.2.M13 Kohtvõrgu teostuskava,"Vastutaja:  IT-juht 
 Elutsükli etapp:  Kavandamine 
   
 a. Koostatakse võrgu teostuskava, mis põhineb võrgu turvanõuete spetsifikatsioonile. 
 b. Võrgu teostuskavas on arvestatud vähemalt: 
 
 ühendust Internetiga; 
 ühendusi muude võrkudega; 
 võrgutsoonide ja -segmentide topoloogiat; 
 võrgu- ja turvakomponentide dimensiooneerimist ja dubleerimist; 
 kasutatavaid protokolle ning nende konfiguratsiooni; 
 võrgusõlmede ja -seadmete füüsiliste asukohtadega; 
 andmesidekaabelduse tüübi ja -standarditega; 
 võrgu haldust ja seiret.",IT-juht,
d3f1c69a9abbe388bb362f2e745b5929,NET.1.2,NET.1.2: Kohtvõrk,3.2,3.2 Põhimeetmed,e3b775a69b49fe4bc9aac407a7755bd3,NET.1.2.M38,NET.1.2.M38 Tundliku teabe turve võrgus,"Vastutaja:  IT-juht 
 Elutsükli etapp:  Käitamine 
   
 a. Tundlikku teavet edastatakse vaid võrgusõlmede vahel krüpteeritud sidekanalis.",IT-juht,
d3f1c69a9abbe388bb362f2e745b5929,NET.1.2,NET.1.2: Kohtvõrk,3.2,3.2 Põhimeetmed,f3e50a539024baf247c0ff9908bfea88,NET.1.2.M39,NET.1.2.M39 Turvaline andmevahetus ebausaldusväärsete võrkudega,"Vastutaja:  IT-juht 
 Elutsükli etapp:  Käitamine 
   
 a. Iga võrgu jaoks, millega andmeid vahetatakse, on määratud usaldatavustase. 
 b. Ebausaldusväärset võrku käsitletakse usaldustaseme poolest samaväärsena Internetiga. 
 c. Andmeliikluse turvalisuse tagamiseks kasutatakse ajakohaseid võrguprotokolle ja tehnoloogiaid.",IT-juht,
d3f1c69a9abbe388bb362f2e745b5929,NET.1.2,NET.1.2: Kohtvõrk,3.2,3.2 Põhimeetmed,a1e965bd766c9cf8417a2e78ba92cd7d,NET.1.2.M40,NET.1.2.M40 Kohtvõrgu vastavuskontroll,"Vastutaja:  Infoturbejuht 
 Elutsükli etapp:  Käitamine 
   
 a. Kohtvõrgu vastavust võrgunõuete spetsifikatsioonile kontrollitakse regulaarselt. 
 b. On määratud võrgu vastavuskontrolli teostajad ja kriteeriumid, millest kontrollimisel lähtuda.",IT-juht,
d3f1c69a9abbe388bb362f2e745b5929,NET.1.2,NET.1.2: Kohtvõrk,3.3,3.3 Standardmeetmed,03f54e8bceb98e9723f8f715441e3b4b,NET.1.2.M17,NET.1.2.M17 Võrgulahenduse spetsifitseerimine,"Vastutaja:  IT-juht 
 Elutsükli etapp:  Kavandamine 
   
 a. Kohtvõrgu vastavust võrgunõuete spetsifikatsioonile kontrollitakse regulaarselt. 
 b. On määratud võrgu vastavuskontrolli teostajad ja kriteeriumid, millest kontrollimisel lähtuda.",IT-juht,
d3f1c69a9abbe388bb362f2e745b5929,NET.1.2,NET.1.2: Kohtvõrk,3.3,3.3 Standardmeetmed,b25269422295affac0cd6a9df3064283,NET.1.2.M18,NET.1.2.M18 Rakenduslüüsi kasutamine,"Vastutaja:  IT-juht 
 Elutsükli etapp:  Käitamine 
   
 a. Enamlevinumate võrguprotokollide puhul läbib andmeliiklus turvaproksi või rakenduslüüsi.",IT-juht,
d3f1c69a9abbe388bb362f2e745b5929,NET.1.2,NET.1.2: Kohtvõrk,3.3,3.3 Standardmeetmed,2b479b4e067da7bbe4a210eae2a7a36f,NET.1.2.M20,NET.1.2.M20 IP protokolli versioonipõhised alamvõrgud lõppseadmetele,"Vastutaja:  IT-juht 
 Elutsükli etapp:  Käitamine 
   
 a. Lõppseadmed on jagatud alamvõrkudesse vastavalt sellele, kas need kasutavad IPv4, IPv6 või mõlemat.",IT-juht,
d3f1c69a9abbe388bb362f2e745b5929,NET.1.2,NET.1.2: Kohtvõrk,3.3,3.3 Standardmeetmed,c7d68db2925f1359b1814aabe11211f7,NET.1.2.M24,NET.1.2.M24 Virtuaalsete kohtvõrkude kasutamine,"Vastutaja:  IT-juht 
 Elutsükli etapp:  Käitamine 
   
 b. Virtuaalsest kohtvõrgust pole võrgutsoonide sildamine lubatud. 
 c. Kõik VLAN-ide vahelised ühendused on suunatud läbi keskse tulemüüri.",IT-juht,
d3f1c69a9abbe388bb362f2e745b5929,NET.1.2,NET.1.2: Kohtvõrk,3.3,3.3 Standardmeetmed,351c3c25f800538f402eb147d4354d27,NET.1.2.M30,NET.1.2.M30 Hajusa ummistusründe tõrje,"Vastutaja:  IT-juht 
 Elutsükli etapp:  Käitamine 
 Turvakomponent:  A 
   
 a. Hajusate ummistusrünnete (ingl  Distributed Denial-of-Service , DDoS) mõju vähendamiseks rakendatakse võrgu ribalaiuse ja liikluse jaotamist eri teenuste, tarbijate või protokollide vahel. 
 b. Suuremahuliste teenusetõkestusrünnete leevendamiseks on vastava teenuse osutajalt tellitud ummistusründe tõrje teenus.",IT-juht,
d3f1c69a9abbe388bb362f2e745b5929,NET.1.2,NET.1.2: Kohtvõrk,3.3,3.3 Standardmeetmed,b30c33172567b0ade48cff662236f0b8,NET.1.2.M34,NET.1.2.M34 Võrgupõhised krüptograafilised vahendid,"Vastutaja:  IT-juht 
 Elutsükli etapp:  Käitamine 
 Turvakomponent:  C; I 
   
 b. Kui andmeid edastatakse sisevõrgus kanalite kaudu, mille turvalisus ei ole tagatud, krüpteeritakse andmeside.",IT-juht,
d3f1c69a9abbe388bb362f2e745b5929,NET.1.2,NET.1.2: Kohtvõrk,3.3,3.3 Standardmeetmed,f02bd9eac6832b8012434d3351756fd4,NET.1.2.M35,NET.1.2.M35 Võrgupõhise lekketõrje rakendamine,"Vastutaja:  Infoturbejuht 
 Elutsükli etapp:  Käitamine 
 Turvakomponent:  C; I 
   
 a. Andmelekke riski vähendamiseks kasutatakse võrgu tasemel andmelekketõrje (ingl  Data Leakage Prevention , DLP) Lahendusi.",IT-juht,
d3f1c69a9abbe388bb362f2e745b5929,NET.1.2,NET.1.2: Kohtvõrk,3.3,3.3 Standardmeetmed,d4c5f32d712bd5b8700ebc3704cd8437,NET.1.2.M41,NET.1.2.M41 Võrgu segmentimise dokumentatsioon,"Vastutaja:  IT-juht 
 Elutsükli etapp:  Kavandamine 
   
 b. Võrgu turvanõuete dokumentatsioon sisaldab võrgu segmentimise kohta vähemalt järgmist: 
 
 kavandatavate võrgusegmentide kirjeldused; 
 juhend lõppseadmete paigutamiseks võrgusegmentidesse; 
 lõppseadmete võrgupääsu reguleerimine; 
 segmentide võrgutehniline teostus.",IT-juht,
d3f1c69a9abbe388bb362f2e745b5929,NET.1.2,NET.1.2: Kohtvõrk,3.3,3.3 Standardmeetmed,03839ce7386afeb67d5d3aae1dafbaac,NET.1.2.M42,NET.1.2.M42 Kohtvõrgu käitusjuhend,"Vastutaja:  IT-juht 
 Elutsükli etapp:  Käitamine 
   
 a. Võrgu haldusprotseduurid on dokumenteeritud võrgu käitusjuhendis. 
 b. Võrgu käitusjuhendis arvestatakse IT-halduse korraldamisel võrgusegmentide ja võrgutsoonide erisustega.",IT-juht,
d3f1c69a9abbe388bb362f2e745b5929,NET.1.2,NET.1.2: Kohtvõrk,3.3,3.3 Standardmeetmed,b5f088b9c7636cf17bdb85767d192b1d,NET.1.2.M43,NET.1.2.M43 Kohtvõrgu arhitektuuri mõju talitluspidevusele,"Vastutaja:  IT-juht 
 Elutsükli etapp:  Kavandamine 
   
 a. Võrgu kavandamisel või oluliste arhitektuurimuudatuste kavandamisel hinnatakse võrgu arhitektuuri mõju IT-süsteemide talitluspidevuse tagamisele.",IT-juht,
d3f1c69a9abbe388bb362f2e745b5929,NET.1.2,NET.1.2: Kohtvõrk,3.4,3.4 Kõrgmeetmed,ff8ecaa806ae597c55ab859671baf1d6,NET.1.2.M28,NET.1.2.M28 Kõrgkäideldavad võrgu- ja turvakomponendid,"Vastutaja:  IT-juht 
 Elutsükli etapp:  Käitamine 
 Turvakomponent:  A 
   
 a. Sisevõrgu kriitilised võrgu- ja turvakomponendid on varustatud avarii-ümberlülituse (ingl  failover ) võimekusega.",IT-juht,
d3f1c69a9abbe388bb362f2e745b5929,NET.1.2,NET.1.2: Kohtvõrk,3.4,3.4 Kõrgmeetmed,2d8eeddbf95cb6452b2ccd4b5710a4a9,NET.1.2.M32,NET.1.2.M32 Haldusvõrgu segmentide füüsiline eraldamine,"Vastutaja:  IT-juht 
 Elutsükli etapp:  Käitamine 
 Turvakomponent:  C; I; A 
   
 a. Haldusvõrgu segmendid on põhivõrgust kommutaatoritega ja ruuteritega füüsiliselt eraldatud, üksnes loogiline eraldamine ei ole lubatud.",IT-juht,
d3f1c69a9abbe388bb362f2e745b5929,NET.1.2,NET.1.2: Kohtvõrk,3.4,3.4 Kõrgmeetmed,3b275d2427f092a682ce362da66fa268,NET.1.2.M44,NET.1.2.M44 Võrguühenduste kõrgkäideldav teostus,"Vastutaja:  IT-juht 
 Elutsükli etapp:  Käitamine 
 Turvakomponent:  A 
   
 a. Võrguühendused, sealhulgas internetiühendus, on kavandatud liiasusega (ingl  Redundancy ). 
 b. Teenuseandja andmeühenduste liiasuse rakendamisel on lähtutud vajadustest ja võrgutehnoloogiast, mis tagab andmeühenduste sarnase sooritusvõime. 
 d. Kahe sõltumatu interneti tarnija (ingl  Internet service provider , ISP) kasutamisel jälgitakse, et mõlemad ühendused ei kasutaks sama füüsilist edastusmeediumi.",IT-juht,
d3f1c69a9abbe388bb362f2e745b5929,NET.1.2,NET.1.2: Kohtvõrk,3.4,3.4 Kõrgmeetmed,227f6367348c9771037cfe61157a5c3a,NET.1.2.M45,NET.1.2.M45 Võrgusegmentide füüsiline eraldamine,"Vastutaja:  IT-juht 
 Elutsükli etapp:  Käitamine 
 Turvakomponent:  C; I; A 
   
 a. Erineva turvatasemega võrgusegmendid on füüsiliselt või loogiliselt eraldatud, vastavalt kasutatavale tehnoloogiale ja keskkonnale.",IT-juht,
53a38240ad776b1dbe86b2c0b7e21efa,INF.7.3,INF.7.3: Puhver- ja varutoiteallikas,3.2,3.2 Põhimeetmed,32a3b21993c18251e630b69b5b2d74d3,INF.7.3.M1,INF.7.3.M1 Puhvertoiteallika kasutamise nõuded,"Vastutaja:  Haldusjuht 
 Elutsükli etapp:  Käitamine 
   
 a. On määratud, millised seadmed peavad olema puhvertoiteallikaga (ingl  Uninterruptible Power Supply, UPS ) ühendatud ning milliseid seadmeid UPS-iga ühendada ei tohi (nt kliimaseadmed). 
 b. Puhvertoiteallika võimsus on kalkuleeritud vastavalt planeeritud elektritarvititele ja on piisav minimaalselt üleminekuajaks varutoiteallikale (generaatortoitele) või käsitsi sekkumiseks (nt turvaliseks väljalülitamiseks) ning selle piisavust kontrollitakse pärast igat elektritarvititega seotud olulist muudatust. 
 c. Puhvertoiteallika akusid hoitakse tootja määratud temperatuuri- ja niiskusvahemikus. Vajaduse korral paigutatakse puhvertoiteallikas eraldi sobivasse asukohta. 
 d. Puhvertoiteallikaid hooldatakse ja nende töövõimelisust kontrollitakse perioodiliselt, tootja ettenähtud sagedusega.",Haldusjuht,
53a38240ad776b1dbe86b2c0b7e21efa,INF.7.3,INF.7.3: Puhver- ja varutoiteallikas,3.3,3.3 Standardmeetmed,ff9992082c70bf3d5f34d42c46fd4884,INF.7.3.M2,INF.7.3.M2 Avariitoitegeneraatori kasutamise nõuded,"Vastutaja:  Haldusjuht 
 Elutsükli etapp:  Käitamine 
   
 a. Voolukatkestuse korral kasutatakse toite tagamiseks lisaks UPSile avariitoitegeneraatorit. 
 b. Generaatorit hooldatakse regulaarselt, hoolduse kuupäev ja tehtud tööd dokumenteeritakse. Hoolduse käigus tehakse generaatori kontrollkäivitus. 
 c. Avariitoitegeneraatori kütus peab olema hoitud turvaliselt, vastavalt kütuse hoidmise nõuetele. 
 d. Avariitoitegeneraatori kütusevaru kontrollitakse regulaarselt. Kütuse kogus vastab kehtestatud minimaalsele varunõudele ja võimaldab tagada nõutud toimepidevuse. 
 e. Generaatori kütusemahuti tankimised dokumenteeritakse.",Haldusjuht,
53a38240ad776b1dbe86b2c0b7e21efa,INF.7.3,INF.7.3: Puhver- ja varutoiteallikas,3.4,3.4 Kõrgmeetmed,7797eb1a390dbb67ff27f36d6cf48215,INF.7.3.M3,INF.7.3.M3 Puhvertoiteallikate dubleerimine,"Vastutaja:  Haldusjuht 
 Elutsükli etapp:  Käitamine 
 Turvakomponent:  A 
   
 a. Puhvertoiteallikate liiasus vastab määratud käideldavusnõuetele ja riketaluvuse eesmärgile. 
 b. Kui tarbimiskoht on ühendatud mitme toiteliiniga, on iga toiteliin varustatud sõltumatu puhvertoiteallikaga.",Haldusjuht,
53a38240ad776b1dbe86b2c0b7e21efa,INF.7.3,INF.7.3: Puhver- ja varutoiteallikas,3.4,3.4 Kõrgmeetmed,203063ca6c43668b5cfce293d3a57a4f,INF.7.3.M4,INF.7.3.M4 Avariitoitegeneraatori dubleerimine,"Vastutaja:  Haldusjuht 
 Elutsükli etapp:  Käitamine 
 Turvakomponent:  A 
   
 a. Suure käideldavustarbe korral on avariitoitegeneraator dubleeritud. 
 b. Avariitoitegeneraatorite süsteemi hooldatakse regulaarselt.",Haldusjuht,
e1d04166956247a68e8fed26dd9ae419,NET.2,NET.2: Sidevõrgu kaabeldus,3.2,3.2 Põhimeetmed,e3f1846dbb158762053beeaacd7b14f9,NET.2.M1,NET.2.M1 Sobiva sidekaablitüübi valik,"Vastutaja:  IT-juht 
 Elutsükli etapp:  Kavandamine 
   
 a. Sidekaabel valitakse paigalduskeskkonda ja kasutusvajadusi ning IT-süsteemide kaitsetarvet arvestades. 
 b. Kaablitüübi valimisel arvestatakse vähemalt järgmisi tegureid: 
 
 ümbritseva keskkonna eripärad; 
 kaabli füüsilised omadused; 
 kaabli paigaldusviis; 
 sidevõrgu komponentide toitevajadus sidekaablist. 
 
 c. Sidekaabli liigi ja kaablitüübi valiku põhjendused dokumenteeritakse.",IT-juht,
e1d04166956247a68e8fed26dd9ae419,NET.2,NET.2: Sidevõrgu kaabeldus,3.2,3.2 Põhimeetmed,05a39880be22663c2a18c8f841c45bcb,NET.2.M2,NET.2.M2 Sidekaabelduse kavandamine,"Vastutaja:  IT-juht 
 Elutsükli etapp:  Kavandamine 
   
 a. Enne sidekaablite valimist ja paigaldust on koostatud kaabelduse kava, milles määratletakse kaablite paigutus, jaotuspunktid, läbiviigud, reservivajadus ning turvalisuse ja töökindluse nõuded. 
 b. Sidekaablid paigutus kavandatakse ainult organisatsiooni kontrolli all olevatesse asukohtadesse, arvestades füüsilise turbe nõudeid. 
 c. Samas kaablirennis asuvad side- ja elektrikaablid on paigaldatud erinevatesse kaablirenni sektsioonidesse. 
 d. Sidehäirete vältimiseks järgitakse kaablite omavahelise kauguse, varjestuse ja maanduse kohta kohalduvaid nõudeid ja standardeid.",IT-juht,
e1d04166956247a68e8fed26dd9ae419,NET.2,NET.2: Sidevõrgu kaabeldus,3.2,3.2 Põhimeetmed,a1500e9f050e2917b79b87c20fbca2a8,NET.2.M3,NET.2.M3 Asjatundlik sidekaabelduse paigaldus,"Vastutaja:  IT-juht 
 Elutsükli etapp:  Kavandamine 
   
 a. Sidekaabelduse paigaldavad nõutava kvalifikatsiooni ja pädevusega isikud. 
 b. Paigaldamisel kontrollitakse, et kasutatavad kaablid ja ühendusdetailid vastavad kehtestatud nõuetele ja spetsifikatsioonile. 
 c. Sidekaabelduse paigaldamise käigus teostatakse nõuetele vastavuse kontroll kõigis tööetappides. 
 d. Kõik kaablid on üheselt ja arusaadavalt märgistatud ning märgistused on kooskõlas kaabelduse dokumentatsiooniga.",IT-juht,
e1d04166956247a68e8fed26dd9ae419,NET.2,NET.2: Sidevõrgu kaabeldus,3.2,3.2 Põhimeetmed,ce7ffa149df6c65e4c4d5a2e7ebbe580,NET.2.M10,NET.2.M10 Kaabelduse dokumentatsioon ja märgistus,"Vastutaja:  IT-juht 
 Elutsükli etapp:  Käitamine 
   
 a. Sidekaabelduse dokumentatsioon sisaldab vähemalt: 
 
 kaabliskeeme; 
 hooneplaane; 
 kaablirennide asendiplaane; 
 ühenduspesade asukohti; 
 jaotuskappide kaabliühendusjooniseid; 
 teostatud hoolduste ja muudatuste andmeid. 
 
 b. Sidekaablite märgistus ja dokumentatsioonis kasutatav tähistus on läbivalt ühtne ja üheselt mõistetav. 
 c. Sidekaabelduse dokumentatsioonile on ligipääs piiratud volitatud isikutel. 
 e. Sidekaabelduse dokumentatsiooni ajakohasust kontrollitakse regulaarselt ning see ajakohastatakse muudatuste järgselt.",IT-juht,
e1d04166956247a68e8fed26dd9ae419,NET.2,NET.2: Sidevõrgu kaabeldus,3.2,3.2 Põhimeetmed,87b3567b025fe1bd42be9e03d4480bae,NET.2.M15,NET.2.M15 Sidekaabelduse füüsiline turve,"Vastutaja:  IT-juht 
 Elutsükli etapp:  Käitamine 
 Turvakomponent:  I; A 
   
 a. Sidekaablid ja jaotusseadmed on kaitstud volitamata juurdepääsu, kahjustamise ja manipuleerimise eest. 
 b. Sidekaabeldus on paigaldatud kaablikanalisse, või turvatud muude lahendustega, mis vähendavad sidekaabelduse kahjustamise ja lubamatu juurdepääsu riski.",IT-juht,
e1d04166956247a68e8fed26dd9ae419,NET.2,NET.2: Sidevõrgu kaabeldus,3.3,3.3 Standardmeetmed,f0b02338b369866bdaecdee6839be50b,NET.2.M5,NET.2.M5 Kaabelduse nõuete analüüs,"Vastutaja:  IT-juht 
 Elutsükli etapp:  Kavandamine 
   
 a. Sidekaabelduse kavandamisel teostatakse nõuete analüüs kaablite liigi ja konstruktsiooni valimiseks, arvestades vähemalt järgmisi tegureid: 
 
 vajalik sidekaabli läbilaskevõime; 
 läbilaskevõime vajaduse kasv seoses tulevaste teenuste ja rakendustega; 
 andmeedastuse käideldavus, terviklus ja konfidentsiaalsuse nõuded; 
 erinevate kaablite kasutamise vajadus eri rakenduste jaoks (nt valvesüsteemid, protsessijuhtimine); 
 eraldi kaabelduse vajadus erineva kaitsetarbega IT-süsteemide jaoks; 
 aktiivkomponentide toitevajadus sidekaablist; 
 lahenduse kogukulu kogu elutsükli ulatuses.",IT-juht,
e1d04166956247a68e8fed26dd9ae419,NET.2,NET.2: Sidevõrgu kaabeldus,3.3,3.3 Standardmeetmed,6358d36197b971a3ad7720a0c63b07f9,NET.2.M6,NET.2.M6 Kaabeldustöö vastuvõtmine,"Vastutaja:  IT-juht 
 Elutsükli etapp:  Kavandamine 
   
 a. Kaabeldustööde vastuvõtmiseks on koostatud nõuete kontroll-loend. 
 b. Vastuvõtuprotseduur viiakse läbi pärast kaabeldustööde lõpetamist. 
 c. Vastuvõtmisel kontrollitakse vähemalt: 
 
 vastavust kaabelduse kavale; 
 paigalduse kvaliteeti ja defektide puudumist; 
 sidekaabelduse läbilaskevõimet. 
 
 d. Kaabelduse vastuvõtukontrolli tulemused dokumenteeritakse ning nõuete kontroll-loend säilitatakse allkirjastatuna kaabelduse dokumentatsiooni koosseisus.",IT-juht,
e1d04166956247a68e8fed26dd9ae419,NET.2,NET.2: Sidevõrgu kaabeldus,3.3,3.3 Standardmeetmed,4f2df619d7c9437cbc9b72c680e4047a,NET.2.M8,NET.2.M8 Liigsete sidekaablite kõrvaldamine,"Vastutaja:  IT-juht 
 Elutsükli etapp:  Kõrvaldamine 
   
 a. Tarbetuks osutunud sidekaablid eemaldatakse täielikult või muul viisil muudetakse kasutuskõlbmatuks. 
 b. Läbiviikude tulekaitse taastatakse pärast sidekaablite eemaldamist nõuetele vastavate tuletõketega.",IT-juht,
e1d04166956247a68e8fed26dd9ae419,NET.2,NET.2: Sidevõrgu kaabeldus,3.3,3.3 Standardmeetmed,c6278cc43df43f87cb7c31cad1f1e795,NET.2.M16,NET.2.M16 Turvalised kaitsekapid,"Vastutaja:  IT-juht 
 Elutsükli etapp:  Käitamine 
   
 a. Paiksed sideseadmed paigutatakse lukustatavatesse kaitsekappidesse. 
 d. Juurdepääs kaitsekappides asuvatele seadmetele on piiratud volitatud isikutega. 
 e. Kaitsekappidesse paigutatud seadmete paigutus ja jahutuslahendus tagavad seadmete tööks nõutava keskkonna. 
 f. Sideseadmete kaitsekappidesse on jäetud piisav laiendusvaru.",IT-juht,
e1d04166956247a68e8fed26dd9ae419,NET.2,NET.2: Sidevõrgu kaabeldus,3.4,3.4 Kõrgmeetmed,e76e31cd68157bfd8239759f0fa47224,NET.2.M17,NET.2.M17 Sidekaablite dubleerimine,"Vastutaja:  IT-juht 
 Elutsükli etapp:  Käitamine 
 Turvakomponent:  A 
   
 a. Kõrge käideldavusnõudega IT-süsteemide puhul kasutatakse füüsiliselt eraldatud dubleerivaid sidekaableid. 
 b. Dubleerivad sidekaablid on paigaldatud eraldi kaabliteedele, et vältida ühisest rikkest tulenevat katkestust. 
 c. Kõrge käideldavusnõudega süsteemide puhul kasutatakse mitut sõltumatut sideteenuse pakkujat (ingl  Internet Service Provider , ISP). 
 d. Dubleeritud sidekaablite kasutatavust kontrollitakse regulaarselt.",IT-juht,
6960d4f2a8871dd08212df8ffd66db1a,NET.3.1,NET.3.1: Võrgukomponent üldiselt,3.2,3.2 Põhimeetmed,41e99045b28bb8cc1ac1f68c4d58e326,NET.3.1.M1,NET.3.1.M1 Võrgukomponendi turvaline baaskonfiguratsioon,"Vastutaja:  IT-juht 
 Elutsükli etapp:  Kavandamine 
   
 a. Enne kasutuselevõttu on võrgukomponent seadistatud tootjapoolse seadistusjuhendi alusel. 
 b. Vaikeseadistuse tüüpsed kasutajakontod ja paroolid on muudetud. 
 c. Võrgukomponendi konfiguratsiooniandmed on kaitstud volitamatu juurdepääsu eest. 
 d. Võrgukomponendi baaskonfiguratsioonis on tarbetud teenused, protokollid ja funktsioonilaiendused desaktiveeritud. 
 e. Võrgukomponendi tarbetud võrguliidesed ja pordid on blokeeritud. 
 f. Võrgukomponendi funktsionaalsuse täiendamine on põhjendatud, dokumenteeritud ja vastavuses organisatsiooni turvapoliitikatega.",IT-juht,
6960d4f2a8871dd08212df8ffd66db1a,NET.3.1,NET.3.1: Võrgukomponent üldiselt,3.2,3.2 Põhimeetmed,7861eebf007635a9ecbfbffab657d536,NET.3.1.M3,NET.3.1.M3 Võrgukomponendi automaatseire,"Vastutaja:  IT-juht 
 Elutsükli etapp:  Käitamine 
   
 a. Oluliste võrgukomponentide käideldavus- ja sooritusparameetreid seiratakse regulaarselt. 
 c. Võrgukomponendi haldajaid teavitatakse automaatselt vähemalt järgmistel juhtudel: 
 
 eelnevalt määratletud piirväärtuste ületamisel; 
 vigade ja tõrgete esinemisel. 
 
 d. Võrgukomponendi parameetreid kontrollitakse üksnes turvaliste edastusteede kaudu. 
 e. Seire tulemuste hindamiseks on eelnevalt määratletud käideldavus- ja sooritusparameetrite läviväärtused (ingl  Network Baselining ).",IT-juht,
6960d4f2a8871dd08212df8ffd66db1a,NET.3.1,NET.3.1: Võrgukomponent üldiselt,3.2,3.2 Põhimeetmed,5fb19454fe1117e58d2ddd8a444a1114,NET.3.1.M4,NET.3.1.M4 Võrgukomponendi haldusliidese turve,"Vastutaja:  IT-juht 
 Elutsükli etapp:  Käitamine 
   
 a. Juurdepääs võrgukomponendi haldusliidesele on piiratud pääsuloendiga (ingl  Access Control List , ACL), mis määrab, millistest võrkudest on juurdepääs lubatud. 
 b. Spetsiifiliste nõuete puudumisel on pääsuloend koostatud valge nimekirja (ingl  Whitelisting ) põhimõttel. 
 c. Võrgukomponendi haldusühenduste kaitseks kasutatakse turvalisi ja krüpteeritud protokolle. 
 d. Haldusliideste kasutamiseks on seatud sobivad ajapiirangud. 
 e. Haldusliidese kõik tarbetud teenused on desaktiveeritud. 
 f. Lubamatu juurdepääs võrgukomponendi spetsialiseeritud riistvaraliidesele on piiratud.",IT-juht,
6960d4f2a8871dd08212df8ffd66db1a,NET.3.1,NET.3.1: Võrgukomponent üldiselt,3.2,3.2 Põhimeetmed,bf8f029d0ab360bd6816627123b9e30f,NET.3.1.M5,NET.3.1.M5 Võrgukomponendi kaitse IP-pakettide killurünnete eest,"Vastutaja:  IT-juht 
 Elutsükli etapp:  Käitamine 
   
 a. Protokollide IPv4 ja IPv6 killuründe (ingl  Fragmentation Attack ) tõrjeks on rakendatud turvamehhanismid.",IT-juht,
6960d4f2a8871dd08212df8ffd66db1a,NET.3.1,NET.3.1: Võrgukomponent üldiselt,3.2,3.2 Põhimeetmed,86a973a3d739462e68ce448caf55534e,NET.3.1.M6,NET.3.1.M6 Võrgukomponendi avariijuurdepääs,"Vastutaja:  IT-juht 
 Elutsükli etapp:  Käitamine 
   
 a. Võrgu mittetoimimisel on haldajatel võimalik võrgukomponenti hallata lokaalse otsepääsu kaudu.",IT-juht,
6960d4f2a8871dd08212df8ffd66db1a,NET.3.1,NET.3.1: Võrgukomponent üldiselt,3.2,3.2 Põhimeetmed,176e37423e8c4a6f68adba114545890f,NET.3.1.M7,NET.3.1.M7 Võrgukomponendi sündmusteadete tsentraalne töötlus,"Vastutaja:  IT-juht 
 Elutsükli etapp:  Käitamine 
   
 a. Võrgukomponent on seadistatud logima vähemalt järgmiseid turvasündmusi: 
 
 ebaõnnestunud sisselogimiskatse; 
 seadme taaskäivitus; 
 funktsiooni tõrge või rike; 
 riistvara väärtalitus; 
 süsteemi ülekoormus; 
 konfiguratsiooni muudatused; 
 liideste ja süsteemi seisundimuudatused. 
 
 b. Lisaks lokaalsele logimisele on võrgukomponendi sündmusteated suunatud turvaliselt eraldiseisvasse logiserverisse. 
 c. Võrgukomponendi logiandmeid analüüsitakse anomaaliate tuvastamiseks regulaarselt. 
 d. Võrgukomponendiga seotud olulistest turvasündmustest teavitatakse automaatselt ja viivitamatult vastutavat IT-personali.",IT-juht,
6960d4f2a8871dd08212df8ffd66db1a,NET.3.1,NET.3.1: Võrgukomponent üldiselt,3.2,3.2 Põhimeetmed,a98d47cc0f0fcae01c256af27292b847,NET.3.1.M8,NET.3.1.M8 Võrgukomponendi konfiguratsiooni varundus,"Vastutaja:  IT-juht 
 Elutsükli etapp:  Käitamine 
   
 a. Võrgukomponendi konfiguratsioonifaile varundatakse regulaarselt. 
 b. Varukoopiaid säilitatakse turvaliselt ning need on avarii korral kättesaadavad.",IT-juht,
6960d4f2a8871dd08212df8ffd66db1a,NET.3.1,NET.3.1: Võrgukomponent üldiselt,3.2,3.2 Põhimeetmed,dc01fed5a5e6706c62fadf14969ee936,NET.3.1.M9,NET.3.1.M9 Võrgukomponendi käidudokumentatsioon,"Vastutaja:  IT-juht 
 Elutsükli etapp:  Käitamine 
   
 a. Kõik võrgukomponendi turvalisust mõjutavad toimingud lisatakse käidudokumentatsiooni (ingl  Operational Documentation ). 
 b. Kõik muudatused võrgukomponendi seadistustes dokumenteeritakse koos muudatuse põhjendusega. 
 c. Dokumentatsioon on kaitstud lubamatu juurdepääsu eest.",IT-juht,
6960d4f2a8871dd08212df8ffd66db1a,NET.3.1,NET.3.1: Võrgukomponent üldiselt,3.2,3.2 Põhimeetmed,51e423e4eaf6c1af52f65cdf5af9177c,NET.3.1.M11,NET.3.1.M11 Võrgukomponendi hankimine,"Vastutaja:  IT-juht 
 Elutsükli etapp:  Kavandamine 
   
 a. Võrgukomponendi sobivuse hindamiseks on koostatud nõuete spetsifikatsioon. 
 b. Hangitav tehniline lahendus on kooskõlas infoturvapoliitikaga ja vastab võrgu kaitsetarbele.",IT-juht,
6960d4f2a8871dd08212df8ffd66db1a,NET.3.1,NET.3.1: Võrgukomponent üldiselt,3.2,3.2 Põhimeetmed,6e59ad4210da95ee8d47c37275caf6b2,NET.3.1.M15,NET.3.1.M15 Võltsitud pakettide ja teeskluse tõkestamine,"Vastutaja:  IT-juht 
 Elutsükli etapp:  Käitamine 
   
 a. Juurdepääs võrgukomponendile määramata IP-aadressidelt on blokeeritud (ingl  bogon filtering ).",IT-juht,
6960d4f2a8871dd08212df8ffd66db1a,NET.3.1,NET.3.1: Võrgukomponent üldiselt,3.2,3.2 Põhimeetmed,fa98af388a8378d748dc438a75485763,NET.3.1.M17,NET.3.1.M17 Võrgukomponendi ummistusründe tõrjefunktsionaalsus,"Vastutaja:  IT-juht 
 Elutsükli etapp:  Käitamine 
   
 a. Ummistusrünnete mõju leevendamiseks rakendatakse turvamehhanisme, mis avastavad ja tõrjuvad sõnumite suure hulgaga seotud ründestsenaariume.",IT-juht,
6960d4f2a8871dd08212df8ffd66db1a,NET.3.1,NET.3.1: Võrgukomponent üldiselt,3.2,3.2 Põhimeetmed,7c380e2e21c22fbc4685bf51b96a9add,NET.3.1.M19,NET.3.1.M19 Riistvaralise võrgukomponendi füüsiline turve,"Vastutaja:  IT-juht 
 Elutsükli etapp:  Käitamine 
   
 a. Riistvaraline võrguseade ja selle liidesed on kaitstud lubamatu juurdepääsu eest. 
 b. Riistvaraline võrguseade on paigaldatud lukustatavasse seadmekappi või spetsiaalsesse ruumi. 
 c. Tagatud on riistvaralisele võrgukomponendile tootja poolt ettepääratud keskkonnatingimused.",IT-juht,
6960d4f2a8871dd08212df8ffd66db1a,NET.3.1,NET.3.1: Võrgukomponent üldiselt,3.3,3.3 Standardmeetmed,ca5e572e69731c5854da52ced3b1fc52,NET.3.1.M10,NET.3.1.M10 Võrgukomponendi turvaline käitus,"Vastutaja:  IT-juht 
 Elutsükli etapp:  Käitamine 
   
 a. Võrgukomponendi turvaliseks kasutamiseks on olemas kasutusjuhend. 
 c. Muudatused kasutusjuhendis ja tehtud erandid kooskõlastatakse infoturbejuhiga ning dokumenteeritakse. 
 e. Võrgukomponendi kasutusjuhend sisaldab olulisemate turvaseadete kontrolliks koostatud konfiguratsiooni kontroll-loendit (ingl  Checklist ).",IT-juht,
6960d4f2a8871dd08212df8ffd66db1a,NET.3.1,NET.3.1: Võrgukomponent üldiselt,3.3,3.3 Standardmeetmed,7098f060e197f0c7ccdc0828e6f476ce,NET.3.1.M13,NET.3.1.M13 Võrgukomponendi haldus eraldiseisvast haldusvõrgust,"Vastutaja:  IT-juht 
 Elutsükli etapp:  Käitamine 
   
 a. Võrgukomponenti hallatakse üksnes eraldatud haldusvõrgu kaudu (ingl  Out-of-Band Management ). 
 b. Võrgukomponendi halduse andmeside on piiratud haldusprotokolli ja määratud lähte- ja sihtaadressidega. 
 c. Põhivõrku ühenduvad võrgukomponendi haldusliidesed on desaktiveeritud. 
 d. Võrgukomponendi haldusühenduste turvamehhanismid on aktiveeritud.",IT-juht,
6960d4f2a8871dd08212df8ffd66db1a,NET.3.1,NET.3.1: Võrgukomponent üldiselt,3.3,3.3 Standardmeetmed,65bab0f3f8aa1b2a3948a8d07bd2f631,NET.3.1.M14,NET.3.1.M14 ICMP-sõnumite kaitsmine väärkasutuse eest,"Vastutaja:  IT-juht 
 Elutsükli etapp:  Käitamine 
   
 a. Protokollide ICMP (ingl  Internet Control Message Protocol , ICMP) ja ICMPv6 sõnumeid filtreeritakse väärkasutuse tõkestamiseks.",IT-juht,
6960d4f2a8871dd08212df8ffd66db1a,NET.3.1,NET.3.1: Võrgukomponent üldiselt,3.3,3.3 Standardmeetmed,b0acf9bab88b4634eebc4f77ae1a97ac,NET.3.1.M16,NET.3.1.M16 IPv6 rünnete takistamine,"Vastutaja:  IT-juht 
 Elutsükli etapp:  Käitamine 
   
 a. Protokolli IPv6 kasutamisel rakendatakse turvamehhanisme, mis avastavad ja hoiavad ära marsruutimispäise (ingl  routing header ) type 0 põhinevaid ründeid.",IT-juht,
6960d4f2a8871dd08212df8ffd66db1a,NET.3.1,NET.3.1: Võrgukomponent üldiselt,3.3,3.3 Standardmeetmed,9736d72475c56e8a3c0cdf4bb76a6232,NET.3.1.M21,NET.3.1.M21 Võrgukomponendi liidestus identiteedihaldussüsteemiga,"Vastutaja:  IT-juht 
 Elutsükli etapp:  Käitamine 
   
 a. Võrgukomponendi pääsuõiguste haldus kasutab organisatsiooni keskset identiteedi- ja õiguste halduses tehnoloogiat.",IT-juht,
6960d4f2a8871dd08212df8ffd66db1a,NET.3.1,NET.3.1: Võrgukomponent üldiselt,3.3,3.3 Standardmeetmed,6b2d05de74fe63956371cf7c35213018,NET.3.1.M24,NET.3.1.M24 Võrgukomponendi võrkupääsu reguleerimine,"Vastutaja:  IT-juht 
 Elutsükli etapp:  Käitamine 
 Turvakomponent:  I; A 
   
 a. Võrgukomponendi juurdepääs võrgule on reguleeritud turvaliseks hinnatud versiooniga standardi IEEE 802.1x pordipõhise autentimismeetodiga EAP-TLS (ingl  Extensible Authentication Protocol - Transport Layer Security ).",IT-juht,
6960d4f2a8871dd08212df8ffd66db1a,NET.3.1,NET.3.1: Võrgukomponent üldiselt,3.3,3.3 Standardmeetmed,460566f670703200d05504c2de21e606,NET.3.1.M25,NET.3.1.M25 Võrgukomponendi avariijärgne isetaastumine,"Vastutaja:  IT-juht 
 Elutsükli etapp:  Käitamine 
 Turvakomponent:  C; I 
   
 a. Võrgukomponendi avariijärgsel taastel või taaskäivitusel kasutatakse ainult viimast veatut konfiguratsiooni ja viimati uuendatud pääsuloendit.",IT-juht,
6960d4f2a8871dd08212df8ffd66db1a,NET.3.1,NET.3.1: Võrgukomponent üldiselt,3.3,3.3 Standardmeetmed,f2c50c535f43e7fbed4b7426be1ee079,NET.3.1.M27,NET.3.1.M27 Võrgukomponendi taastatavus,"Vastutaja:  IT-juht 
 Elutsükli etapp:  Käitamine 
   
 a. Võrgukomponendi funktsioonide asendamiseks on koostatud taasteplaan. 
 c. Võrgukomponendi taasteplaan sisaldab protseduuride kirjeldusi vähemalt järgnevate stsenaariumite puhul: 
 
 komponendi asendamine sama või samaväärsega; 
 komponendi konfiguratsiooni taastamine varundusest. 
 
 d. Võrgukomponendi avariiprotseduure harjutatakse regulaarselt.",IT-juht,
6960d4f2a8871dd08212df8ffd66db1a,NET.3.1,NET.3.1: Võrgukomponent üldiselt,3.3,3.3 Standardmeetmed,5c5627e5c967282f33bc31c8b6700bd4,NET.3.1.M28,NET.3.1.M28 Sertifitseeritud toote kasutamine,"Vastutaja:  IT-juht 
 Elutsükli etapp:  Kavandamine 
 Turvakomponent:  C; I 
   
 a. Võrgukomponent on sertifitseeritud vähemalt  Common Criteria  (CC) tasemel EAL4 või sellega võrreldava muu turvahindamise alusel.",IT-juht,
6960d4f2a8871dd08212df8ffd66db1a,NET.3.1,NET.3.1: Võrgukomponent üldiselt,3.4,3.4 Kõrgmeetmed,b99caeca66954740c951847c76602370,NET.3.1.M26,NET.3.1.M26 Võrgukomponendi kõrgkäideldavuse tagamine,"Vastutaja:  IT-juht 
 Elutsükli etapp:  Kavandamine 
 Turvakomponent:  A 
   
 a. Võrgukomponendi töö on kavandatud piisava liiasusega (ingl  Redundancy ). 
 b. Kõrgkäideldavuse tagamise mehhanismid vastavad ärivajadustele ega vähenda turvataset. 
 c. Avarii-ümberlülitusi testitakse regulaarselt.",IT-juht,
078e9a7f71d6327a0ebd780793c06c44,NET.3.2,NET.3.2: Tulemüür,3.2,3.2 Põhimeetmed,8ba98dc07f5caf8113abbc164a6cc63a,NET.3.2.M2,NET.3.2.M2 Tulemüürireeglid,"Vastutaja:  IT-juht 
 Elutsükli etapp:  Käitamine 
   
 a. Sisevõrgust lubamatute ühenduste loomine välisvõrku on blokeeritud. 
 b. Lubamatud ühendumiskatsed välisvõrgust blokeeritakse. 
 c. Tulemüüri turvajuhendis on kirjeldatud detailselt, milline liiklus peab tulemüüris olema lubatud. 
 d. Tulemüürireeglite muudatused dokumenteeritakse. 
 e. Organisatsioonis on määratud isikud, kes tohivad tulemüürireegleid muuta ning on määratud vastutaja, kes kinnitab tulemüürireeglite muudatused.",IT-juht,
078e9a7f71d6327a0ebd780793c06c44,NET.3.2,NET.3.2: Tulemüür,3.2,3.2 Põhimeetmed,5d187ac459bc3565b57d47abe598dec9,NET.3.2.M3,NET.3.2.M3 Filtreerimisreeglid paketifiltris,"Vastutaja:  IT-juht 
 Elutsükli etapp:  Käitamine 
   
 b. Paketifilter tõkestab kõik vigased TCP-lippude (ingl  TCP flag ) kombinatsioonid. 
 c. Tulemüüris on rakendatud reeglid TCP andmevoo, UDP datagrammide ja ICMP sõnumite filtreerimiseks dünaamilise paketifiltriga.",IT-juht,
078e9a7f71d6327a0ebd780793c06c44,NET.3.2,NET.3.2: Tulemüür,3.2,3.2 Põhimeetmed,80c67e539ce9c99db3fd4de5e2075684,NET.3.2.M9,NET.3.2.M9 Tulemüüri täiendav logimine,"Vastutaja:  IT-juht 
 Elutsükli etapp:  Käitamine 
   
 a. Tulemüüris logitakse täiendavalt blokeeritud võrguühendustaotlused.",IT-juht,
078e9a7f71d6327a0ebd780793c06c44,NET.3.2,NET.3.2: Tulemüür,3.3,3.3 Standardmeetmed,56b0c14f46dc9f46c9921fd589aada35,NET.3.2.M17,NET.3.2.M17 IPv6 protokolli kasutamine,"Vastutaja:  IT-juht 
 Elutsükli etapp:  Käitamine 
   
 b. IPv6 protokolli kasutamisel võimaldab tulemüüri paketifilter IPv6 laiendpäiste (ingl  IPv6 Extention Header ) kontrolli.",IT-juht,
078e9a7f71d6327a0ebd780793c06c44,NET.3.2,NET.3.2: Tulemüür,3.3,3.3 Standardmeetmed,20e69115ab67bf4c07068c025d8a1681,NET.3.2.M19,NET.3.2.M19 Laiendatud ummistusrünnete tõrje paketifiltris,"Vastutaja:  IT-juht 
 Elutsükli etapp:  Käitamine 
 Turvakomponent:  A 
   
 a. Ebausaldusväärsest võrgust juurdepääsetavaid serveriteenuseid kaitstakse poolavatud ja avatud kätluskatsete (ingl  Handshake ) tulva (ingl  Flood ) eest UDP-andmevooge piirava paketifiltriga. 
 b. Paketifiltris on väljuvate ühenduste tarbeks aktiveeritud TCP protokolli algse järjenumbri (ingl  Initial Sequence Number , ISN) genereerimine (välja arvatud siis, kui see on teostatud turvaproksis).",IT-juht,
078e9a7f71d6327a0ebd780793c06c44,NET.3.2,NET.3.2: Tulemüür,3.4,3.4 Kõrgmeetmed,9f7b1cce98bfcaba38cfd9c09d4f9420,NET.3.2.M20,NET.3.2.M20 Põhiliste Interneti protokollide turve,"Vastutaja:  IT-juht 
 Elutsükli etapp:  Käitamine 
 Turvakomponent:  C 
   
 a. Protokollide HTTP, SMTP ja DNS andmeliikluse puhul rakendatakse protokollispetsiifilisi kontrolle.",IT-juht,
078e9a7f71d6327a0ebd780793c06c44,NET.3.2,NET.3.2: Tulemüür,3.4,3.4 Kõrgmeetmed,7e046c0b7aefc04ea8b6c912af18ecb0,NET.3.2.M21,NET.3.2.M21 Andmeliikluse ajutine dekrüpteerimine,"Vastutaja:  IT-juht 
 Elutsükli etapp:  Käitamine 
 Turvakomponent:  C; I 
   
 a. Krüpteeritud ühendused ebausaldusväärsetesse võrkudesse dekrüpteeritakse ajutiselt protokolli manipulatsiooni tuvastamiseks ning edastavate andmete kontrollimiseks kahjurvara ja andmelekke poliitikate (ingl  Data Loss Prevention , DLP) suhtes. 
 b. Dekrüpteeritud andmete kasutamisel järgitakse õiguslikke raamtingimusi. 
 c. Andmeliiklust ajutiselt dekrüpteeriv komponent (ingl  Deep Inspection ) käsitleb tuvastatud väärkasutusi turvasündmusena.",IT-juht,
078e9a7f71d6327a0ebd780793c06c44,NET.3.2,NET.3.2: Tulemüür,3.4,3.4 Kõrgmeetmed,a4c6bf168a176fcccea7bd90a2b9fcff,NET.3.2.M27,NET.3.2.M27 Erinevad tooted mitmeastmelises tulemüüri arhitektuuris,"Vastutaja:  IT-juht 
 Elutsükli etapp:  Käitamine 
 Turvakomponent:  C; I 
   
 a. Ühe tootja potentsiaalse turvanõrkuse mõju vähendamiseks, rakendatakse mitmeastmelise tulemüüri põhimõtet. 
 b. Kasutatakse erinevate tootjate tehnilisi tulemüüri lahendusi.",IT-juht,
078e9a7f71d6327a0ebd780793c06c44,NET.3.2,NET.3.2: Tulemüür,3.4,3.4 Kõrgmeetmed,2f4024e10548e9a6efbb8533ee92c1a2,NET.3.2.M28,NET.3.2.M28 Veebiliikluse aktiivsisu keskne filtreerimine,"Vastutaja:  IT-juht 
 Elutsükli etapp:  Käitamine 
 Turvakomponent:  C; I 
   
 a. Veebiliikluse aktiivsisu filtreeritakse keskselt (ingl  Web Application Firewall , WAF).",IT-juht,
d2abd19b0a6e0f94909d01708733289a,NET.5,NET.5: Võrkupääsu reguleerimise süsteem,3.3,3.3 Standardmeetmed,e01432bc59c2999b034714be21a10d11,NET.5.M2,NET.5.M2 NAC-lahenduse kasutuselevõtu kavandamine,"Vastutaja:  IT-juht 
 Elutsükli etapp:  Kavandamine 
   
 a. Võrkupääsu reguleerimise kasutuselevõtu kavandamisel on arvestatud vähemalt järgmisi aspekte: 
 
 lõppseadmetele, kommutaatoritele ja autentimisserverile (RADIUS) esitatavad nõuded; 
 NAC-komponentide hankimise, käituse ja haldusprotsesside määratlemine; 
 seadmete ümberpaigutamise ja asendamise võimaldamine; 
 NAC-lahenduse seire ja logimine; 
 väliste turvakomponentidega liidestamine; 
 täiendavate turvafunktsioonide vajadus.",IT-juht,
d2abd19b0a6e0f94909d01708733289a,NET.5,NET.5: Võrkupääsu reguleerimise süsteem,3.3,3.3 Standardmeetmed,08d1612b18265b0007a399802eb5f0d2,NET.5.M3,NET.5.M3 NAC-lahenduse tehniline analüüs,"Vastutaja:  IT-juht 
 Elutsükli etapp:  Kavandamine 
   
 a. NAC-lahenduse komponentide funktsionaalsed nõuded on analüüsitud kogumis. 
 b. NAC nõuded on kõigi mõjutatud osapooltega kooskõlastatud.",IT-juht,
d2abd19b0a6e0f94909d01708733289a,NET.5,NET.5: Võrkupääsu reguleerimise süsteem,3.3,3.3 Standardmeetmed,c15d966a68ad42ba5e6cc609e10dada5,NET.5.M4,NET.5.M4 NAC-lahenduse rakendusplaan,"Vastutaja:  IT-juht 
 Elutsükli etapp:  Kavandamine 
   
 a. NAC-lahenduse rakendusplaanis on kirjeldatud lahendusele esitatud nõuetele vastavad käitusprotseduurid. 
 b. NAC-lahenduse rakendusplaan on kooskõlas võrgu segmenteerimise põhimõtetega. 
 c. NAC-lahenduse rakendusplaanis on määratletud vähemalt: 
 
 võrgusegmendid, kus NAC-i kasutatakse; 
 mõjutatud võrgukomponentide seadete spetsifikatsioonid; 
 NAC-i reeglid; 
 liidestus sisemiste ja väliste serverteenustega; 
 kasutajate autentimine ja volitamine.",IT-juht,
d2abd19b0a6e0f94909d01708733289a,NET.5,NET.5: Võrkupääsu reguleerimise süsteem,3.3,3.3 Standardmeetmed,a67208207b532da0e2799742350f7a80,NET.5.M5,NET.5.M5 Lõppseadmete halduse kohandamine NAC-lahendusega,"Vastutaja:  IT-juht 
 Elutsükli etapp:  Käitamine 
   
 a. Lõppseadmete kasutuselevõtu, asendamise, muudatuste ja rikete halduse protsessid arvestavad NAC-i kasutuselevõtust tulenevaid piiranguid. 
 b. Lõppseadmete keskse halduse protsess hõlmab NAC-lahenduse toimimiseks vajaliku tarkvara, konfiguratsioonimuudatuste ja autentsustõendite paigaldamist ja haldust.",IT-juht,
d2abd19b0a6e0f94909d01708733289a,NET.5,NET.5: Võrkupääsu reguleerimise süsteem,3.3,3.3 Standardmeetmed,94e4ed96d81935996d97abacb2aba4ab,NET.5.M6,NET.5.M6 NAC-lahenduse avariivalmendus,"Vastutaja:  IT-juht 
 Elutsükli etapp:  Kavandamine 
 Turvakomponent:  A 
   
 a. NAC-i turvamehhanisme on vastava vajaduse tekkimisel võimalik ajutiselt ning soovitud ulatuses desaktiveerida. 
 b. RADIUS-serveri mittetoimimise puhuks on koostatud avariivalmenduse stsenaariumid ning kavandatud meetmed negatiivsete toimete maandamiseks. 
 c. NAC-i avariivalmenduseks on kaalutud järgmisi võimalusi: 
 
 aktiivsed võrguühendused säilitatakse, kuid kõik uued sisselogimiskatsed lükatakse tagasi; 
 dünaamiline võrkulogimine peatatakse. Selle asemel kasutatakse vähemalt kriitiliste vajaduste ulatuses võrgusegmentide vahelisi fikseeritud ühendusi, mis realiseeritakse eeldefineeritud kommutaatoriseadistuste abil; 
 NAC-i kasutamine desaktiveeritakse kas kõigis võrguseadmetes või kommutaatorite üksikutes portides, et võrguühendus saaks jätkuda piiranguteta. 
 
 d. RADIUS serveri avariivalmenduse stsenaariumid on vastavuses organisatsiooni turvapoliitikatega.",IT-juht,
d2abd19b0a6e0f94909d01708733289a,NET.5,NET.5: Võrkupääsu reguleerimise süsteem,3.3,3.3 Standardmeetmed,3c436a0d8c10473cd295999879b51d44,NET.5.M8,NET.5.M8 NAC-spetsiifiliste rollide ja õiguste määratlemine,"Vastutaja:  IT-juht 
 Elutsükli etapp:  Kavandamine 
   
 b. NAC spetsiifiline juurdepääs RADIUS serverile on antud järgnevatele kasutajarühmadele: 
 
 kasutajad, mis haldavad oma võrgupiirkonna kommutaatoreid; 
 lõppseadmete halduse eest vastutavad kasutajad, kes haldavad seadmeidentiteete; 
 esmatasandi tugiüksus, mis analüüsib vigaseid RADIUS taotlusi ja teeb sellest tulenevaid korrektuure.",IT-juht,
d2abd19b0a6e0f94909d01708733289a,NET.5,NET.5: Võrkupääsu reguleerimise süsteem,3.3,3.3 Standardmeetmed,61594119ce85627023e038149836a9fa,NET.5.M9,NET.5.M9 NAC pääsuõiguste andmise reeglid,"Vastutaja:  IT-juht 
 Elutsükli etapp:  Kavandamine 
   
 a. NAC-lahenduse jaoks on koostatud reeglid lõppseadmete võrkupääsu lubamiseks. 
 b. Iga lõppseadme või lõppseadmete grupi kohta on määratletud, kas: 
 
 võrgule on lubatud piiramatu juurdepääs; 
 juurdepääs võrgule on keelatud; 
 seade pääseb ligi ainult kindlatele võrgusegmentidele. 
 
 c. NAC reeglites on määratud kasutatavad autentimismeetodid, eduka autentimise tingimused ja juurdepääsukontrolli teostamise viis.",IT-juht,
d2abd19b0a6e0f94909d01708733289a,NET.5,NET.5: Võrkupääsu reguleerimise süsteem,3.3,3.3 Standardmeetmed,f328117a4542d7ec3a103b0eb89c020f,NET.5.M10,NET.5.M10 NAC-lahenduse identiteedihaldus,"Vastutaja:  IT-juht 
 Elutsükli etapp:  Käitamine 
   
 a. NAC-i autentimiseks kasutatakse unikaalseid individuaalseid identiteete. 
 b. NAC-i autentimiseks vajalik teave on kaitstud volitamata juurdepääsu eest.",IT-juht,
d2abd19b0a6e0f94909d01708733289a,NET.5,NET.5: Võrkupääsu reguleerimise süsteem,3.3,3.3 Standardmeetmed,5c3847cbb919ca2ca2d23dfef52edb7c,NET.5.M11,NET.5.M11 NAC-lahenduse turvaline konfiguratsioon,"Vastutaja:  IT-juht 
 Elutsükli etapp:  Käitamine 
   
 a. NAC-lahenduse komponentide turvaliseks konfigureerimiseks on välja töötatud turvalised standardkonfiguratsioonid ja protseduurijuhendid. 
 b. NAC-i lahenduse komponentide seadistuste aja- ja asjakohasust kontrollitakse regulaarselt. 
 c. Lõppseadmete kasutajate volitused on piiratud määral, et nad ei saaks manipuleerida ühendust taotleva seadme (ingl  Supplicant ) konfiguratsiooni ega lugeda NAC-i võtmeid või paroole. 
 d. NAC-autentimine on kommutaatoris või kommutaatori üksikutes portides desaktiveeritud ainult infoturbejuhiga kooskõlastatud põhjustel.",IT-juht,
d2abd19b0a6e0f94909d01708733289a,NET.5,NET.5: Võrkupääsu reguleerimise süsteem,3.3,3.3 Standardmeetmed,79af91243bb36f2441226d375fcc7138,NET.5.M12,NET.5.M12 NAC-lahenduse seire,"Vastutaja:  IT-juht 
 Elutsükli etapp:  Käitamine 
   
 a. Kõik NAC-lahenduse jaoks vajalikud kesksed teenused on integreeritud kesksesse seirelahendusse. 
 b. Seirelahendusse on lisatud vähemalt: 
 
 kõik NAC-spetsiifilised parameetrid, mis tagavad NAC-lahenduse või vastavate teenuste funktsionaalsuse; 
 RADIUS protokolli toimivuse kontroll; 
 kommutaatorite oleku seire NAC-i desaktiveerimise tuvastamiseks. 
 
 c. Kõrvalekalletest määratletud olekutest ja piirväärtustest teavitatakse volitatud IT-halduse töötajaid.",IT-juht,
d2abd19b0a6e0f94909d01708733289a,NET.5,NET.5: Võrkupääsu reguleerimise süsteem,3.3,3.3 Standardmeetmed,f7458c8b2cf6be2d9b8ee47e4acf98a0,NET.5.M13,NET.5.M13 NAC-lahenduse konfiguratsiooni valideerimine,"Vastutaja:  IT-juht 
 Elutsükli etapp:  Käitamine 
   
 a. NAC-lahenduse konfiguratsiooni õigsuse kontrollimiseks on koostatud valideerimiseesmärgid. 
 b. NAC-lahenduse komponentide tegeliku konfiguratsiooni võrdlemine soovitud seadistusega toimub automatiseeritult.",IT-juht,
d2abd19b0a6e0f94909d01708733289a,NET.5,NET.5: Võrkupääsu reguleerimise süsteem,3.3,3.3 Standardmeetmed,b32defa43991848998816176ef417af2,NET.5.M14,NET.5.M14 Täiendavad meetmed seadme autentimisel,"Vastutaja:  IT-juht 
 Elutsükli etapp:  Käitamine 
   
 a. Seadmeid, kus ei ole võimalik kasutada turvalist autentimist, ei klassifitseerita usaldusväärseteks lõppseadmeteks. 
 c. Ebausaldusväärsete seadmete juurdepääs võrgule on piiratud minimaalselt vajalikuga.",IT-juht,
d2abd19b0a6e0f94909d01708733289a,NET.5,NET.5: Võrkupääsu reguleerimise süsteem,3.3,3.3 Standardmeetmed,7a0ffce645cf7c0b45a1451693542ff0,NET.5.M17,NET.5.M17 RADIUS serveri turvaline asukoht võrgus,"Vastutaja:  IT-juht 
 Elutsükli etapp:  Käitamine 
   
 a. RADIUS server on paigaldatud kaitstud võrgusegmenti. 
 b. Päringud RADIUS serverisse on lubatud ainult usaldusväärsetest allikatest. 
 c. RADIUS server ei suhtle lõppseadmetega otse, vaid ainult kommutaatori autentija (ingl  Authenticator ) vahendusel. 
 d. RADIUS serveri poolt võetakse kommutaatorite päringuid vastu ainult määratud haldusvõrgu segmendist.",IT-juht,
d2abd19b0a6e0f94909d01708733289a,NET.5,NET.5: Võrkupääsu reguleerimise süsteem,3.3,3.3 Standardmeetmed,a013b0036be0cf6881846e71b00c7704,NET.5.M27,NET.5.M27 Ainult MAC-aadressil põhineva autentimise vältimine,"Vastutaja:  IT-juht 
 Elutsükli etapp:  Käitamine 
 Turvakomponent:  I 
   
 a. MAC-aadressil põhinevat autentimist kasutatakse ainult juhul, kui see on tehniliselt vältimatu, erandi tegemine on põhjendatult vajalik ja võrgu turvapoliitika seda lubab.",IT-juht,
d2abd19b0a6e0f94909d01708733289a,NET.5,NET.5: Võrkupääsu reguleerimise süsteem,3.4,3.4 Kõrgmeetmed,f0a301e2f45f3c7dea3c71fc1a32d573,NET.5.M15,NET.5.M15 Kahjurvaratõrje integreerimine NAC-lahendusega,"Vastutaja:  IT-juht 
 Elutsükli etapp:  Käitamine 
 Turvakomponent:  C; I 
   
 a. Kõiki lõppseadmeid kontrollitakse kahjurvara avastamiseks enne seadmete organisatsiooni võrku ühendamist ja IT-süsteemidele juurdepääsu võimaldamist. 
 b. Kahjurvaratõrje lahendus on integreeritud NAC-i autentimisega viisil, et kahjurvara avastamisel võetakse NAC-lahenduses kasutusele meetmed kahjurvara leviku tõkestamiseks.",IT-juht,
d2abd19b0a6e0f94909d01708733289a,NET.5,NET.5: Võrkupääsu reguleerimise süsteem,3.4,3.4 Kõrgmeetmed,1cc5bb5cbe81a4402b393a84f9a2b6e0,NET.5.M20,NET.5.M20 MACsec-i kasutamine,"Vastutaja:  IT-juht 
 Elutsükli etapp:  Käitamine 
 Turvakomponent:  C; I 
   
 a. Andmete tervikluse ja konfidentsiaalsuse tagamiseks kasutatakse võrgustandardil IEEE 802.1AE põhinevat MACsec (ingl  Media Access Control Security ) lahendust.",IT-juht,
d2abd19b0a6e0f94909d01708733289a,NET.5,NET.5: Võrkupääsu reguleerimise süsteem,3.4,3.4 Kõrgmeetmed,3c2c26d8a37015ee8cca70611d382020,NET.5.M21,NET.5.M21 Lõppseadmete vastavuskontroll,"Vastutaja:  IT-juht 
 Elutsükli etapp:  Käitamine 
 Turvakomponent:  C 
   
 a. NAC-lahendus lubab võrguresurssidele juurdepääsu ainult NAC-reeglitele vastava lõppseadme. 
 b. Iga lõppseadme tüübi jaoks on koostatud spetsifikatsioon, millele lõppseade peab vastama. 
 c. NAC-lahendus on integreeritud vastavuskontrolli tööriistaga, mis automaatselt hindab lõppseadmete vastavust.",IT-juht,
d2abd19b0a6e0f94909d01708733289a,NET.5,NET.5: Võrkupääsu reguleerimise süsteem,3.4,3.4 Kõrgmeetmed,414eff063ce1dc9cbe523e66ea9107c4,NET.5.M22,NET.5.M22 NAC-lahenduse kasutamine volituste andmisel,"Vastutaja:  IT-juht 
 Elutsükli etapp:  Käitamine 
 Turvakomponent:  C 
   
 a. NAC-lahendus jagab lõppseadmed seadmeprofiili ja kaitsenõuetega alusel eraldi võrgusegmentidesse.",IT-juht,
d2abd19b0a6e0f94909d01708733289a,NET.5,NET.5: Võrkupääsu reguleerimise süsteem,3.4,3.4 Kõrgmeetmed,cfbb74ad7448da4762f8ce32621712c8,NET.5.M23,NET.5.M23 Autonoomsete RADIUS serverite kasutamine,"Vastutaja:  IT-juht 
 Elutsükli etapp:  Käitamine 
 Turvakomponent:  A 
   
 a. NAC-i rakendamiseks kasutatakse ainult RADIUS teenust osutavaid servereid. 
 b. Erinevates võrkudes ja võrgusegmentides kasutatakse eraldiseisvaid RADIUS servereid.",IT-juht,
d2abd19b0a6e0f94909d01708733289a,NET.5,NET.5: Võrkupääsu reguleerimise süsteem,3.4,3.4 Kõrgmeetmed,244215b17b6a136e16025144aa1b2d4f,NET.5.M25,NET.5.M25 NAC-lahenduse integreerimine turvaseirega,"Vastutaja:  IT-juht 
 Elutsükli etapp:  Käitamine 
 Turvakomponent:  A 
   
 a. Kesksed NAC-lahenduse komponendid ja NAC-lahenduse poolt kasutatavad kesksed teenused on integreeritud turvaseire lahendusega. 
 b. NAC-spetsiifilised turvasündmused käivitavad automaatse teavituse. 
 c. Kui organisatsioon kasutab automatiseeritud süsteeme sissetungi tunnuste avastamiseks ja neist alarmeerimiseks (ingl  Intrusion Detection System , IDS), on sellesse integreeritud ka NAC-lahenduse komponendid.",IT-juht,
d2abd19b0a6e0f94909d01708733289a,NET.5,NET.5: Võrkupääsu reguleerimise süsteem,3.4,3.4 Kõrgmeetmed,402ba5d9f586ca879dae9f2228e56361,NET.5.M26,NET.5.M26 Kesksete NAC-lahenduse komponentide kõrgkäideldavuse tagamine,"Vastutaja:  IT-juht 
 Elutsükli etapp:  Käitamine 
 Turvakomponent:  A 
   
 a. Kesksed NAC-lahenduse komponendid on paigaldatud liiasusega. 
 b. Kõrgkäideldavuse jaoks olulised parameetrid on integreeritud seire- ja logimissüsteemidega. 
 c. NAC-lahenduse mittetoimimise puhuks on koostatud taasteprotseduurid ei alanda võrgu turvataset.",IT-juht,
10b7160eaec5340020f589367a2ca2cb,NET.1.3,NET.1.3: Raadiokohtvõrk,3.2,3.2 Põhimeetmed,8b858655572810e4f43382e48756452c,NET.1.3.M1,NET.1.3.M1 Raadiokohtvõrgu arhitektuur,"Vastutaja:  IT-juht 
 Elutsükli etapp:  Kavandamine 
   
 a. Raadiokohtvõrgu (ingl  Wireless Local Area Network , WLAN) kasutuselevõtuks on koostatud kava, milles määratakse: 
 
 raadiokohtvõrgu kasutamise eesmärk ja seos äriprotsessidega; 
 kasutuspiirkonnad ja asukohad; 
 toetatavad funktsioonid ja rakendused; 
 andmeliigid, mille edastamine raadiokohtvõrgus ei ole lubatud; 
 rakendatavad turvanõuded. 
 
 b. Raadiokohtvõrgu kavandamisel määratakse raadiokohtvõrgu taristu halduse eest vastutajad ning töötatakse välja haldusprotseduurid.",IT-juht,
10b7160eaec5340020f589367a2ca2cb,NET.1.3,NET.1.3: Raadiokohtvõrk,3.2,3.2 Põhimeetmed,0d87512559c64639f18cecbe2a2d5c38,NET.1.3.M2,NET.1.3.M2 Raadiokohtvõrgu kavandamine,"Vastutaja:  IT-juht 
 Elutsükli etapp:  Kavandamine 
   
 a. Raadiokohtvõrgu kavandamisel hinnatakse: 
 
 kasutatavate seadmete hulka ja tüüpe, et tagada võrgu töökindlus ja vältida häiringuid; 
 raadiolevi mõjutavaid keskkonnatingimusi; 
 väärkasutuse mõju vähendavaid turvafunktsioone ja -seadistusi. 
 
 b. Raadiokohtvõrku liidetakse ainult organisatsiooni kehtestatud nõuetele vastavaid pääsupunkte (ingl  Wireless Access Point ). 
 c. Raadiokohtvõrgu kavandamisel välistatakse seadmed, mis ei toeta ajakohaseid turvalisi autentimis- ja krüpteerimismehhanisme. 
 d. Raadiokohtvõrgu võrgusegmendid on eraldatud kohtvõrgu segmentidest.",IT-juht,
10b7160eaec5340020f589367a2ca2cb,NET.1.3,NET.1.3: Raadiokohtvõrk,3.2,3.2 Põhimeetmed,ee161d2180f0dc59cfc376d08b409c74,NET.1.3.M3,NET.1.3.M3 Turvaline krüptomehhanism,"Vastutaja:  IT-juht 
 Elutsükli etapp:  Käitamine 
   
 a. Kogu raadiokohtvõrgu andmeliiklus on krüptograafiliselt kaitstud. 
 b. Lihtsalt murtavate krüpteerimisprotokollide kasutamine on blokeeritud. 
 c. Andmeside krüpteerimisvõtit muudetakse regulaarselt.",IT-juht,
10b7160eaec5340020f589367a2ca2cb,NET.1.3,NET.1.3: Raadiokohtvõrk,3.2,3.2 Põhimeetmed,a7908b6a73f13ddf0cf511e333d51b90,NET.1.3.M4,NET.1.3.M4 Raadiokohtvõrgu kvaliteedikontroll,"Vastutaja:  IT-juht 
 Elutsükli etapp:  Käitamine 
   
 a. Raadikohtvõrgu toimivust ja võrgu teenusekvaliteeti mõõdetakse regulaarselt, sealhulgas hinnatakse: 
 
 läbilaskevõimet (ingl  bandwidth ); 
 latentsust (ingl  latency ); 
 paketikadu (ingl  packet loss ).",IT-juht,
10b7160eaec5340020f589367a2ca2cb,NET.1.3,NET.1.3: Raadiokohtvõrk,3.2,3.2 Põhimeetmed,3849ba4cacf6cb9408ef86d75cb6949e,NET.1.3.M5,NET.1.3.M5 Pilvkontrolleri turvaline seadistus,"Vastutaja:  IT-juht 
 Elutsükli etapp:  Käitamine 
   
 a. Pilvkontrolleri haldusliidestele juurdepääs on kaitstud mitmetasemelise autentimisega. 
 b. Haldussessioonile on kehtestatud piiratud kehtivusaeg, mis vähendab volitamata kasutuse riski. 
 c. Pilvpõhise raadiokohtvõrgu haldusmudeli sobivust hinnatakse regulaarselt, arvestades turvariske ja organisatsiooni vajadusi.",IT-juht,
10b7160eaec5340020f589367a2ca2cb,NET.1.3,NET.1.3: Raadiokohtvõrk,3.2,3.2 Põhimeetmed,66e55f087d778637c554039e65031f53,NET.1.3.M6,NET.1.3.M6 Külalisvõrgu turvaline seadistus,"Vastutaja:  IT-juht 
 Elutsükli etapp:  Käitamine 
   
 a. Külalisvõrk on eraldatud organisatsiooni sisevõrgust ning võimaldab juurdepääsu ainult internetile. 
 b. Andmeliiklus külalisvõrgus läbib võrgupõhise tulemüüri reegleid. 
 c. Külalisvõrgu klientseadmete vaheline otsesuhtlus on blokeeritud.",IT-juht,
10b7160eaec5340020f589367a2ca2cb,NET.1.3,NET.1.3: Raadiokohtvõrk,3.2,3.2 Põhimeetmed,ac242d3cb587adb16134cc25c4298b0f,NET.1.3.M8,NET.1.3.M8 Raadiokohtvõrgu ründekaitse,"Vastutaja:  IT-juht 
 Elutsükli etapp:  Käitamine 
   
 a. Raadiokohtvõrgus rakendatakse meetmeid rünnete tuvastamiseks ja piiramiseks (nt volitamata pääsupunktide tuvastamine ja häirete jälgimine). 
 b. Ründe või väärkasutuse tuvastamisel on võimalik piirata või ajutiselt katkestada raadiokohtvõrgu toimimine, sealhulgas vajadusel blokeerida pääsupunktide töö.",IT-juht,
10b7160eaec5340020f589367a2ca2cb,NET.1.3,NET.1.3: Raadiokohtvõrk,3.2,3.2 Põhimeetmed,bb362d9a6515afa65608fd98df5d8ace,NET.1.3.M9,NET.1.3.M9 Raadiokohtvõrgu turvaline ühendamine kaabelvõrguga,"Vastutaja:  IT-juht 
 Elutsükli etapp:  Käitamine 
   
 b. Iga võrgunime (SSID) jaoks on kasutusele võetud eraldi virtuaalne kohtvõrk (VLAN). 
 c. Raadiokohtvõrgust kohtvõrgule juurdepääs on lubatud ainult tulemüüri kaudu.",IT-juht,
10b7160eaec5340020f589367a2ca2cb,NET.1.3,NET.1.3: Raadiokohtvõrk,3.3,3.3 Standardmeetmed,5e8f3dbcff26d17eded3b4dffa6c3d4e,NET.1.3.M10,NET.1.3.M10 Raadiokohtvõrgu turvajuhend,"Vastutaja:  IT-juht 
 Elutsükli etapp:  Kavandamine 
   
 a. Organisatsiooni infoturvapoliitika alusel on kehtestatud raadiokohtvõrgu turvajuhend. 
 b. Raadiokohtvõrgu turvajuhendis on määratud vähemalt: 
 
 kes tohib paigaldada, seadistada ja kasutada raadiokohtvõrgu komponente; 
 raadiokohtvõrgu komponentide turvameetmed ja tüüpkonfiguratsioonid; 
 raadiokohtvõrgu komponentide haldamise kord; 
 raadiokohtvõrgu tegevuste logimise ja seire korraldus; 
 turvaprobleemidest teavitamise kord. 
 
 c. Raadiokohtvõrgu turvajuhendi järgimist kontrollitakse regulaarselt.",IT-juht,
10b7160eaec5340020f589367a2ca2cb,NET.1.3,NET.1.3: Raadiokohtvõrk,3.3,3.3 Standardmeetmed,8489cf0a79fd6c1ad5c51529124126fe,NET.1.3.M11,NET.1.3.M11 Sobivad raadiokohtvõrgu komponendid,"Vastutaja:  IT-juht 
 Elutsükli etapp:  Kavandamine 
   
 a. Raadiokohtvõrgu taristu kavandamise tulemuste alusel on raadiokohtvõrgu komponentide valimiseks koostatud nõuete spetsifikatsioon. 
 b. Kõik raadiokohtvõrgu komponendid on kokkusobivad võrgu-, turva-, autentimis-, seire- ja logitaristutega.",IT-juht,
10b7160eaec5340020f589367a2ca2cb,NET.1.3,NET.1.3: Raadiokohtvõrk,3.3,3.3 Standardmeetmed,2d2d45d5c155149aca7a2242a6ec79c3,NET.1.3.M12,NET.1.3.M12 Raadiokohtvõrgu turvaline haldus,"Vastutaja:  IT-juht 
 Elutsükli etapp:  Käitamine 
   
 a. Raadiokohtvõrku hallatakse kesksete haldusvahenditega. 
 b. Raadiokohtvõrgu haldus hõlmab vähemalt: 
 
 pääsupunktide ja raadiokohtvõrgu klientseadmete püsivaraversioonide uuendamist ja selle dokumenteerimist; 
 konfiguratsioonimuudatuste haldamist ja nende muudatuste dokumenteerimist; 
 alarmteadete analüüsi ja hindamist; 
 rikkeotsingut; 
 tegevusi intsidendikahtluse korral; 
 logimist ja logiandmete analüüsi. 
 
 c. Kasutatav halduslahendus vastab raadiokohtvõrgu turvajuhendi nõuetele.",IT-juht,
10b7160eaec5340020f589367a2ca2cb,NET.1.3,NET.1.3: Raadiokohtvõrk,3.3,3.3 Standardmeetmed,be4cc30c7aca6d21fd1df8bd395caf3f,NET.1.3.M13,NET.1.3.M13 Raadiokohtvõrgu regulaarne turvakontroll,"Vastutaja:  Infoturbejuht 
 Elutsükli etapp:  Käitamine 
   
 a. Raadiokohtvõrku kontrollitakse regulaarselt turvanõrkuste tuvastamiseks. 
 b. Kontrolli käigus tuvastatakse raadiokohtvõrku lubamatult paigaldatud pääsupunkte. 
 d. Raadiokohtvõrgu turvanõrkuste avastamiseks viiakse perioodiliselt läbi raadiokohtvõrgu turvatestimine. 
 e. Turvakontrollide tulemused dokumenteeritakse, kõrvalekalded analüüsitakse ja võimalusel kõrvaldatakse.",IT-juht,
10b7160eaec5340020f589367a2ca2cb,NET.1.3,NET.1.3: Raadiokohtvõrk,3.4,3.4 Kõrgmeetmed,2be59b9e1c4f8c83db7a1e93f906770d,NET.1.3.M15,NET.1.3.M15 Andmeside täiendav turve raadiokohtvõrgus,"Vastutaja:  IT-juht 
 Elutsükli etapp:  Käitamine 
 Turvakomponent:  C; I 
   
 a. Raadiokohtvõrgu kaudu edastatava andmeside täiendavaks kaitseks rakendatakse virtuaalse privaatvõrgu (ingl  Virtual Private Network , VPN) või sellega samaväärset tehnoloogiat.",IT-juht,
10b7160eaec5340020f589367a2ca2cb,NET.1.3,NET.1.3: Raadiokohtvõrk,3.4,3.4 Kõrgmeetmed,a602d3d49ffcc356067bc65112e645a8,NET.1.3.M16,NET.1.3.M16 Raadiokohtvõrgu ja kaabelvõrgu vahelise ühenduse lisaturve,"Vastutaja:  IT-juht 
 Elutsükli etapp:  Käitamine 
 Turvakomponent:  C; I 
   
 a. Raadiokohtvõrgu ja kaabelvõrgu vahelise ühenduse lisaturbeks on kasutusel sissetungituvastuse süsteem (ingl  Intrusion Detection System , IDS). 
 b. Raadiokohtvõrgu ja kaabelvõrgu vahelise ühenduse lisaturbeks on kasutusel sissetungitõrje süsteem (ingl  Intrusion Prevention system , IPS).",IT-juht,
10b7160eaec5340020f589367a2ca2cb,NET.1.3,NET.1.3: Raadiokohtvõrk,3.4,3.4 Kõrgmeetmed,a77ff453531af34e46571870fdaf6d34,NET.1.3.M18,NET.1.3.M18 Raadiokohtvõrgu sissetungituvastuse ja -tõrje tööriistad,"Vastutaja:  IT-juht 
 Elutsükli etapp:  Käitamine 
 Turvakomponent:  C; I; A 
   
 a. Nõrkuste ja turvasündmuste avastamiseks raadiokohtvõrgus on kasutusel raadiovõrkude jaoks mõeldud sissetungituvastuse (ingl  Wireless Intrusion Detection System , WIDS). 
 b. Nõrkuste ja turvasündmuste avastamiseks raadiokohtvõrgus on kasutusel raadiovõrkude jaoks mõeldud sissetungitõrje (ingl  Wireless Intrusion Prevention System , WIPS) süsteemid.",IT-juht,
7a9bd690b97ddaa367954de3f97d0b24,NET.1.4,NET.1.4: Virtuaalne privaatvõrk,3.2,3.2 Põhimeetmed,0808861d263fc8991a0528b7e2f13044,NET.1.4.M3,NET.1.4.M3 Virtuaalse privaatvõrgu komponentide turvaline paigaldamine,"Vastutaja:  IT-juht 
 Elutsükli etapp:  Käitamine 
   
 a. VPN-seadmetele või komponentidele on tagatud tootjapoolne tugi. 
 b. VPN-komponente paigaldavad üksnes vastava kvalifikatsiooniga töötajad. 
 c. VPN-komponentide paigaldusprotsess ja võimalikud kõrvalekalded paigaldusjuhendist dokumenteeritakse. 
 d. VPN funktsionaalsust ja turvamehhanismide toimimist testitakse enne kasutuselevõttu.",IT-juht,
7a9bd690b97ddaa367954de3f97d0b24,NET.1.4,NET.1.4: Virtuaalne privaatvõrk,3.2,3.2 Põhimeetmed,8ec6dac405837acefdec029fa57cb908,NET.1.4.M4,NET.1.4.M4 Virtuaalse privaatvõrgu dokumentatsioon,"Vastutaja:  IT-juht 
 Elutsükli etapp:  Käitamine 
   
 a. VPN tehniline lahendus ja seadistus on dokumenteeritud. 
 c. VPN tehnilise lahenduse dokumentatsioon sisaldab vähemalt: 
 
 VPN-komponentide liidestust kohtvõrguga; 
 kasutatavate seadmete, protokollide ja krüptomehhanismide kirjeldusi; 
 lõppkasutaja autentimismehhanismi kirjeldust.",IT-juht,
7a9bd690b97ddaa367954de3f97d0b24,NET.1.4,NET.1.4: Virtuaalne privaatvõrk,3.2,3.2 Põhimeetmed,7a4bfcdd62d1e614faec18337a40ee49,NET.1.4.M5,NET.1.4.M5 Virtuaalse privaatvõrgu juurdepääsude regulaarne ülevaatus,"Vastutaja:  IT-juht 
 Elutsükli etapp:  Käitamine 
   
 a. Virtuaalse privaatvõrgu juurdepääsud vaadatakse regulaarselt üle, et tagada ligipääs üksnes volitatud kasutajatele ja IT-süsteemidele. 
 b. Ülevaatuse käigus tuvastatud mittevajalikud, aegunud või põhjendamata VPN-juurdepääsud desaktiveeritakse viivitamata ning eemaldatakse.",IT-juht,
7a9bd690b97ddaa367954de3f97d0b24,NET.1.4,NET.1.4: Virtuaalne privaatvõrk,3.2,3.2 Põhimeetmed,ca38cb8c32fc6f6d645ccbc43b278509,NET.1.4.M12,NET.1.4.M12 Virtuaalse privaatvõrgu kasutajate pääsuhaldus,"Vastutaja:  IT-juht 
 Elutsükli etapp:  Käitamine 
   
 a. Virtuaalse privaatvõrgu kasutajate pääsuhaldus on tsentraliseeritud. 
 b. VPN-i kasutajate autentimist ja pääsuõiguste haldust toetavad süsteemid on kaitstud lubamatu juurdepääsu eest ning neid hallatakse turvaliselt.",IT-juht,
7a9bd690b97ddaa367954de3f97d0b24,NET.1.4,NET.1.4: Virtuaalne privaatvõrk,3.3,3.3 Standardmeetmed,bbdc1668daae9b542e8225ec151137d5,NET.1.4.M6,NET.1.4.M6 Virtuaalse privaatvõrgu nõuete analüüs,"Vastutaja:  IT-juht 
 Elutsükli etapp:  Kavandamine 
   
 a. Virtuaalse privaatvõrgu vajaduse hindamisel viiakse läbi VPN riist- ja tarkvarakomponentide nõuete analüüs. 
 b. VPN komponentide nõuete analüüsis võetakse arvesse vähemalt: 
 
 hõlmatavad äriprotsessid; 
 juurdepääsukanalid; 
 identifitseerimis- ja autentimismeetodid; 
 kasutajad ja nende kasutajaõigused; 
 vastutused ja kohustused; 
 turvasündmustest teavitamise korraldus.",IT-juht,
7a9bd690b97ddaa367954de3f97d0b24,NET.1.4,NET.1.4: Virtuaalne privaatvõrk,3.3,3.3 Standardmeetmed,d1dfadc23d327243b423cb05b2bfb5c1,NET.1.4.M7,NET.1.4.M7 Virtuaalse privaatvõrgu tehnilise teostuse kava,"Vastutaja:  IT-juht 
 Elutsükli etapp:  Kavandamine 
   
 a. Koostatakse virtuaalse privaatvõrgu tehnilise teostuse kava, mis sisaldab vähemalt: 
 
 võrgu topoloogia kirjeldust; 
 VPN pääsupunktide loendit; 
 kasutatavaid krüpteerimismeetodeid, -vahendeid ja nende seadistusi. 
 
 b. VPN tehnilise teostuse kavas määratletakse võrgusegmendid ja alamvõrgud, millele VPN-i kaudu juurdepääs on lubatud, arvestades kasutajate rolle ja juurdepääsuõigusi.",IT-juht,
7a9bd690b97ddaa367954de3f97d0b24,NET.1.4,NET.1.4: Virtuaalne privaatvõrk,3.3,3.3 Standardmeetmed,8f20921aaa21d351c24d4f5f51e48140,NET.1.4.M11,NET.1.4.M11 Turvaline VPN ühenduse algatamine,"Vastutaja:  IT-juht 
 Elutsükli etapp:  Käitamine 
   
 a. VPN-ühenduse loomisel kasutatakse mitmikautentimist (ingl  Multi-factor Authentication , MfA). 
 b. VPN-ühenduse loomine on lubatud ainult määratud kasutajatele ja IT-süsteemidele.",IT-juht,
7a9bd690b97ddaa367954de3f97d0b24,NET.1.4,NET.1.4: Virtuaalne privaatvõrk,3.4,3.4 Kõrgmeetmed,dc0fc3bf5905ee03dee60cf2fd5312c3,NET.1.4.M13,NET.1.4.M13 VPN liikluse süvakontroll,"Vastutaja:  IT-juht 
 Elutsükli etapp:  Käitamine 
 Turvakomponent:  C; I 
   
 a. Virtuaalse privaatvõrgu andmeliiklus on suunatud läbi keskse tulemüüri, kus see allutatakse turvapoliitikale vastavale kontrollile ja filtreerimisele. 
 b. Kasutusesoleva virtuaalse privaatvõrgu tehnoloogia integratsioon tulemüüriga on dokumenteeritud.",IT-juht,
c7edbc0f09ee992b568ad2e84db728fe,NET.3.5,NET.3.5: Raadiokohtvõrgu komponent,3.2,3.2 Põhimeetmed,bc557c4abb1fc08c3bedf13d09a706c2,NET.3.5.M1,NET.3.5.M1 Raadiokohtvõrgu komponendi turvaline paiknemine,"Vastutaja:  Haldusjuht 
 Elutsükli etapp:  Käitamine 
 Turvakomponent:  A 
   
 a. Raadiokohtvõrgu komponent ei ole kõrvalistele isikutele lihtsalt juurdepääsetav. 
 b. Kasutatakse meetmeid raadiolainete levi piiramiseks nõutavast levialast välja jäävatele aladele. 
 c. Välistes tingimustes asuvad antennid ja pääsupunktid on kaitstud ilmastikumõju ja elektriliste häiringute eest. 
 d. Pääsupunktid on võrgutaristuga ühendatud kaabelühendustega.",IT-juht,
c7edbc0f09ee992b568ad2e84db728fe,NET.3.5,NET.3.5: Raadiokohtvõrgu komponent,3.2,3.2 Põhimeetmed,c8fb3ad247317645b0191dd19439f306,NET.3.5.M2,NET.3.5.M2 Raadiokohtvõrgu komponendi turvaline seadistus,"Vastutaja:  IT-juht 
 Elutsükli etapp:  Käitamine 
   
 a. Raadiokohtvõrgu komponendi tootja poolt tehtud eelseadistused muudetakse enne seadme võrku lisamist. 
 b. Raadiokohtvõrgu võrgunimi (ingl  Service Set Identifier , SSID) ei võimalda teha järeldusi riistvara, organisatsiooni, teenuseandja või kasutusotstarbe kohta. 
 c. Raadiokohtvõrgu komponendi tarbetud teenused on desaktiveeritud ja haldusjuurdepääs piiratud vaid volitatud süsteemihalduritele. 
 d. Raadiokohtvõrgu komponendi tootjapoolsed võrguründe avastamise ja tõrjumise meetmed on aktiveeritud.",IT-juht,
c7edbc0f09ee992b568ad2e84db728fe,NET.3.5,NET.3.5: Raadiokohtvõrgu komponent,3.2,3.2 Põhimeetmed,8139f5bc748b43349ea4e606abee5053,NET.3.5.M3,NET.3.5.M3 Raadiokohtvõrgu komponendi haldus,"Vastutaja:  IT-juht 
 Elutsükli etapp:  Käitamine 
 Turvakomponent:  C 
   
 b. Raadiokohtvõrgu komponendi autentimine raadiokohtvõrgu haldussüsteemi toimub ainult seadmepõhise sertifikaadi alusel. 
 d. Andmeside raadiokohtvõrgu komponendi ja raadiokohtvõrgu haldussüsteemi vahel toimub üksnes krüpteeritult. 
 e. Kasutusel on raadiovõrgu komponendi tootjapoolne kõige värskem tarkvaraversioon.",IT-juht,
c7edbc0f09ee992b568ad2e84db728fe,NET.3.5,NET.3.5: Raadiokohtvõrgu komponent,3.2,3.2 Põhimeetmed,5f287ada0c10fbf11dcee358b2a16045,NET.3.5.M4,NET.3.5.M4 Raadiokohtvõrgu klientide isoleerimine,"Vastutaja:  IT-juht 
 Elutsükli etapp:  Käitamine 
 Turvakomponent:  C 
   
 a. Raadiokohtvõrgu klientide omavaheline kommunikatsioon peab olema täielikult tõkestatud.",IT-juht,
6b735587e1714694a5494449ac9b1f8d,SYS.1.1,SYS.1.1: Server üldiselt,3.2,3.2 Põhimeetmed,dba8557118af0061c64e412367e2d080,SYS.1.1.M1,SYS.1.1.M1 Serveri kasutuselevõtu kava,"Vastutaja:  IT-juht 
 Elutsükli etapp:  Kavandamine 
   
 a. Serveri kasutuselevõtu kavandamisel on arvestatud järgmist: 
 
 operatsioonisüsteem ja rakendustarkvara; 
 sooritusvõime, mälumaht, läbilaskevõime; 
 sideliideste tüüp ja arv; 
 halduse korraldus; 
 kasutajate pääsuõigused; 
 logimine; 
 seire; 
 serveri IT-komponentide ajakohastamine; 
 integratsioon olemasolevate võrguhalduse, andmevarunduse ja infoturbe lahendustega. 
 
 b. Serveri kasutuselevõtu kavandamisel tehtud otsused on dokumenteeritud.",IT-juht,
6b735587e1714694a5494449ac9b1f8d,SYS.1.1,SYS.1.1: Server üldiselt,3.2,3.2 Põhimeetmed,113687189ed766cbdf1c7697436edd20,SYS.1.1.M2,SYS.1.1.M2 Kasutajate autentimine,"Vastutaja:  IT-juht 
 Elutsükli etapp:  Käitamine 
   
 a. Serveri kasutajate autentimiseks kasutatakse võimalusel keskset autentimislahendust. 
 b. Kasutajate identifitseerimiseks kasutatakse ainult isikustatud kasutajakontosid. 
 c. Kõigile süsteemihalduritele on rakendatud mitmikautentimine (ingl  multifactor authentication ).",IT-juht,
6b735587e1714694a5494449ac9b1f8d,SYS.1.1,SYS.1.1: Server üldiselt,3.2,3.2 Põhimeetmed,5ed82332aa95cc7ec7fafcc33e9cfb06,SYS.1.1.M3,SYS.1.1.M3 Serveri kaughaldus,"Vastutaja:  IT-juht 
 Elutsükli etapp:  Käitamine 
   
 a. Serveri kaughalduseks kasutatakse üksnes turvalisi protokolle. 
 b. Otsejuurdepääs kaughallatavasse serverisse avalikust võrgust on blokeeritud. 
 c. Juurdepääs serverisse toimub kas VPN või selleks otstarbeks loodud hüppeserveri (ingl  jump server ) vahendusel. 
 d. Serveri kaughalduses kasutatakse alati kasutaja mitmikautentimist.",IT-juht,
6b735587e1714694a5494449ac9b1f8d,SYS.1.1,SYS.1.1: Server üldiselt,3.2,3.2 Põhimeetmed,ef85ef989b12ef05fd28cb3bc350079b,SYS.1.1.M5,SYS.1.1.M5 Serveri töödokumentatsioon,"Vastutaja:  IT-juht 
 Elutsükli etapp:  Käitamine 
   
 a. Serveri käitusega seotud toimingud, sooritajad ja toimingu tulemid on arusaadavalt dokumenteeritud. 
 b. Kõik serveri konfiguratsioonimuudatused peavad olema talletatud dokumentatsiooni alusel jälgitavad. 
 c. Serveri turvaseaded vastavad kehtestatud turvapoliitikatele ja -juhenditele. 
 d. Kõik serveri käitusega seotud toimingud, mida on võimalik dokumenteerida automaatselt, on logitud automaatselt. 
 f. Serveri töödokumentatsioon on kaitstud volitamata juurdepääsu eest.",IT-juht,
6b735587e1714694a5494449ac9b1f8d,SYS.1.1,SYS.1.1: Server üldiselt,3.2,3.2 Põhimeetmed,5463716d219b835f9d2c12cc6a0b821d,SYS.1.1.M6,SYS.1.1.M6 Tarbetu funktsionaalsuse desaktiveerimine,"Vastutaja:  IT-juht 
 Elutsükli etapp:  Käitamine 
   
 a. Kõik tarbetud teenused või tarbetu funktsionaalsus on serveris desaktiveeritud või desinstallitud. 
 b. Kõik tarbetud serverikomponentide püsivara (ingl  firmware ) funktsioonid on desaktiveeritud.",IT-juht,
6b735587e1714694a5494449ac9b1f8d,SYS.1.1,SYS.1.1: Server üldiselt,3.2,3.2 Põhimeetmed,f6c18ba7982d29b2c7101070beff60f4,SYS.1.1.M9,SYS.1.1.M9 Kahjurvaratõrje rakendamine serveril,"Vastutaja:  IT-juht 
 Elutsükli etapp:  Käitamine 
   
 a. Serveri kahjurvaratõrje rakenduse valikul on lähtutud serveri pakutavast teenustest ja teenindatava äriprotsessi vajadustest. 
 b. Serveris kasutatav kahjurvaratõrje rakendus suudab otsida kahjurvara nii reaalajas kui nõudmisel käitamisel.",IT-juht,
6b735587e1714694a5494449ac9b1f8d,SYS.1.1,SYS.1.1: Server üldiselt,3.2,3.2 Põhimeetmed,1461c100cb11c914001ede8a80379d7d,SYS.1.1.M10,SYS.1.1.M10 Serveri turvasündmuste keskne logimine,"Vastutaja:  IT-juht 
 Elutsükli etapp:  Käitamine 
   
 b. Turvasündmuste logid talletatakse keskses logiserveris. 
 c. Logitakse kõik turbe jaoks olulised sündmused, sh vähemalt: 
 
 süsteemi alglaadimised (ingl  Booting ); 
 operatsioonisüsteemi ja rakendustesse sisselogimised ja sisselogimiskatsed; 
 õiguste ületamise katsed; 
 pääsuloendite või tulemüürireeglite rikkumiskatsed; 
 kasutajate ja kasutajarühmade loomine või kasutajaseadistuste muutmine; 
 turvalisust puudutavad tõrketeated; 
 rakendatud turvamehhanismide hoiatusteated.",IT-juht,
6b735587e1714694a5494449ac9b1f8d,SYS.1.1,SYS.1.1: Server üldiselt,3.3,3.3 Standardmeetmed,7ff7d7aee8d97466ba0396f472cbeec6,SYS.1.1.M7,SYS.1.1.M7 Serveri turvaline installimine,"Vastutaja:  IT-juht 
 Elutsükli etapp:  Käitamine 
   
 a. Serveri süsteemi- ja rakendustarkvara hangitakse ainult autentsetest ja usaldusväärsetest allikatest. 
 b. Serveri installimine ja seadistamine viiakse läbi tootmiskeskkonnast (ingl  Production Environment ) eraldatud paigalduskeskkonnas. 
 c. Serveri seadistamisel lähtutakse tootja turvasoovitustest. 
 e. Serveri turvaseadeid kontrollitakse enne serveri käikuandmist ja pärast iga serveris tehtavat muudatust. 
 g. Kui serveri tööks on vajalik internetiühendus, ühendatakse server Internetiga alles pärast installimise ja konfigureerimise lõpetamist.",IT-juht,
6b735587e1714694a5494449ac9b1f8d,SYS.1.1,SYS.1.1: Server üldiselt,3.3,3.3 Standardmeetmed,c55642901ffc336e2054639a39af5861,SYS.1.1.M8,SYS.1.1.M8 Serveri koormusnäitajate pidev seire,"Vastutaja:  IT-juht 
 Elutsükli etapp:  Käitamine 
   
 a. Serveri olulisemaid koormusnäitajaid jälgitakse pidevat seiret võimaldavate töövahenditega. 
 b. Ettenähtud piirnäitajate ületamisest ja tõrgete tekkimisest teavitatakse koheselt serveri haldureid. 
 c. Serveri jõudlusnäitajate piirmäärade määratlemisel ja nendest alarmeerimisel arvestatakse serverite ärikriitilisust ja kaitsetarvet. 
 d. Kasutajale eraldatav salvestusruum on piiratud kettakvoodiga (ingl  disc quota ).",IT-juht,
6b735587e1714694a5494449ac9b1f8d,SYS.1.1,SYS.1.1: Server üldiselt,3.3,3.3 Standardmeetmed,f531e339f1966b9659134cde483319bd,SYS.1.1.M19,SYS.1.1.M19 Serveri lokaalne paketifilter,"Vastutaja:  IT-juht 
 Elutsükli etapp:  Käitamine 
   
 a. Serveri võrguliiklus on seadistatud läbima lokaalset paketifiltrit (ingl  Packet Filter ). 
 c. Serveri lokaalne paketifilter aktsepteerib nii sisenevaid kui väljuvaid andmesideseansse ainult määratud osapooltega, kasutades üksnes määratud porte ja protokolle. 
 e. Serveri lokaalse paketifiltri konfiguratsiooni kontrollitakse regulaarselt ja vajadusel korrigeeritakse. 
 f. Mittevajalikud protokollid, pordid ja liidesed on serveri lokaalse paketifiltri seadistuses blokeeritud.",IT-juht,
6b735587e1714694a5494449ac9b1f8d,SYS.1.1,SYS.1.1: Server üldiselt,3.3,3.3 Standardmeetmed,d2068b41c55b8913a5a9a54d834b805b,SYS.1.1.M26,SYS.1.1.M26 Andmete krüpteerimine serveri andmekandjatel,"Vastutaja:  IT-juht 
 Elutsükli etapp:  Käitamine 
 Turvakomponent:  C; I 
   
 a. Serveri andmekandjad on krüpteeritud usaldusväärse ja eelnevalt kavandatud lahendusega. 
 c. Serveri andmekandjate krüpteerimiseks kasutatavad võtmed ja -paroolid vastavad organisatsiooni määratud nõuetele. 
 d. Serveri andmekandjate krüpteerimise taasteparool on talletatud turvalises välises asukohas.",IT-juht,
6b735587e1714694a5494449ac9b1f8d,SYS.1.1,SYS.1.1: Server üldiselt,3.4,3.4 Kõrgmeetmed,06bf6261cbe30a370cc121f6e880f301,SYS.1.1.M20,SYS.1.1.M20 Serveri hostipõhine ründekaitse,"Vastutaja:  IT-juht 
 Elutsükli etapp:  Käitamine 
 Turvakomponent:  I; A 
   
 a. Küberrünnete tuvastamiseks on kasutusel hostipõhine sissetungituvastuse (ingl  Host-Based Intrusion Detection System , HIDS) ja sissetungitõrje (ingl  Host-Based Intrusion Prevention System , HIPS) lahendus. 
 b. Anomaaliate avastamiseks kontrollitakse automaatselt: 
 
 serverisüsteemi konfiguratsiooni terviklust; 
 muudatusi failisüsteemi jaotistes, mis ei sisalda kasutajaandmeid; 
 põhimälus töödeldavate protsesside lubatavust. 
 
 c. Kasutatavad sissetungituvastuse/sissetungitõrje mehhanismid on sobivalt konfigureeritud ja testitud.",IT-juht,
6b735587e1714694a5494449ac9b1f8d,SYS.1.1,SYS.1.1: Server üldiselt,3.4,3.4 Kõrgmeetmed,2ace1827e9f39a037cd3ffb50ba12590,SYS.1.1.M21,SYS.1.1.M21 Ebavajalike rakenduste käitamise tõkestamine,"Vastutaja:  IT-juht 
 Elutsükli etapp:  Käitamine 
 Turvakomponent:  C; I 
   
 a. Serveril on võimalik käitada ainult lubatud programme ja skripte. 
 b. Lubatud programmide nimekiri põhineb sertifikaadi kontrollil, räside (ingl  Hash ) võrdlemisel ja/või lubatud kataloogiteedel.",IT-juht,
6b735587e1714694a5494449ac9b1f8d,SYS.1.1,SYS.1.1: Server üldiselt,3.4,3.4 Kõrgmeetmed,f2531ebd343cb196dea7a8329062887d,SYS.1.1.M22,SYS.1.1.M22 Serveri süsteemifailide tugevdatud kaitse,"Vastutaja:  IT-juht 
 Elutsükli etapp:  Käitamine 
 Turvakomponent:  I 
   
 a. Tervikluse tagamiseks on juurdepääs serveri süsteemifailidele ainult lugemispääsu (ingl  Read Only ) režiimis.",IT-juht,
6b735587e1714694a5494449ac9b1f8d,SYS.1.1,SYS.1.1: Server üldiselt,3.4,3.4 Kõrgmeetmed,d65356f5c58bb84df776a8d87f1aa4cf,SYS.1.1.M23,SYS.1.1.M23 Juursertifikaadi aktiivne haldus,"Vastutaja:  IT-juht 
 Elutsükli etapp:  Käitamine 
 Turvakomponent:  C; I 
   
 a. Serveri tööks vajalike juursertifikaatide loend on dokumenteeritud ja nende sobivust kontrollitakse kokkulepitud regulaarsusega. 
 b. Serverisse on paigaldatud ainult need juursertifikaadid, mis on serveri tööks vajalikud.",IT-juht,
6b735587e1714694a5494449ac9b1f8d,SYS.1.1,SYS.1.1: Server üldiselt,3.4,3.4 Kõrgmeetmed,00df9b9251983b07a473397d671e297f,SYS.1.1.M24,SYS.1.1.M24 Liiasuse kavandamine,"Vastutaja:  IT-juht 
 Elutsükli etapp:  Kavandamine 
 Turvakomponent:  A 
   
 a. Serverisüsteemi kõrgkäideldavus tagatakse liiasuse (ingl  Redundancy ) lisamisega. 
 b. Väliste tarnijate ja teenuseandjatega sõlmitud serverisüsteemide hoolduslepingud arvestavad kõrgendatud käideldavusnõudeid. 
 c. Serverisüsteemide liiasus tagatakse ühena järgmistest võimalustest: 
 
 varuserver ehk külmvaru (ingl  Cold Standby ); 
 käsitsi ümberlülitamine ehk kuumvaru (ingl  Hot Standby ); 
 koormust tasakaalustav klaster (ingl  Load Balancing Cluster ); 
 avarii-ümberlülitust võimaldav klaster (ingl  Failover Cluster ). 
 
 d. Liiasust tagava arhitektuuri loomisel arvestatakse selle kuluefektiivsust. 
 e. Väga suure käideldavuseesmärgi puhul kasutatakse mitmesse andmekeskusesse majutatud avarii-ümberlülitust võimaldavat lahendust.",IT-juht,
74807a62178947b59a5b7a17f0599fe0,SYS.1.3,SYS.1.3: Linux server,3.2,3.2 Põhimeetmed,e881bf93ba4126fc3730f64492c3b10f,SYS.1.3.M2,SYS.1.3.M2 Korrektne lokaalne kasutajatunnuste ja õiguste haldus,"Vastutaja:  IT-juht 
 Elutsükli etapp:  Käitamine 
 Turvakomponent:  C; I 
   
 a. Ükski kasutajatunnus, kasutajaidentifikaator (ingl  User Identifier , UID) ega rühmaidentifikaator (ingl  Group Identifier , GID) ei kordu. 
 b. Iga kasutaja kuulub vähemalt ühte rühma. 
 c. Kõik kasutajatunnuste failis esinevad rühmaidentifikaatorid on defineeritud rühmatunnuste failis. 
 d. Iga rühm sisaldab ainult vajalikke kasutajaid. 
 e. Kasutaja- ja rühmanimede ning kasutaja- ja rühmaidentifikaatorite määramise süsteem on ühtne üle kõigi organisatsiooni serverite.",IT-juht,
74807a62178947b59a5b7a17f0599fe0,SYS.1.3,SYS.1.3: Linux server,3.2,3.2 Põhimeetmed,cc4ab0ce73c6cea041fa8abb936c13dd,SYS.1.3.M3,SYS.1.3.M3 Irdmäluseadmete automaatse failisüsteemiga sidumise keelamine,"Vastutaja:  IT-juht 
 Elutsükli etapp:  Käitamine 
   
 a. Irdmäluseadmeid ja irdkandjaid (nt mälupulki või CD/DVD-plaate) ei saa külgeühendamisel automaatselt failisüsteemiga siduda.",IT-juht,
74807a62178947b59a5b7a17f0599fe0,SYS.1.3,SYS.1.3: Linux server,3.2,3.2 Põhimeetmed,2703787aea711680d999c73faed0f3a4,SYS.1.3.M4,SYS.1.3.M4 Rakenduste kaitsmine,"Vastutaja:  IT-juht 
 Elutsükli etapp:  Käitamine 
   
 a. Rakenduse nõrkuste ärakasutamise keerukamaks muutmiseks kasutavad rakendused tuumas (ingl  kernel ) aktiveeritud mehhanisme ASLR ja DEP/NX. 
 b. Tuuma ja tüüpteekide turvafunktsioonid on aktiveeritud.",IT-juht,
74807a62178947b59a5b7a17f0599fe0,SYS.1.3,SYS.1.3: Linux server,3.2,3.2 Põhimeetmed,01ca55b7c5c62e0b49d0153deaeecf78,SYS.1.3.M5,SYS.1.3.M5 Tarkvarapakettide turvaline installimine,"Vastutaja:  IT-juht 
 Elutsükli etapp:  Käitamine 
   
 a. Enne tarkvara installeerimist kontrollitakse paigaldatavate tarkvarapakettide terviklust ja autentsust. 
 b. Tarkvara kompileerimisel lähtekoodist toimub selle lahtipakkimine, konfigureerimine ja kompileerimine privilegeerimata kontoõigustes. 
 d. Tarkvara ei paigaldata serveri juurfailisüsteemi. 
 e. Kõik tarkvara paigaldamise sammud on dokumenteeritud selliselt, neid saaks vajadusel täpselt korrata.",IT-juht,
74807a62178947b59a5b7a17f0599fe0,SYS.1.3,SYS.1.3: Linux server,3.2,3.2 Põhimeetmed,cbc2c600af32c93813b08c5da5fb64d4,SYS.1.3.M8,SYS.1.3.M8 SSH-ga krüpteeritud andmevahetus,"Vastutaja:  IT-juht 
 Elutsükli etapp:  Käitamine 
   
 a. Andmevahetus on krüpteeritud SSH (ingl  Secure Shell)  protokolliga. 
 b. Kõik ebaturvalised andmevahetusprotokollid on desaktiveeritud. 
 c. Autentimine toimub kasutaja sertifikaadi alusel. 
 d. Kasutajatunnuse ja parooli komplektiga autentimine on keelatud.",IT-juht,
74807a62178947b59a5b7a17f0599fe0,SYS.1.3,SYS.1.3: Linux server,3.3,3.3 Standardmeetmed,c0cb0ef29a1527d32cf4bdd7bb13400c,SYS.1.3.M6,SYS.1.3.M6 Kasutajate ja rühmade haldus,"Vastutaja:  IT-juht 
 Elutsükli etapp:  Käitamine 
   
 a. Operatsioonisüsteemi kasutajatunnuste ja rühmade halduseks kasutatakse ainult selleks ette nähtud haldustööriistu.",IT-juht,
74807a62178947b59a5b7a17f0599fe0,SYS.1.3,SYS.1.3: Linux server,3.3,3.3 Standardmeetmed,f277a0afe641c67363771c526fab2252,SYS.1.3.M10,SYS.1.3.M10 Volitamata õiguste laiendamise takistamine,"Vastutaja:  IT-juht 
 Elutsükli etapp:  Käitamine 
 Turvakomponent:  I 
   
 a. Teenuseid ja rakendusi kaitstakse tuuma turvamooduliga (näiteks AppArmor või SELinux). 
 b. Arvesse on võetud ka chroot-keskkonnad ning LXC- või Docker-konteinerid. 
 c. Kõik turvamooduli õiguste tüüpprofiilid ja -reeglid on aktiveeritud.",IT-juht,
74807a62178947b59a5b7a17f0599fe0,SYS.1.3,SYS.1.3: Linux server,3.4,3.4 Kõrgmeetmed,e28a32795bde46f27fb43cd3e58b85cd,SYS.1.3.M14,SYS.1.3.M14 Süsteemi- ja kasutajateabe luure takistamine,"Vastutaja:  IT-juht 
 Elutsükli etapp:  Käitamine 
 Turvakomponent:  C 
   
 a. Teabe väljastamine operatsioonisüsteemi kohta ning juurdepääs logi- ja konfiguratsioonifailidele on piiratud vaid neile isikutele, kellel see on tööülesannete täitmiseks vajalik. 
 b. Käsu parameetritena (käsurealt või skriptifailist) ei esitata tundlikke andmeid. Sellised parameetrid sisestatakse halduri poolt interaktiivselt.",IT-juht,
74807a62178947b59a5b7a17f0599fe0,SYS.1.3,SYS.1.3: Linux server,3.4,3.4 Kõrgmeetmed,e6ba0956d9bc360a466df5616f81bc43,SYS.1.3.M16,SYS.1.3.M16 Volitamata õiguste laiendamise täiendav takistamine,"Vastutaja:  IT-juht 
 Elutsükli etapp:  Käitamine 
 Turvakomponent:  C; I 
   
 a. Süsteemikutsed (ingl  System Call ) on vajaduspõhiselt piiratud. 
 b. Tüüpprofiile ja -reegleid (sh  AppArmor või SELinux ) kontrollitakse turvapoliitika põhiselt.",IT-juht,
74807a62178947b59a5b7a17f0599fe0,SYS.1.3,SYS.1.3: Linux server,3.4,3.4 Kõrgmeetmed,bb1f36f1ebd380e4224746cfb3fde104,SYS.1.3.M17,SYS.1.3.M17 Linux serveri tuuma lisaturve,"Vastutaja:  IT-juht 
 Elutsükli etapp:  Käitamine 
 Turvakomponent:  C; I 
   
 a. Operatsioonisüsteemi tuuma (ingl  kernel ) on tugevdatud (nt  grsecurity, PaX ) ning täiendatud rollipõhise pääsu reguleerimisega, failisüsteemi turbe ja muude turvamehhanismidega.",IT-juht,
8281c47640eca80e37aeac82b0e544fe,NET.3.3,NET.3.3: Marsruuter,3.2,3.2 Põhimeetmed,346e18e2579c4370fbdc721e53671b1a,NET.3.3.M14,NET.3.3.M14 Liikluse filtreerimine,"Vastutaja:  IT-juht 
 Elutsükli etapp:  Käitamine 
   
 a. Marsruuteris kasutatakse liikluse lubamiseks kontroll-loendeid (ingl  Access Control List , ACL) järgnevate põhimõtete realiseerimiseks: 
 
 keelatud on kogu liiklus, mis pole konkreetselt lubatud; 
 siseneva ja väljuva võrguliikluse puhul rakendatakse loogikakontrolle võltsimise tuvastamiseks. 
 
 b. Turvakontrolli mitte-läbinud paketid ignoreeritakse.",IT-juht,
8281c47640eca80e37aeac82b0e544fe,NET.3.3,NET.3.3: Marsruuter,3.2,3.2 Põhimeetmed,c43b6551a58f0ac8c8eae3f05b876051,NET.3.3.M15,NET.3.3.M15 ICMP ja diagnostika piiramine,"Vastutaja:  IT-juht 
 Elutsükli etapp:  Käitamine 
   
 a. Aktiveeritud on marsruuteri turvafunktsionaalsus (ingl  Control Plane Protection , CoPP). 
 b. Rakendatud on ICMP ja SYN pakettide mahupiirang (ingl  rate limit ). 
 c. Blokeeritud on mittevajalikud ICMP tüübid.",IT-juht,
8281c47640eca80e37aeac82b0e544fe,NET.3.3,NET.3.3: Marsruuter,3.3,3.3 Standardmeetmed,560c528f3168444af4a09e3bd478dd4e,NET.3.3.M16,NET.3.3.M16 Turvalised marsruutimisprotokollid,"Vastutaja:  IT-juht 
 Elutsükli etapp:  Käitamine 
   
 a. Marsruutimisandmete vahetamise ja marsruutimistabeli (ingl  routing table ) uuendite edastamisel ruuterid autenditakse. 
 b. Dünaamilise marsruutimise (ingl  dynamic routing ) protokolle kasutatakse üksnes turvalistes võrkudes. 
 c. Perimeetervõrkudes (ingl  demilitarized zone , DMZ) kasutatakse marsruutimistabelil tuginevaid staatilise marsruutimise (ingl  static routing ) protokolle. 
 d. Kõik kasutatavad marsruutimisprotokollid (ingl  routing protocols ) toetavad ruuterite autentimist.",IT-juht,
8281c47640eca80e37aeac82b0e544fe,NET.3.3,NET.3.3: Marsruuter,3.3,3.3 Standardmeetmed,360ba1def54c9acf82ab43fdee47478e,NET.3.3.M17,NET.3.3.M17 Ärikriitiliste rakenduste jõudluse haldus marsruuteris,"Vastutaja:  IT-juht 
 Elutsükli etapp:  Käitamine 
 Turvakomponent:  A 
   
 a. Ärikriitiliste rakenduste tööks piisava andmeside läbilaske jõudluse tagamiseks on rakendatud: 
 
 võrguteenuste prioriseerimist; 
 vajaduspõhist koormuse jaotamist.",IT-juht,
44daedaae831010be84dac7d5fe39ffc,SYS.1.5,SYS.1.5: Virtuaalserver,3.3,3.3 Standardmeetmed,6c14dc8e50f2a973ab083d31348f83c5,SYS.1.5.M1,SYS.1.5.M1 Virtuaalserverite halduse juhend,"Vastutaja:  IT-juht 
 Elutsükli etapp:  Kavandamine 
   
 a. On kehtestatud ja dokumenteeritud protseduurid virtuaalserverite kasutuselevõtuks, arvestuseks, käitamiseks ja kasutuselt kõrvaldamiseks. 
 c. Virtuaalserverite haldusjuhendis käsitletakse vähemalt järgmist: 
 
 virtuaalserveri tüüpkonfiguratsioon; 
 virtuaalserveri juurdepääsuõigused ja kasutajarollid; 
 virtuaalserveri turvaseadistused; 
 virtuaalserveri turvauuendite paigaldamine; 
 virtuaalserveri seire. 
 
 d. Testimis- või arenduskeskkondade käitamine samas virtuaalserveris koos käidukeskkonna IT-süsteemidega on keelatud. 
 e. Ühes virtuaalserveris on lubatud käitada ainult ühte serverteenust, välja arvatud põhjendatud ja dokumenteeritud erandjuhul.",IT-juht,
44daedaae831010be84dac7d5fe39ffc,SYS.1.5,SYS.1.5: Virtuaalserver,3.4,3.4 Kõrgmeetmed,28b60bbad0f8801fd5de6abcac00fd6b,SYS.1.5.M9,SYS.1.5.M9 Virtuaalserveri andmepartitsioonide krüpteerimine,"Vastutaja:  IT-juht 
 Elutsükli etapp:  Käitamine 
 Turvakomponent:  C 
   
 a. Kõik virtualiseeritud serveri kasutatavad andmepartitsioonid on krüpteeritud hüperviisori salvestusplatvormi (nt vSphere, SAN, NAS) tasemel. 
 b. Tundlikke andmeid sisaldavad virtuaalserveri andmepartitsioonid on täiendavalt krüpteeritud hostsüsteemi tasemel. 
 c. Krüpteerimiseks kasutatud võtmeid hoitakse turvaliselt. Halduritel puudub samaaegne juurdepääs salvestusplatvormi ja hostsüsteemi krüpteerimisvõtmetele.",IT-juht,
426d332e78d8ccd307d5b575305f867e,NET.3.4,NET.3.4: Kommutaator,3.2,3.2 Põhimeetmed,5469bbe338dd152e9b96e20a1817a9e5,NET.3.4.M28,NET.3.4.M28 Võrgusegmentide turve,"Vastutaja:  IT-juht 
 Elutsükli etapp:  Käitamine 
   
 a. Kommutaatoril on seadistatud ainult sama turbevajadusega VLAN'id. 
 b. Sisevõrgu ja Interneti vahele jääva demilitariseeritud tsooni võrk ei tohi olla konfigureeritud VLAN-ina samale kommutaatorile, mis teenindab sisevõrku.",IT-juht,
426d332e78d8ccd307d5b575305f867e,NET.3.4,NET.3.4: Kommutaator,3.2,3.2 Põhimeetmed,f82cca1c295e62f4f2ca3b19bef97fe8,NET.3.4.M29,NET.3.4.M29 Kommutaatori pordipõhised seadistused,"Vastutaja:  IT-juht 
 Elutsükli etapp:  Käitamine 
   
 a. Määratud on ülemine piir erinevate MAC aadresside lubamisel ühe pordi kohta. 
 b. Seadistatud on pordi automaatne sulgemine turvareeglite rikkumise tuvastamise korral. 
 c. Rakendatud on turvamehhanismid, mis takistavad võrku ühetatud seadmel mõjutada võrgu seadistust. 
 d. Kasutuses mitteolevad pordid on desaktiveeritud.",IT-juht,
426d332e78d8ccd307d5b575305f867e,NET.3.4,NET.3.4: Kommutaator,3.3,3.3 Standardmeetmed,9b0146e6e5a623bc9db735bdb51057be,NET.3.4.M30,NET.3.4.M30 Protokolliturve,"Vastutaja:  IT-juht 
 Elutsükli etapp:  Käitamine 
   
 a. Kommutaator on määratud teostama ARP kontrolle (ingl  Dynamic ARP Inspection , DAI) veendumaks, et IP ja MAC vaheline seos on korrektne. 
 b. Mittekorrektse ARP kontrolli tulemusega võrgupaketid blokeeritakse. 
 c. DHCP snooping on aktiveeritud kõigi VLAN'de puhul selliselt, et ainult uplink ja marsruuteri pordid on määratud usaldatavateks (ingl  trusted ). 
 d. Rakendatud on DHCP päringute rate-limit piirangud, et leevendada teenustõkestuse ründeid. 
 e. Kasutatakse  snooping binding  tabelit, et siduda IP, MAC, VLAN ja port.",IT-juht,
42aa3f14759e87e5f675b314017940f6,SYS.1.7,SYS.1.7: Kubernetes,3.2,3.2 Põhimeetmed,9bf239e570c4c1247262ce6d69d0cd1b,SYS.1.7.M1,SYS.1.7.M1 Rakenduste eraldatuse kavandamine klastris,"Vastutaja:  IT-juht 
 Elutsükli etapp:  Kavandamine 
   
 a. Käidukeskkonna rakendused on eraldatud teistest rakendustest ning oma test- ja arenduskeskkondadest. 
 b. Klastri kavandamisel on arvestatud nimeruumide (ingl  Namespace ), metasiltide (ingl  Meta Tag ) ja võrkude arhitektuuri puhul rakenduste turbevajadusi. 
 c. Kavandamise käigus on koostatud võrgu, CPU ja püsimälu eraldamise reeglid. 
 d. Rakenduste eraldamine vastab organisatsiooni üldisele võrguarhitektuurile ja võrgu tsoneerimise põhimõtetele. 
 e. Iga rakendus ja kõik rakendusega seotud programmid on kavandatud töötama oma Kubernetese nimeruumis. 
 f. Ühes Kubernetese klastris on ainult ühesuguse kaitsetarbega ja sarnaste võimalike ründevektoritega rakendused.",IT-juht,
42aa3f14759e87e5f675b314017940f6,SYS.1.7,SYS.1.7: Kubernetes,3.2,3.2 Põhimeetmed,74f0042da76f67951297d8e4a1b7f5d8,SYS.1.7.M2,SYS.1.7.M2 Rakenduste arenduse automatiseerimine,"Vastutaja:  IT-juht 
 Elutsükli etapp:  Kavandamine 
   
 a. Kubernetese rakenduste arenduse automatiseerimine CI/CD (ingl  Continuous Integration / Continuous Delivery ) praktikatel hõlmab kogu rakenduse elutsüklit alates selle kavandamisest kuni kasutuselt eemaldamiseni. 
 b. CI/CD kavandamisel on määratud vajalikud rollid ning ja minimaalselt vajalikud õigused/volitused. 
 c. Automatiseerimise kavandamisel on määratud, kuidas kaitstakse Kubernetese rakendustes töödeldavaid andmeid.",IT-juht,
42aa3f14759e87e5f675b314017940f6,SYS.1.7,SYS.1.7: Kubernetes,3.2,3.2 Põhimeetmed,9732ca06e5aa590f1ea3a46ca8e09e20,SYS.1.7.M3,SYS.1.7.M3 Kubernetese identiteedi- ja õiguste halduse kavandamine,"Vastutaja:  IT-juht 
 Elutsükli etapp:  Kavandamine 
   
 a. Kõik Kubernetese ja juhttasandi (ingl  Control Plane ) rakenduste kasutajad autenditakse. 
 c. Kubernetese haldustoimingud on lubatud ainult isikustatud kasutajatele, anonüümsed toimingud on keelatud. 
 d. Kubernetese salvestusruume (ingl  Persistent Volumes ) saavad luua või muuta ainult selleks määratud haldurid.",IT-juht,
42aa3f14759e87e5f675b314017940f6,SYS.1.7,SYS.1.7: Kubernetes,3.2,3.2 Põhimeetmed,da2aa380bf1a623bb675c8b8258fd5bc,SYS.1.7.M4,SYS.1.7.M4 Pod'ide eraldamine,"Vastutaja:  IT-juht 
 Elutsükli etapp:  Käitamine 
   
 a. Kubernetese sõlme (ingl  node ) operatsioonisüsteemi tuumas on rakendatud isoleerimismehhanismid  pod 'ide ressursikasutuse (nt Linuxi nimeruumid ja  cgroups ) nähtavuse piiramiseks. 
 b.  Pod 'ide eraldamine hõlmab vähemalt protsessi ID-sid, protsessidevahelist andmevahetust, kasutaja ID-sid, failisüsteemi ja võrgusätteid.",IT-juht,
42aa3f14759e87e5f675b314017940f6,SYS.1.7,SYS.1.7: Kubernetes,3.2,3.2 Põhimeetmed,c3ccd0a0b2c49c6961cf369ec5f7ceca,SYS.1.7.M5,SYS.1.7.M5 Kubernetes klastri andmete varundamine,"Vastutaja:  IT-juht 
 Elutsükli etapp:  Käitamine 
   
 a. Kubernetes klastri andmeid ja seadistused varundatakse perioodiliselt. 
 b. Kubernetes klastri varukoopia sisaldab vähemalt järgmist: 
 
 salvestusruum (ingl  Persistent Volumes ); 
 Kubernetese ja teiste juhttasandi programmide konfiguratsioonifailid; 
 Kubernetese klastri olekuteave (sh laiendused); 
 konfiguratsiooniandmebaasid (sh  etcd ); 
 kõik taristurakendused, mis on vajalikud klastri ja selles sisalduvate teenuste toimimiseks; 
 koodi- ja tõmmiseregistrite (ingl  Image Registries ) andmed; 
 võimalusel ka rakenduste käituse hetktõmmised (ingl  Snapshot ).",IT-juht,
42aa3f14759e87e5f675b314017940f6,SYS.1.7,SYS.1.7: Kubernetes,3.3,3.3 Standardmeetmed,319fd0a4a45dd6d2a932d708aa08a255,SYS.1.7.M6,SYS.1.7.M6 Pod'i turvaline lähtestamine,"Vastutaja:  IT-juht 
 Elutsükli etapp:  Käitamine 
   
 a.  Pod 'i rakenduse lähtestamine tehakse spetsiaalses  init  konteineris. 
 b. Rakenduse lähtestamine lõpetab kõik pooleliolevad protsessid ning Kubernetese muud konteinerid käivitatakse alles pärast rakenduse edukat lähtestamist.",IT-juht,
42aa3f14759e87e5f675b314017940f6,SYS.1.7,SYS.1.7: Kubernetes,3.3,3.3 Standardmeetmed,7e4706b36ef2b036bc12a567e5ee264b,SYS.1.7.M7,SYS.1.7.M7 Kubernetese võrkude eraldamine,"Vastutaja:  IT-juht 
 Elutsükli etapp:  Käitamine 
   
 a. Kubernetes sõlmede haldusvõrgud, juhttasandi ja rakenduseteenuste üksikvõrgud on eraldatud. 
 b.  Pod 'ide võrgus on avatud ainult  pod 'i tööks vajaminevad pordid. 
 c. Kubernetese nimeruumide vahelised võrguühendused on vaikeseadistusena blokeeritud. Tööks vajalikud võrguühendused lisatakse lubatud loendisse (ingl  Whitelisting ) vastava vajaduse tekkimisel. 
 d. Sõlmede, käituskeskkonna ja Kubernetese haldamiseks vajalikud võrgupordid on juurdepääsetavad ainult haldusvõrgust ja selleks määratud  pod 'idest. 
 e. Kubernetese CNI-de (ingl  Container Network Interface ) haldamise ja võrgureeglite muutmise õigused on ainult selleks määratud halduritel.",IT-juht,
42aa3f14759e87e5f675b314017940f6,SYS.1.7,SYS.1.7: Kubernetes,3.3,3.3 Standardmeetmed,4f9dd9397d4ef35507d1a6c77de3f26a,SYS.1.7.M8,SYS.1.7.M8 Kubernetese konfiguratsioonifailide versioneerimine,"Vastutaja:  IT-juht 
 Elutsükli etapp:  Käitamine 
   
 a. Kubernetese klastri konfiguratsioonifailid on kokkulepitud korra kohaselt versioneeritud.",IT-juht,
42aa3f14759e87e5f675b314017940f6,SYS.1.7,SYS.1.7: Kubernetes,3.3,3.3 Standardmeetmed,87c26b3477b3dc1df546cf26c4d6b30a,SYS.1.7.M9,SYS.1.7.M9 Kubernetese teenusekontode turve,"Vastutaja:  IT-juht 
 Elutsükli etapp:  Käitamine 
   
 a.  Pod 'is ei kasutata vaikeseadistuses määratletud teenusekontot (ingl  Service Account ), selle konto õigused on eemaldatud. 
 b. Erinevate rakenduste  pod 'idele on loodud eraldi teenusekontod. Teenusekontode õigused on piiratud minimaalselt vajalike õigusteni. 
 c. Teenusekontot mittevajaval  pod 'il teenusekonto puudub. Sellised  pod 'id kasutavad Kubernetese juhtasandiga suhtlemiseks identsustõendit (ingl  Token ). 
 d. Eeliskasutaja õigustega teenusekontosid kasutatakse ainult juhttasandi ning eeliskontot tingimata vajavates  pod'  ides. 
 e. Automatiseerimisrakendused kasutavad identsustõendit isegi juhul kui sarnase ülesande täitmiseks saaks kasutada ühist teenusekontot.",IT-juht,
42aa3f14759e87e5f675b314017940f6,SYS.1.7,SYS.1.7: Kubernetes,3.3,3.3 Standardmeetmed,b4f71110a84d413fbc8ad8654efa74d7,SYS.1.7.M10,SYS.1.7.M10 Automatiseerimisprotsessi turve,"Vastutaja:  IT-juht 
 Elutsükli etapp:  Käitamine 
   
 a. Kõik automatiseerimistarkvara protsessid, sh CI/CD ja selle andmekonveierid (ingl  Pipeline ), töötavad ainult minimaalselt vajalikes õigustes. 
 b. Automatiseerimistarkvara kaudu  pod 'i konfiguratsiooni muutmine või  pod 'i käivitamine on lubatud ainult selleks määratud kasutajatele.",IT-juht,
42aa3f14759e87e5f675b314017940f6,SYS.1.7,SYS.1.7: Kubernetes,3.3,3.3 Standardmeetmed,6306e58cc19d64b9ace79d989381efd4,SYS.1.7.M11,SYS.1.7.M11 Konteinerite kasutuse seire,"Vastutaja:  IT-juht 
 Elutsükli etapp:  Käitamine 
   
 a.  Pod 'i konteinerite jaoks on määratud ja seadistatud konteinerite käitamise seisundikontrollid (ingl  Health Check ) ja rakenduse või teenuse jaoks sobiv kontrollide läbiviimise regulaarsus. 
 b. Seisundikontrolli tulemustest lähtuvalt on Kubernetes võimeline  pod 'e peatama või taaskäivitama.",IT-juht,
42aa3f14759e87e5f675b314017940f6,SYS.1.7,SYS.1.7: Kubernetes,3.3,3.3 Standardmeetmed,9f07373b653e8e4b3324fae2033824b3,SYS.1.7.M12,SYS.1.7.M12 Tõmmiste turve,"Vastutaja:  IT-juht 
 Elutsükli etapp:  Käitamine 
   
 a. Juhul kui automatiseerimisel, kõvaketta halduses või konfiguratsioonifailide varundamisel kasutatakse tõmmiseid (ingl  image ), on arvestatud vähemalt järgmisega: 
 
 isikustatud kontode ja teenusekontode pääsuõigused; 
 andmevahetuse krüpteerimine; 
 andmeside krüpteerimine kõigis võrguportides; 
 minimaalselt vajalikud volitused kasutajatele ja teenusekontodele; 
 muudatuste logimine; 
 regulaarne andmevarundus.",IT-juht,
42aa3f14759e87e5f675b314017940f6,SYS.1.7,SYS.1.7: Kubernetes,3.4,3.4 Kõrgmeetmed,23396279c094e33a17920f8ec993222f,SYS.1.7.M13,SYS.1.7.M13 Automaatsed konfiguratsiooniauditid,"Vastutaja:  IT-juht 
 Elutsükli etapp:  Käitamine 
 Turvakomponent:  C; I; A 
   
 a. Kubernetes sõlmede ja rakendusi sisaldavate  pod 'ide seadistuse veatuvastuseks on loodud automaatkontrollid, mis võrdlevad tegelikke seadeid määratud loendite ja võrdlusnäitajatega. 
 b. On loodud reeglid Kubernetese klastriga sobivate audititööriistade kasutamiseks.",IT-juht,
42aa3f14759e87e5f675b314017940f6,SYS.1.7,SYS.1.7: Kubernetes,3.4,3.4 Kõrgmeetmed,bbbd50fd026a97bb52ab96461b6d6df3,SYS.1.7.M14,SYS.1.7.M14 Spetsialiseeritud sõlmede kasutamine,"Vastutaja:  IT-juht 
 Elutsükli etapp:  Käitamine 
 Turvakomponent:  C; I; A 
   
 b. Rakenduste sissetulev- ja väljaminev andmevahetus teiste võrkudega on reguleeritud eelseadistatud eriotstarbeliste sõlmedega (ingl  Bastion Node) . 
 c. Juhttasandi (ingl  Control Plane )  pod 'id asuvad haldussõlmedes (ingl  Management Node ). 
 d. Varundusteenustele spetsialiseeritud  pod 'id on koondatud varundussõlmedesse (ingl  Storage Node ).",IT-juht,
42aa3f14759e87e5f675b314017940f6,SYS.1.7,SYS.1.7: Kubernetes,3.4,3.4 Kõrgmeetmed,334358f0387f9118d9ce0bae957490eb,SYS.1.7.M15,SYS.1.7.M15 Rakenduste eraldamine sõlme ja klastri tasemel,"Vastutaja:  IT-juht 
 Elutsükli etapp:  Käitamine 
 Turvakomponent:  C; I; A 
   
 a. Rakendus on paigutatud eraldatud Kubernetese klastrisse või sõlmedesse, mis pole teistele rakendustele kättesaadavad.",IT-juht,
42aa3f14759e87e5f675b314017940f6,SYS.1.7,SYS.1.7: Kubernetes,3.4,3.4 Kõrgmeetmed,5b824dffe3c4d38895ab823b7a8da8f1,SYS.1.7.M16,SYS.1.7.M16 Kubernetese operaatorite kasutamine,"Vastutaja:  IT-juht 
 Elutsükli etapp:  Käitamine 
 Turvakomponent:  C; I; A 
   
 a. Kriitiliste rakenduste ja juhttasandi programmide tööülesanded on automatiseeritud Kubernetese operaatoriga (ingl  operator ).",IT-juht,
42aa3f14759e87e5f675b314017940f6,SYS.1.7,SYS.1.7: Kubernetes,3.4,3.4 Kõrgmeetmed,2c4c68eb61ddd6a2634c4f4c939518c7,SYS.1.7.M17,SYS.1.7.M17 Kubernetes sõlmede atesteerimine,"Vastutaja:  IT-juht 
 Elutsükli etapp:  Käitamine 
 Turvakomponent:  C; I; A 
   
 a. Kubernetes sõlmed esitavad juhttasandile krüptograafiliselt ja eelistatavalt TPM-iga (ingl  Trusted Platform Module ) kontrollitud turvalise oleku tõendeid. 
 b. Juhttasand aktsepteerib ainult kastri sõlmi, mis on oma turvalisust edukalt demonstreerinud.",IT-juht,
42aa3f14759e87e5f675b314017940f6,SYS.1.7,SYS.1.7: Kubernetes,3.4,3.4 Kõrgmeetmed,af8566d00f1bcdf30de8f31b0081b729,SYS.1.7.M18,SYS.1.7.M18 Mikrosegmenteerimine,"Vastutaja:  IT-juht 
 Elutsükli etapp:  Käitamine 
 Turvakomponent:  C; I 
   
 a.  Pod 'ide vaheline suhtlus Kubernetese nimeruumis on lubatud ainult määratud võrguportide kaudu. Mittevajalikud andmeühendused on Kubernetese CNI-s kehtestatud reeglitega keelatud. 
 b. CNI reeglites on üheselt määratletud andmeühenduse allikad ja sihtkohad ning andmevahetuse filtreerimine kas teenuse nime, metaandmete, teenusekontode või sertifikaadipõhise autentimise alusel. 
 c. Mikrosegmenteerimiseks kasutatud kriteeriume saavad muuta ainult selleks volitatud isikud ja haldusteenused.",IT-juht,
42aa3f14759e87e5f675b314017940f6,SYS.1.7,SYS.1.7: Kubernetes,3.4,3.4 Kõrgmeetmed,db9d862a329d09dfb51590543a7962ab,SYS.1.7.M19,SYS.1.7.M19 Kubernetese kõrgkäideldavuse tagamine,"Vastutaja:  IT-juht 
 Elutsükli etapp:  Käitamine 
 Turvakomponent:  A 
   
 a. Ühes lokatsioonis ilmneva tõrke või katkestuse korral jätkab klaster tööd ilma märgatava katkestuseta. 
 b. Rakenduste taaskäivitamiseks teises lokatsioonis on ette valmistatud kõik vajalikud konfiguratsioonifailid, tõmmised, kasutajakontod, võrguühendused ja muud tööks vajalikud ressursid. 
 d. Klastri,  pod 'ide ja rakenduste koostöö kontrollimiseks viiakse läbi regulaarseid, süsteemirikkeid simuleerivaid teste.",IT-juht,
42aa3f14759e87e5f675b314017940f6,SYS.1.7,SYS.1.7: Kubernetes,3.4,3.4 Kõrgmeetmed,770e1f1016a31a8aac1dc387d1172fea,SYS.1.7.M20,SYS.1.7.M20 Juhttasandi salvestusruumi krüpteerimine,"Vastutaja:  IT-juht 
 Elutsükli etapp:  Käitamine 
 Turvakomponent:  C 
   
 a. Juhttasandi püsivate andmetega failisüsteemid (eriti  etcd ) ja rakendusteenused on krüpteeritud.",IT-juht,
42aa3f14759e87e5f675b314017940f6,SYS.1.7,SYS.1.7: Kubernetes,3.4,3.4 Kõrgmeetmed,b3ba38e6ebeb348bc3d808d8c7777ca0,SYS.1.7.M21,SYS.1.7.M21 Pod'ide perioodiline taaskäivitamine,"Vastutaja:  IT-juht 
 Elutsükli etapp:  Käitamine 
 Turvakomponent:  C; I; A 
   
 a. Rakendatakse  pod 'ide regulaarset seiskamist ja taaskäivitamist (ingl  Restart ) sagedusega vähemalt kord ööpäevas. 
 b. Taaskäivituse ajal on tagatud  pod 'i rakenduste käideldavus.",IT-juht,
19a9ef17ec1dbed8063fc65f9e37bf32,SYS.1.2,SYS.1.2: Microsoft Windows server,3.2,3.2 Põhimeetmed,3fc83832517d6a8d9c6f60136d536d3d,SYS.1.2.M1,SYS.1.2.M1 Windows serveri kasutuselevõtu kavandamine,"Vastutaja:  IT-juht 
 Elutsükli etapp:  Kavandamine 
   
 a. Kasutusele võetav Windows Serveri väljalase on valitud serveri rakendamise otstarbe alusel. 
 b. On määratletud, kuidas server integreeritakse Active Directory Domain Service'iga. 
 c. Iga operatsioonisüsteemiga integreeritud pilvteenuse puhul on otsustatud, kas see blokeeritakse enne kasutuselevõttu või kuidas toimub pilvteenuse kasutuselevõtuks seadistamine. 
 d. Microsofti kontode lisamine Windows Serverisse on vaikimisi blokeeritud; erandid on dokumenteeritud. 
 e. Iga server täidab üldjuhul ainult üht funktsiooni või serverirolli. 
 f. Enne käidukeskkonda lisamist on server tugevdatud süsteemispetsiifilisi turvaparameetrite seadistusmalle kasutades.",IT-juht,
19a9ef17ec1dbed8063fc65f9e37bf32,SYS.1.2,SYS.1.2: Microsoft Windows server,3.2,3.2 Põhimeetmed,7ccc01b7cf5262f8daf76a771f0fe70d,SYS.1.2.M2,SYS.1.2.M2 Windows serveri turvaline paigaldus,"Vastutaja:  IT-juht 
 Elutsükli etapp:  Käitamine 
   
 a. Installitakse ainult vajalikud funktsionaalsused ja täiendid. 
 b. Erinevused minimaalpaigaldusest tuleb dokumenteerida serveri dokumentatsioonis (serveri passis). 
 c. Ajakohased turvauuendused paigaldatakse koheselt peale operatsioonisüsteemi paigaldamist. 
 d. Pilvekontode vajaduse puudumisel kasutajate Microsofti pilvekontod blokeeritakse. 
 e. Enne käidukeskkonda lisamist on server tugevdatud süsteemispetsiifilisi turvaparameetrite seadistusmalle kasutades.",IT-juht,
19a9ef17ec1dbed8063fc65f9e37bf32,SYS.1.2,SYS.1.2: Microsoft Windows server,3.2,3.2 Põhimeetmed,34fe68f07ae7103ab6a7f7b6814a8e7f,SYS.1.2.M3,SYS.1.2.M3 Telemeetria- ja diagnostikaandmete levitamise piiramine,"Vastutaja:  IT-juht 
 Elutsükli etapp:  Käitamine 
   
 a. Microsoftile edastavate diagnostika- ja kasutusandmete piiramiseks on Windows Serveri telemeetria tase seadistatud valikväärtusele 0. 
 b. Kui serveri telemeetriaseadistusi ei ole võimalik piirata, takistatakse andmete tootjale edastamist võrguliikluse piiramise kaudu.",IT-juht,
19a9ef17ec1dbed8063fc65f9e37bf32,SYS.1.2,SYS.1.2: Microsoft Windows server,3.2,3.2 Põhimeetmed,0e837e6fea1f89667dced202e2c59a7d,SYS.1.2.M5,SYS.1.2.M5 Turvaline õiguste haldus Windows serveris,"Vastutaja:  IT-juht 
 Elutsükli etapp:  Käitamine 
   
 a. Windows Serveri kõik kasutajakontod kuuluvad turvarühma  Protected Users  (PU). 
 b. Kõik Windows Server teenusekontod kuuluvad hallatud teenusekontode rühma  Managed Service Accounts  (MSA) kuid mitte  Protected Users  rühma. 
 c. Windows Serveril on lokaalse turvakeskuse LSA ( Local Security Authority , LSA) PPL-kaitse aktiveeritud. 
 d. Ressursside pääsureeglite dünaamiliseks halduseks rakendatakse DAC ( Dynamic Access Control , DAC) piiranguid.",IT-juht,
19a9ef17ec1dbed8063fc65f9e37bf32,SYS.1.2,SYS.1.2: Microsoft Windows server,3.2,3.2 Põhimeetmed,1dbb5d15c437325eb18b12f7092eef20,SYS.1.2.M6,SYS.1.2.M6 Windows serveri turvaline kaugjuurdepääs,"Vastutaja:  IT-juht 
 Elutsükli etapp:  Käitamine 
   
 b. RDP (ingl  Remote Desktop Protocol ) kasutajate rühma kuuluvad ainult volitatud kasutajate tunnused. 
 c. Kaugjuurdepääsu mandaatide (ingl  Credential ) kaitseks ühenduse loomisel on kaalutud operatsioonisüsteemisiseste mehhanismide (nt ingl  Remote Credential Guard  või  RestrictedAdmin ) kasutuselevõttu. 
 d. Kõrgendatud turvanõuetega võrgutaristus on RDP sihtsüsteem juurdepääsetav ainult RDP lüüsi (ingl  RDP Gateway ) vahendusel. 
 e. RDP kasutamisel järgitakse, et allpool loetletud mugavusfunktsioonid on kooskõlas sihtsüsteemi turvanõuetega: 
 
 lõikepuhvri (ingl  Clipboard ) kasutamine; 
 irdandmekandjate ja võrguketaste kättesaadavaks tegemine; 
 sisemise failisalvestusruumi ja serveri muude ressursside (nt kiipkaardilugeja) kasutamine. 
 
 f. Kaugjuurdepääsu loomisel kasutatavad krüptoprotokollid ja -algoritmid on kooskõlas organisatsiooni krüptokontseptsiooniga. 
 g. Kui kaugjuurdepääsu kasutamist pole plaanitud, on kaugjuurdepääsu võimalus täielikult välja lülitatud.",IT-juht,
19a9ef17ec1dbed8063fc65f9e37bf32,SYS.1.2,SYS.1.2: Microsoft Windows server,3.2,3.2 Põhimeetmed,574c8c448e223c9942d30f036c33445f,SYS.1.2.M9,SYS.1.2.M9 Windows serveri turvaline haldus,"Vastutaja:  IT-juht 
 Elutsükli etapp:  Käitamine 
   
 a. Lokaalse halduskonto parool on kordumatu ja turvaline. 
 b. Serverit ei kasutata tööjaamana. 
 c. Serverisüsteemi haldurid omavad vähemalt järgmisi pädevusi: 
 
 ressurssidele juurdepääsu reguleerimine ja kontroll; 
 Active Directory Domain Service  sertifikaaditeenuste haldus; 
 serveri protsesside ja soorituse analüüs ja haldus; 
 kasutajakontode haldus; 
 krüptograafiavahendite haldus; 
 failide üleviimine ja kustutus; 
 serveripoliitikate analüüs ja haldus; 
 süsteemide turvalisuse diagnostika, kavandamine ja tagamine. 
 
 d. Serveris olevaid veebisirvikuid ei kasutata Internetis surfimiseks.",IT-juht,
19a9ef17ec1dbed8063fc65f9e37bf32,SYS.1.2,SYS.1.2: Microsoft Windows server,3.2,3.2 Põhimeetmed,9bd536893204c97695864e4ababc950b,SYS.1.2.M10,SYS.1.2.M10 Kahjurvara tõrje Windows serveril,"Vastutaja:  IT-juht 
 Elutsükli etapp:  Käitamine 
   
 a. Kahjurvaratõrje rakendus on serverisse paigaldatud enne esimese võrguühenduse loomist. 
 c. Serveri andmekandjaid skaneeritakse kahjurvara leidmiseks regulaarselt. 
 d. Kahjurvara avastamisest teavitab kahjurvaratõrje rakendus määratud isikuid automaatselt.",IT-juht,
19a9ef17ec1dbed8063fc65f9e37bf32,SYS.1.2,SYS.1.2: Microsoft Windows server,3.3,3.3 Standardmeetmed,c7beba05c180c6cdac7147294a1751b8,SYS.1.2.M7,SYS.1.2.M7 Windows PowerShelli turvaline kasutamine,"Vastutaja:  IT-juht 
 Elutsükli etapp:  Käitamine 
   
 a.  PowerShell 'is käivitatud käskude täitmine logitakse keskselt, tekkinud logisid analüüsitakse. 
 b. Signeerimata skriptide käivitamise takistamiseks piiratakse PowerShelli skriptide täitmist käsuga  Set-ExecutionPolicy AllSigned . 
 c.  Windows PowerShell 'i vanemate versioonide kasutamine on blokeeritud. 
 d. Powershell'is kasutatavad käsud on piiratud seadega  Constrained Language Mode . 
 e.  Windows Serveri PowerShell  kasutajaid hallatakse keskselt, nt töövahendiga  Just Enough Administration (JEA) .",IT-juht,
19a9ef17ec1dbed8063fc65f9e37bf32,SYS.1.2,SYS.1.2: Microsoft Windows server,3.3,3.3 Standardmeetmed,8c1e2ccd81e08b11138fcb9a1b5d35f8,SYS.1.2.M8,SYS.1.2.M8 Windows serveri turvafunktsioonide kasutamine,"Vastutaja:  IT-juht 
 Elutsükli etapp:  Käitamine 
   
 a. Serveris töödeldavate andmete kaitseks on serveris aktiveeritud VSM (ingl  Virtual Secure Mode ). 
 b. On arvestatud asjaoluga, et VSM kasutamine piirab IT-kriminalistika läbiviimist. 
 c. Rakenduste kasutuse reguleerimiseks on aktiveeritud  AppLocker , mis on konfigureeritud võimalikult piiravate reeglitega. 
 d. Rakenduste kasutuse reguleerimine on jõustatud rühmapoliitikaobjektide (ingl  Group Policy Object , GPO) kaudu.",IT-juht,
19a9ef17ec1dbed8063fc65f9e37bf32,SYS.1.2,SYS.1.2: Microsoft Windows server,3.4,3.4 Kõrgmeetmed,51035cd33d305451f3912b56d97f75f2,SYS.1.2.M11,SYS.1.2.M11 Windows serveri turvaline sulgemine,"Vastutaja:  IT-juht 
 Elutsükli etapp:  Käitamine 
 Turvakomponent:  C; I 
   
 a. Windows Server, mida hetkel ei kasutata, on välja lülitatud (ingl Power Off) olekus. 
 b. Serveri käivitamiseks on vajalik halduri paroolisisestus, toiming registreeritakse turvalogis.",IT-juht,
19a9ef17ec1dbed8063fc65f9e37bf32,SYS.1.2,SYS.1.2: Microsoft Windows server,3.4,3.4 Kõrgmeetmed,bb4a70c142abf2fbbf794c5ce8267ffa,SYS.1.2.M12,SYS.1.2.M12 Liiasus ja kõrgkäideldavuse vahendid,"Vastutaja:  IT-juht 
 Elutsükli etapp:  Käitamine 
 Turvakomponent:  A 
   
 a. Sõltuvalt kaitsetarbest on rakendatud vähemalt järgmisi operatsioonisüsteemi poolt toetatud kõrgkäideldavuse meetmeid: 
 
 DFS (ingl  Distributed File System , DFS); 
 ReFS (ingl  Resilient File System , ReFS); 
 avarii-ümberlülitust võimaldava klastri (ingl  Failover Cluster ) kasutamine; 
 koormuse tasakaalustamine (ingl  Load Balancing ); 
 võrgukaartide rühmad ( NIC-Teaming, LBFO ). 
 
 b. Kaugasukohtades on aktiveeritud lisafunktsionaalsus  BranchCache .",IT-juht,
19a9ef17ec1dbed8063fc65f9e37bf32,SYS.1.2,SYS.1.2: Microsoft Windows server,3.4,3.4 Kõrgmeetmed,dabaf742444bf50d4348b323e58e3366,SYS.1.2.M13,SYS.1.2.M13 Windows Serveri sissetungituvastus,"Vastutaja:  IT-juht 
 Elutsükli etapp:  Käitamine 
 Turvakomponent:  C; I; A 
   
 b. Windows Server operatsioonisüsteemiga serveri puhul logitakse ja analüüsitakse vähemalt: 
 
 turvalogide kustutused; 
 haldurite ja muude oluliste kasutajarühmade muudatused; 
 serveri lokaalsete kasutajate lisamine ja eemaldamine; 
 uute teenuste lisamine. 
 
 c. Krüpteeritud sektsioonid lukustatakse pärast kindlaksmääratud arvu ebaõnnestunud dekrüpteerimiskatseid.",IT-juht,
c90b233e7718c2c523997a1e7812f082,SYS.2.3,SYS.2.3: Linux tööjaam,3.2,3.2 Põhimeetmed,d104646eefdee71dd98001f88cb06661,SYS.2.3.M1,SYS.2.3.M1 Linux tööjaama haldus,"Vastutaja:  IT-juht 
 Elutsükli etapp:  Käitamine 
   
 a. Haldurid kasutavad juurkasutaja (ingl  root, superuser ) õigusi ainult konkreetsete haldusülesannete täitmiseks. 
 b. Haldusülesannete jaoks kasutatakse käsku sudo või sobivat alternatiivi. 
 c. Mitu kasutajat ei saa olla samaaegselt lokaalselt ühte klientarvutisse sisse logitud.",IT-juht,
c90b233e7718c2c523997a1e7812f082,SYS.2.3,SYS.2.3: Linux tööjaam,3.2,3.2 Põhimeetmed,f51bd51faee49785dd5e94775c0a6b05,SYS.2.3.M2,SYS.2.3.M2 Sobiva distributiivi valimine,"Vastutaja:  IT-juht 
 Elutsükli etapp:  Käitamine 
   
 a. Sobiv Unixi derivaat (ingl  derivative ) või Linuxi distributiiv (ingl  distribution ) on valitud kasutusotstarbe ja turvanõuete alusel. 
 c. Enimkasutatavad rakendused on distributiivi osa ja neid ei laeta valideerimata allikatest. Distributiivile lisaks paigaldatud rakendusprogrammidele on tagatud tootja tugi. 
 d. Isekompileeritud distributiive Linux tööjaamade käitamiseks üldreeglina ei kasutata.",IT-juht,
c90b233e7718c2c523997a1e7812f082,SYS.2.3,SYS.2.3: Linux tööjaam,3.2,3.2 Põhimeetmed,63b3c8dc7ed4a31ca5651c5308b1db5b,SYS.2.3.M4,SYS.2.3.M4 Operatsioonisüsteemi tuuma uuendamine,"Vastutaja:  IT-juht 
 Elutsükli etapp:  Käitamine 
   
 a. Enne kõigi tööjaamade operatsioonisüsteemi tuuma (ingl  kernel ) uuendamist testitakse, kas uuend ühildub olemasoleva süsteemiga ega põhjusta vigu. 
 b. Pärast tuuma uuendamist tehakse kohe tööjaama taaskäivitus. Süsteemide puhul, kus see pole võimalik, kasutatakse tuuma dünaamilist paikamist (ingl  Linux Kernel Live Patching ).",IT-juht,
c90b233e7718c2c523997a1e7812f082,SYS.2.3,SYS.2.3: Linux tööjaam,3.2,3.2 Põhimeetmed,3bea51ccd60d434cc9b0e9883b7d98c9,SYS.2.3.M5,SYS.2.3.M5 Tarkvarapakettide turvaline install,"Vastutaja:  IT-juht 
 Elutsükli etapp:  Käitamine 
   
 a. Tarkvara lähtekoodist kompileerimisel on tarkvara lubatud lahti pakkida, konfigureerida ja kompileerida ainult kasutaja lihtõigustega konto alt. 
 b. Tarkvara kompileerimisel lähtekoodist dokumenteeritakse kõik kasutatud parameetrid. Dokumentatsiooni kasutades on võimalik tarkvara kompileerimist korrata. 
 c. Tarkvara ei installita serveri juurfailisüsteemi. 
 d. Soovituslikult installitakse tarkvarapakette paketihalduri abil ja mitte ükshaaval käsurealt.",IT-juht,
c90b233e7718c2c523997a1e7812f082,SYS.2.3,SYS.2.3: Linux tööjaam,3.3,3.3 Standardmeetmed,c2f8ac5f8e574996cf66a4347f4c1ba6,SYS.2.3.M6,SYS.2.3.M6 Irdseadmete automaatse failisüsteemiga sidumise keeld,"Vastutaja:  Kasutaja 
 Elutsükli etapp:  Käitamine 
   
 a. Irdseadmeid (ingl  removable device ) ei seota failisüsteemiga (ingl  mount ) automaatselt. 
 b. Irdseadmete failisüsteemiga sidumine on konfigureeritud nii, et faile ei saa käivitada (valik  noexec ).",IT-juht,
c90b233e7718c2c523997a1e7812f082,SYS.2.3,SYS.2.3: Linux tööjaam,3.3,3.3 Standardmeetmed,a048af8cde8053615855c162ec6e653d,SYS.2.3.M7,SYS.2.3.M7 Faili- ja kataloogiõiguste piiramine,"Vastutaja:  IT-juht 
 Elutsükli etapp:  Käitamine 
   
 a. Teenuste ja rakenduste failisüsteemi juurdepääsuõigused on konfigureeritud minimaalsele vajalikule tasemele, seda kontrollitakse regulaarselt. 
 b. Kataloogidele, kus kõigil kasutajail on kirjutusõigus (nt /tmp), on määratud omandibitt (ingl  sticky bit ).",IT-juht,
c90b233e7718c2c523997a1e7812f082,SYS.2.3,SYS.2.3: Linux tööjaam,3.3,3.3 Standardmeetmed,b7568db9370cd525e6af3b2335148224,SYS.2.3.M8,SYS.2.3.M8 Rakenduste pääsuõiguste piiramine,"Vastutaja:  IT-juht 
 Elutsükli etapp:  Käitamine 
   
 a. Linuxi rakenduse juurdepääs failidele, seadmetele ja võrkudele on piiratud konkreetse distributiivi tuuma turvamooduliga (nt ingl  App-Armor või SELinux) . 
 b. Linuxi rakenduste pääsuõigused on vaikeseades blokeeritud, õigusi lisatakse lähtudes ärivajadusest. 
 c. Õigusi piiratakse turvamooduli sundrežiimi (ingl  enforcing mode ) või vastava alternatiivi abil.",IT-juht,
c90b233e7718c2c523997a1e7812f082,SYS.2.3,SYS.2.3: Linux tööjaam,3.3,3.3 Standardmeetmed,6e671da8c187df1722c020291c6103b8,SYS.2.3.M9,SYS.2.3.M9 Paroolide turvaline kasutamine käsureal,"Vastutaja:  Kasutaja 
 Elutsükli etapp:  Käitamine 
   
 a. Paroole ja muud tundlikku teavet ei edastata programmidele käsureaparameetritena.",IT-juht,
c90b233e7718c2c523997a1e7812f082,SYS.2.3,SYS.2.3: Linux tööjaam,3.3,3.3 Standardmeetmed,b3a1dcf172b88494ee64767630f9ee0d,SYS.2.3.M11,SYS.2.3.M11 Kõvaketta liigtäituvuse vältimine,"Vastutaja:  IT-juht 
 Elutsükli etapp:  Käitamine 
   
 a. Kasutajatele ja teenustele on seatud kvoodid (ingl  quota ). Teatud kettamahu täitumise tasemest alates jäetakse kirjutusõigus ainult juurkasutajale. 
 b. Operatsioonisüsteemi tuuma ja andmeid hoitakse üldreeglina erinevates kettasektsioonides (ingl  disk partition ).",IT-juht,
c90b233e7718c2c523997a1e7812f082,SYS.2.3,SYS.2.3: Linux tööjaam,3.3,3.3 Standardmeetmed,9b4061dc5fc886c0e28e3e81b85ddaca,SYS.2.3.M12,SYS.2.3.M12 Linuxiga spetsiaalseadmete turvaline kasutamine,"Vastutaja:  IT-juht 
 Elutsükli etapp:  Käitamine 
   
 a. Linuxi operatsioonisüsteemi kasutavate spetsiaalseadmete (ingl  appliance ) turvatase on samaväärne standardsete Linuxi klientarvutitega. 
 b. Spetsiaalseadmetele kehtivad turvanõuded on dokumenteeritud. 
 c. Vajadusel nõutakse seadme valmistajalt turbe vastavuse tõendamist.",IT-juht,
c90b233e7718c2c523997a1e7812f082,SYS.2.3,SYS.2.3: Linux tööjaam,3.3,3.3 Standardmeetmed,aabbfd836b48f3dd10b98e05d09ad5de,SYS.2.3.M14,SYS.2.3.M14 Lubamatute välisseadmete vältimine,"Vastutaja:  IT-juht 
 Elutsükli etapp:  Käitamine 
   
 a. Tööjaama välisseadet (ingl  peripheral ) saab kasutada ainult juhul kui antud välisseade on dokumenteeritult kasutamiseks lubatud. 
 b. Välisseadme toimimiseks vajalikud tuuma (ingl  kernel ) moodulid laaditakse ja aktiveeritakse ainult siis, kui seadmel on kasutusluba.",IT-juht,
c90b233e7718c2c523997a1e7812f082,SYS.2.3,SYS.2.3: Linux tööjaam,3.4,3.4 Kõrgmeetmed,8fc1ace8e4d220bb42fc44908e533df7,SYS.2.3.M15,SYS.2.3.M15 Soovimatute failide käivitamise lisakaitse,"Vastutaja:  IT-juht 
 Elutsükli etapp:  Käitamine 
 Turvakomponent:  C; I 
   
 a. Sektsioonid ja kataloogid, kuhu kasutajatel on kirjutusõigus, on failisüsteemiga seotud (ingl  mount ) nii, et faile ei saa käivitada (sidumisparameeter  noexec ).",IT-juht,
c90b233e7718c2c523997a1e7812f082,SYS.2.3,SYS.2.3: Linux tööjaam,3.4,3.4 Kõrgmeetmed,d8ba4208e5ee007192f0c690ed712e40,SYS.2.3.M17,SYS.2.3.M17 Nõrkuste ärakasutuse lisatõrje,"Vastutaja:  IT-juht 
 Elutsükli etapp:  Käitamine 
 Turvakomponent:  C; I 
   
 a. Ohustatud teenuste ja rakenduste süsteemikutsete (ingl  system call)  kasutus on piiratud sobiva määrani (nt  seccomp  abil). 
 b.  App-Armor 'i,  SELinux 'i ja alternatiivsete turvamoodulite tüüpprofiilid ja -reeglid on kohandatud organisatsiooni turvapoliitika kohaselt. 
 c. Vajadusel on loodud uusi reegleid või profiile.",IT-juht,
c90b233e7718c2c523997a1e7812f082,SYS.2.3,SYS.2.3: Linux tööjaam,3.4,3.4 Kõrgmeetmed,e8ac5cfcdcab957836e21ef5f2e17098,SYS.2.3.M18,SYS.2.3.M18 Tuuma lisaturve,"Vastutaja:  IT-juht 
 Elutsükli etapp:  Käitamine 
 Turvakomponent:  C; I 
   
 a. Tuuma tugevdamiseks on rakendatud sobivaid laiendeid (nt  grsecurity, PaX ), mis takistavad kahjurvara levimist ja operatsioonisüsteemi nõrkuste ärakasutamist.",IT-juht,
c90b233e7718c2c523997a1e7812f082,SYS.2.3,SYS.2.3: Linux tööjaam,3.4,3.4 Kõrgmeetmed,f82310d41bdf559a5aad6f70938a0aaa,SYS.2.3.M19,SYS.2.3.M19 Statsionaarse tööjaama kõvaketta või failide krüpteerimine,"Vastutaja:  IT-juht 
 Elutsükli etapp:  Käitamine 
 Turvakomponent:  C; I 
   
 a. Tööjaama mäluseadmele salvestatud failid on krüpteeritud. Vastavaid krüptovõtmeid hoitakse väljaspool tööjaama. 
 b. Failide ja ketaste krüpteerimiseks kasutatakse tugevaid, rahvusvaheliselt tunnustatud krüptograafilisi meetodeid, näiteks AEAD, dm-crypt+dm-verity või muud samaväärset turvataset pakkuvat lahendust.",IT-juht,
c90b233e7718c2c523997a1e7812f082,SYS.2.3,SYS.2.3: Linux tööjaam,3.4,3.4 Kõrgmeetmed,36b21c6052a0935a7a37af823d0a8bbb,SYS.2.3.M20,SYS.2.3.M20 Kriitiliste SysRq-funktsioonide piiramine,"Vastutaja:  IT-juht 
 Elutsükli etapp:  Käitamine 
 Turvakomponent:  C; I; A 
   
 a. On määratud, mis  SysRq -funktsioone kasutajad klahvikombinatsiooni abil tuumas käivitada saavad. 
 b. Klahvikombinatsiooniga ei saa käivitada potentsiaalselt ohtlikke käske.",IT-juht,
39946b17656d14cc30f98fff2865e41b,SYS.2.4,SYS.2.4: Apple macOS tööjaam,3.2,3.2 Põhimeetmed,55b442baf3b770a9ee1beab849e51f8c,SYS.2.4.M1,SYS.2.4.M1 macOS-i turvalise rakendamise kava,"Vastutaja:  IT-juht 
 Elutsükli etapp:  Kavandamine 
   
 b. Enne macOS-i tööjaamade kasutuselevõttu on koostatud tegevuskava järgmisteks tegevusteks: 
 
 macOS operatsioonisüsteemi ja rakenduste regulaarne ajakohastamine; 
 macOS-i tööjaama logimine; 
 macOS tööjaama andmete varundus; 
 kahjurvara tõrje macOS-is. 
 
 c. On analüüsitud macOS-i ühilduvust kasutusel olevate rakenduste, seadmete, protokollide ja litsentsilepingutega ning platvormivahetusega kaasnevat vajadust rakenduste väljavahetamiseks.",IT-juht,
39946b17656d14cc30f98fff2865e41b,SYS.2.4,SYS.2.4: Apple macOS tööjaam,3.2,3.2 Põhimeetmed,ad739d76e166848505ed2211163df11e,SYS.2.4.M2,SYS.2.4.M2 macOS-i turvafunktsioonide kasutamine,"Vastutaja:  IT-juht 
 Elutsükli etapp:  Käitamine 
   
 a. macOS-i integreeritud turvamehhanismid SIP ( System Integrity Protection , SIP),  Xprotect  ja  Gatekeeper  on aktiveeritud. 
 b.  Gatekeeper  võimaldab käivitada ainult  AppStore 'st hangitud ja signeeritud rakendusi, välja arvatud juhul kui organisatsioonis kasutab signeerimata erirakendusi. 
 c. Rapid Security Response parameter ""install system data files and security updates"" on aktiveeritud. 
 d. MacOS tööjaamade kõvakettad on FileVault funktsiooniga krüpteeritud. Taastevõtmeid hallatakse keskselt, neid ei säilitata Apple'i veebikeskkonnas. 
 e. Time Machine ability varundatud andmestik on krüpteeritud. Kui kasutatakse alternatiivset varunduslahendust, on Time Machine desaktiveeritud. 
 f. MacOS kliendi turva- ja privaatsusseadetes on aktiveeritud valik  Require an administrator password to access system-wide preferences .",IT-juht,
39946b17656d14cc30f98fff2865e41b,SYS.2.4,SYS.2.4: Apple macOS tööjaam,3.2,3.2 Põhimeetmed,e59bec40ca2ce006f9bfa232a678f0c9,SYS.2.4.M7,SYS.2.4.M7 Apple ID mitmikautentimine,"Vastutaja:  Kasutaja 
 Elutsükli etapp:  Käitamine 
   
 a. Apple ID kontoga autentimisel kasutatakse mitmikautentimist.",IT-juht,
39946b17656d14cc30f98fff2865e41b,SYS.2.4,SYS.2.4: Apple macOS tööjaam,3.3,3.3 Standardmeetmed,d5f8431d5d79c1eb1e994bd4b88f7896,SYS.2.4.M5,SYS.2.4.M5 Turvalisust ohustavate funktsioonide desaktiveerimine,"Vastutaja:  IT-juht 
 Elutsükli etapp:  Käitamine 
   
 a. macOS-i asukohateenused on desaktiveeritud. 
 b. Safaris alla laetud faile ei avata automaatselt. 
 c. Irdandmekandja sisu automaatkäivitus või -esitus on blokeeritud. 
 d. Viimati kasutatud rakenduste, dokumentide ja võrguühenduste loendit on lühendatud. 
 e. Mac arvuti prügikasti tühjendamisel kasutatakse valikut  Secure EmptyTrash . 
 f. Apple ressursijagamis- ja kaughaldusteenuste (nt Internet Sharing, AirDrop, Remote Apple Events) kasutamine on piiratud või desaktiveeritud. 
 g. Süsteemiseadetes on valik  Allow guests to connect to shared folders  desaktiveeritud.",IT-juht,
39946b17656d14cc30f98fff2865e41b,SYS.2.4,SYS.2.4: Apple macOS tööjaam,3.3,3.3 Standardmeetmed,2fac2fb86d67583deac867cda309ac40,SYS.2.4.M6,SYS.2.4.M6 Ajakohane riistvara,"Vastutaja:  IT-juht 
 Elutsükli etapp:  Kavandamine 
   
 a. MacOS tööjaamade hankimisel valitakse ajakohased tootemudelid. 
 b. Kasutuses olevatel Mac tööjaamadel on jätkuvalt Apple'i turvauuendite tugi. 
 c. Apple'i tootetoe lõppemisel kõrvaldatakse vananenud Mac tootemudelid kasutuselt. 
 d. Tööjaamades on kasutusel macOS-i uusim versioon, uuendus installitakse esimesel võimalusel.",IT-juht,
39946b17656d14cc30f98fff2865e41b,SYS.2.4,SYS.2.4: Apple macOS tööjaam,3.3,3.3 Standardmeetmed,e472a8b569352b0b8f7fbc43d9bb124c,SYS.2.4.M8,SYS.2.4.M8 Apple iCloud keeld tundlike andmete hoiustamisel,"Vastutaja:  IT-juht 
 Elutsükli etapp:  Käitamine 
   
 a. Tundlike andmete sünkroniseerimine erinevate seadmete vahel läbi iCloudi teenuse on keelatud. 
 b. Tundlikke andmeid on lubatud sünkroniseerida ainult organisatsiooni siseteenuste vahel. 
 c. Tundlikke andmeid ei salvestata  iCloud  platvormile. 
 d. Dokumentide ja e-kirjade mustandite automaatne salvestamine iCloudi on blokeeritud. 
 e. Funktsioon  Handoff  andmete ülekandmiseks teise seadmesse on desaktiveeritud.",IT-juht,
39946b17656d14cc30f98fff2865e41b,SYS.2.4,SYS.2.4: Apple macOS tööjaam,3.3,3.3 Standardmeetmed,a31e24da9d06f384c809ab2eac4e1b5a,SYS.2.4.M9,SYS.2.4.M9 Täiendava turvatarkvara kasutamine,"Vastutaja:  IT-juht 
 Elutsükli etapp:  Käitamine 
   
 a. macOS-i integreeritud hostipõhine tulemüür (ingl  host-based firewall ) on aktiveeritud ja see on sobival viisil konfigureeritud. 
 b. Rakendustulemüür (ingl  application firewall ) on aktiveeritud ja sobivalt konfigureeritud. 
 c. macOS peitrežiim (ingl  camouflage mode ) on desaktiveeritud.",IT-juht,
39946b17656d14cc30f98fff2865e41b,SYS.2.4,SYS.2.4: Apple macOS tööjaam,3.3,3.3 Standardmeetmed,b63693fb6d7ef701a312c0461e8134e3,SYS.2.4.M11,SYS.2.4.M11 MacOS tööjaama turvaline kõrvaldamine,"Vastutaja:  IT-juht 
 Elutsükli etapp:  Kõrvaldamine 
   
 a. Enne seadme kõrvaldamist on andmed andmekandjatelt turvaliselt kustutatud. Selleks võib kasutada macOS-i installimeedial olevat kettautiliiti. 
 b. MacOS tööjaamas lähtestatakse ka süsteemiseadeid sisaldav säilmälu (NVRAM).",IT-juht,
39946b17656d14cc30f98fff2865e41b,SYS.2.4,SYS.2.4: Apple macOS tööjaam,3.4,3.4 Kõrgmeetmed,a9d3ae089f43d34e4caa70839e3a7470,SYS.2.4.M12,SYS.2.4.M12 Püsivaraparool ja buutimiskaitse,"Vastutaja:  IT-juht 
 Elutsükli etapp:  Käitamine 
 Turvakomponent:  C; I; A 
   
 a. MacOS tööjaama buutimine väliselt andmekandjalt on keelatud ja seadete muutmise kaitseks on aktiveeritud püsivaraparool (Recovery Lock või Firmware Password). Vanematel MacOS tööjaamadel tuleb püsivara parool aktiveerida käsurežiimis. 
 b. T2-turvakiibiga Mac tööjaamas seadistatakse püsivara parool  Startup Security Utility  abil, milles aktiveeritakse valik ""Full Security"".",IT-juht,
39946b17656d14cc30f98fff2865e41b,SYS.2.4,SYS.2.4: Apple macOS tööjaam,3.4,3.4 Kõrgmeetmed,9aa04a9e3e348ebe8d342b437367acf4,SYS.2.4.M13,SYS.2.4.M13 MacOS tööjaama täiendavad turvaseadistused,"Vastutaja:  IT-juht 
 Elutsükli etapp:  Käitamine 
 Turvakomponent:  C; I 
   
 a. Eriti kõrge turvavajadusega MacOS tööjaamades on aktiveeritud seadistus ""Lockdown Mode"". 
 b. Arvuti seire võimaldamiseks on funktsioon ""iCloud Private Relay"" keelatud. 
 c. Ekraanijagamisfunktsioonid Sidecar ja Airplay on desaktiveeritud.",IT-juht,
f90a65c923eed749efc921fc39743aa1,SYS.1.4,SYS.1.4: Riistvaraline server,3.2,3.2 Põhimeetmed,8c6a436d37b244a0ec43597dee2e3c8f,SYS.1.4.M1,SYS.1.4.M1 Serverile juurdepääsu piiramine,"Vastutaja:  IT-juht 
 Elutsükli etapp:  Käitamine 
   
 a. Serveri füüsilisele asukohale on juurdepääs ainult pääsuõigustega isikutel. 
 b. Füüsilised serverid on paigutatud lukustatavasse serveri- või tehnoruumi. 
 c. Serveri konfiguratsioonile ja ressurssidele on juurdepääs ainult selleks volitatud isikutel.",IT-juht,
f90a65c923eed749efc921fc39743aa1,SYS.1.4,SYS.1.4: Riistvaraline server,3.2,3.2 Põhimeetmed,02a37dc854ea14768a760a0559afc520,SYS.1.4.M2,SYS.1.4.M2 Riistvaralise serveri hankimine,"Vastutaja:  IT-juht 
 Elutsükli etapp:  Kavandamine 
   
 a. Riistvaralise serveri hankimiseks on koostatud nõuete spetsifikatsioon ja määratud kriteeriumid toodete omavaheliseks võrdluseks. Näiteks: 
 
 füüsilised parameetrid (mõõtmed, sobivus serverikappi); 
 funktsionaalsusnõuded (vajalikud riistvaraliidesed, ühilduvus); 
 töökindlus ja võimsus (usaldusväärne teave sõltumatust allikast); 
 haldus (tootja tugi ja hooldusleping); 
 kogukulu (soetus- ja püsikulud).",IT-juht,
f90a65c923eed749efc921fc39743aa1,SYS.1.4,SYS.1.4: Riistvaraline server,3.2,3.2 Põhimeetmed,511e0aa448043846b2c915d2771ec780,SYS.1.4.M3,SYS.1.4.M3 Füüsilise serveri alglaadimise turve,"Vastutaja:  IT-juht 
 Elutsükli etapp:  Käitamine 
   
 a. Juurdepääs püsivara konfigureerimisliidesele (ingl  Basic Input/Output System , BIOS) on kaitstud parooliga, mis vastab organisatsiooni paroolipoliitikale. 
 b. Kasutusel on serveri operatsioonisüsteem, mis toetab ""UEFI Secure Boot"" turvamehhanismi. 
 c. Füüsilise serveri alglaadimisel on  UEFI Secure Boot  meetod aktiveeritud. 
 d. Tarbetud  UEFI Secure Boot  signeerimisvõtmed on serverist eemaldatud.",IT-juht,
f90a65c923eed749efc921fc39743aa1,SYS.1.4,SYS.1.4: Riistvaraline server,3.2,3.2 Põhimeetmed,d084e1203a7923ef17184b97272b5c17,SYS.1.4.M4,SYS.1.4.M4 Haldusliideste kaitse,"Vastutaja:  IT-juht 
 Elutsükli etapp:  Käitamine 
   
 a. Serveri välisseadmeid kasutatakse ainult serveri hoolduseks. 
 b. Serveri alglaadimine (ingl  Booting ) CD/DVD-seadmelt ja irdmäluseadmetelt on BIOS-is desaktiveeritud.",IT-juht,
f90a65c923eed749efc921fc39743aa1,SYS.1.4,SYS.1.4: Riistvaraline server,3.2,3.2 Põhimeetmed,a3c1ee66e9bba6edca590ef09c7f789e,SYS.1.4.M6,SYS.1.4.M6 Puhvertoiteallika kasutamine,"Vastutaja:  IT-juht 
 Elutsükli etapp:  Käitamine 
   
 a. Server on ühendatud arvestuslikult piisava võimsuse ja akukestvusega puhvertoiteallikaga (UPS).",IT-juht,
666437910eda69e67e5b1ad85702172a,SYS.2.7,SYS.2.7: Irdandmekandja,3.2,3.2 Põhimeetmed,bcb5ed5ec0ee0d304e999e5bebd2c43c,SYS.2.7.M1,SYS.2.7.M1 Irdandmekandjate kasutamise kord,"Vastutaja:  IT-juht 
 Elutsükli etapp:  Käitamine 
   
 a. Irdandmekandjatele (ingl  removable storage device, removable media ) andmete kirjutamine on üldjuhul keelatud. Loapõhiselt on andmete kirjutamine lubatud krüpteeritud irdandmekandjatele. 
 c. Töötajaid on koolitatud, kuidas irdandmekandjaid käsitleda, vältida nende kaotamist või vargust ja tagada andmekandjate pikk kasutusiga. 
 d. IT-süsteemidega on keelatud ühendada tundmatutest allikatest pärinevaid irdandmekandjaid. 
 e. Töötajad oskavad irdandmekandjaid turvaliselt kasutusest kõrvaldada. 
 f. Avalikus ruumis ei jäeta irdandmekandjaid järelevalveta.",IT-juht,
666437910eda69e67e5b1ad85702172a,SYS.2.7,SYS.2.7: Irdandmekandja,3.2,3.2 Põhimeetmed,682a1cf132d717000bd6fca68f93dab4,SYS.2.7.M2,SYS.2.7.M2 Irdandmekandja kaotamisest või manipulatsioonist teatamine,"Vastutaja:  Kasutaja 
 Elutsükli etapp:  Käitamine 
   
 a. Organisatsioon on määranud irdandmekandjaga seotud intsidentidest teavitamiseks selged teavituskanalid ja kontaktisikud. 
 b. Kasutaja on kohustatud irdandmekandja vargusest, kaotusest või manipuleerimiskahtlusest koheselt kontaktisikut teavitama. 
 c. Kasutaja täpsustab sündmuseteates, millist teavet irdandmekandjal talletati. 
 d. Pärast kaotamist üles leitud või taasloodud andmekandjat kontrollitakse võimaliku andmemanipulatsiooni ja kahjurvara leidumise suhtes.",IT-juht,
666437910eda69e67e5b1ad85702172a,SYS.2.7,SYS.2.7: Irdandmekandja,3.2,3.2 Põhimeetmed,802f93d3dfd974779eb28aefdd8a9e3b,SYS.2.7.M12,SYS.2.7.M12 Irdandmekandja kahjurvarakontroll,"Vastutaja:  Kasutaja 
 Elutsükli etapp:  Käitamine 
   
 a. Enne irdandmekandjale salvestamist kontrollitakse andmekandjat kahjurvara leidumise suhtes. 
 b. Enne irdandmekandjal olevate andmete käitlust tehakse andmekandjale kahjurvarakontroll. 
 c. Funktsioonid Autorun ja Automount on tööjaamades keelatud.",IT-juht,
666437910eda69e67e5b1ad85702172a,SYS.2.7,SYS.2.7: Irdandmekandja,3.3,3.3 Standardmeetmed,598d5e9a0fb20e37b3f8db606cd95cda,SYS.2.7.M4,SYS.2.7.M4 Irdandmekandjate kasutamise kord,"Vastutaja:  IT-juht 
 Elutsükli etapp:  Kavandamine 
   
 a. Organisatsioonis on koostanud irdandmekandjate kasutamise korra. 
 b. Irdandmekandjate kasutamise kord määrab vähemalt järgmist: 
 
 mis eesmärgil ja milliseid irdandmekandjaid tohib kasutada; 
 kuidas kaitsta andmeid lubamatu juurdepääsu, manipuleerimise ja kaotamise eest; 
 kuidas irdandmekandjal olevaid andmeid krüpteerida; 
 kuidas irdandmekandjaid turvaliselt hoida; 
 kas irdandmekandjat on lubatud ühendada kolmandate poolte IT-süsteemidega; 
 kuidas tuleb andmeid irdandmekandjatelt kustutada; 
 kas ja kuidas on lubatud kasutada isiklikke andmekandjaid; 
 milliste väliste töötajate või teenuseandjatega on andmekandjaid lubatud vahetada ja millistel tingimustel; 
 kuidas tuleb andmekandjaid transportida; 
 kuidas vältida kahjurvara levimist irdandmekandjate kaudu. 
 
 c. Irdandmekandjatele omavad juurdepääsu ainult volitatud kasutajad.",IT-juht,
666437910eda69e67e5b1ad85702172a,SYS.2.7,SYS.2.7: Irdandmekandja,3.3,3.3 Standardmeetmed,428f84de6f0a9c01fcc8b65a76184181,SYS.2.7.M6,SYS.2.7.M6 Irdandmekandjate halduse kord,"Vastutaja:  IT-juht 
 Elutsükli etapp:  Käitamine 
   
 a. Irdandmekandjate halduseks on kehtestatud ühtsed reeglid. 
 b. Organisatsioonis kasutatavad irdandmekandjad: 
 
 on ühtsel viisil ja kõrvalistele isikutele liigset teavet andmata märgistatud; 
 on kantud organisatsiooni inventari nimekirja; 
 on varundatud ja arhiveeritud; 
 ei sisalda liigseid andmeid. 
 
 c. Vajadusel on lubatud ainult konkreetne tootja/mudel või lubatakse irdandmekandjate kasutamine VID/PID koodide loendi alusel.",IT-juht,
666437910eda69e67e5b1ad85702172a,SYS.2.7,SYS.2.7: Irdandmekandja,3.3,3.3 Standardmeetmed,659c38bb523c34949b0010bacc4daf32,SYS.2.7.M10,SYS.2.7.M10 Andmekandja krüpteerimine,"Vastutaja:  IT-juht 
 Elutsükli etapp:  Käitamine 
   
 a. Irdandmekandjal olevad andmed on krüpteeritud. 
 b. Organisatsiooni irdandmekandjad on eelistatult riistvaraliselt krüpteeritud. 
 c. Tarkvaraliseks krüpteerimiseks kasutatakse usaldusväärset ning eelnevalt turvanõuetele vastavushindamise läbinud toodet.",IT-juht,
666437910eda69e67e5b1ad85702172a,SYS.2.7,SYS.2.7: Irdandmekandja,3.3,3.3 Standardmeetmed,29d7499718c10eb0fd538fc7cf133134,SYS.2.7.M13,SYS.2.7.M13 Irdandmekandja märgistamine andmekandja transpordil,"Vastutaja:  Kasutaja 
 Elutsükli etapp:  Käitamine 
   
 a. Saadetav andmekandja ja selle pakend on märgistatud saajale ja saatjale arusaadavalt. 
 b. Tundlikku teavet sisaldava andmekandja märgistus ei anna kõrvalistele isikutele vihjeid andmete sisu kohta.",IT-juht,
666437910eda69e67e5b1ad85702172a,SYS.2.7,SYS.2.7: Irdandmekandja,3.3,3.3 Standardmeetmed,065a6636009b75925fce414a1ec60f0d,SYS.2.7.M17,SYS.2.7.M17 Andmete pikaajaline säilitamine irdandmekandjal,"Vastutaja:  IT-juht 
 Elutsükli etapp:  Käitamine 
   
 a. Andmete pikaajaliseks säilitamiseks kasutatakse selleks otstarbeks sobivaid irdandmekandjaid. 
 b. Andmete käideldavuse ja tervikluse kontrollimiseks testitakse andmete loetavust irdandmekandjalt regulaarselt.",IT-juht,
666437910eda69e67e5b1ad85702172a,SYS.2.7,SYS.2.7: Irdandmekandja,3.4,3.4 Kõrgmeetmed,25e5e9a456bf8b97c6b824997e3609f7,SYS.2.7.M7,SYS.2.7.M7 Andmekandja turvaline kustutus enne ja pärast kasutamist,"Vastutaja:  Kasutaja 
 Elutsükli etapp:  Käitamine 
 Turvakomponent:  C; I; A 
   
 a. Enne korduvkirjutatavate andmekandjate edasiandmist, taaskasutamist või kasutuselt kõrvaldamist on andmekandjatelt andmed ettenähtud viisil kustutatud. 
 b. Andmete turvaliseks kustutamiseks on koostatud juhised. Töötajatel on juurdepääs turvalist kustutamist võimaldavatele vahenditele. 
 c. Kõrgema kaitsetarbe korral tohib iga andmekandjat kasutada vaid ühe korra. 
 d. Andmete eemaldamiseks korduvkasutatava irdandmekandja mälust kasutatakse andmekandja mitmekordset juhuandmetega ülekirjutamist.",IT-juht,
666437910eda69e67e5b1ad85702172a,SYS.2.7,SYS.2.7: Irdandmekandja,3.4,3.4 Kõrgmeetmed,c98474da86bafd441132b05ecc1244a4,SYS.2.7.M11,SYS.2.7.M11 Tervikluse kaitse kontrollkoodi või digitaalsignatuuriga,"Vastutaja:  IT-juht 
 Elutsükli etapp:  Käitamine 
 Turvakomponent:  I 
   
 a. Konfidentsiaalse teabe tervikluse tagamiseks on irdandmekandjal olevate andmete terviklus kaitstud CRC-koodidega või digitaalsignatuuriga.",IT-juht,
666437910eda69e67e5b1ad85702172a,SYS.2.7,SYS.2.7: Irdandmekandja,3.4,3.4 Kõrgmeetmed,eab827759871bb156cc2dc42a9371d08,SYS.2.7.M14,SYS.2.7.M14 Turvaline transport ja pakend,"Vastutaja:  IT-juht 
 Elutsükli etapp:  Käitamine 
 Turvakomponent:  C; I; A 
   
 b. Andmekandjate transpordiks kasutatakse turvalisi saatmispakendeid, mis võimaldavad manipuleerimise kohe avastada. 
 c. Töötajad teavad, millist pakendit ja transporti tuleb andmekandjate saatmiseks kasutada. 
 d. Regulaarselt kontrollitakse irdandmekandjate kasutamise turvanõuete ajakohasust ja nõuete täitmist. 
 e. Regulaarselt kontrollitakse irdandmekandjate kasutamise turvanõuete ajakohasust ja nõuete täitmist.",IT-juht,
666437910eda69e67e5b1ad85702172a,SYS.2.7,SYS.2.7: Irdandmekandja,3.4,3.4 Kõrgmeetmed,22e650352d4d22ea5ad2642fab9134b2,SYS.2.7.M15,SYS.2.7.M15 Sertifitseeritud irdandmekandjad,"Vastutaja:  IT-juht 
 Elutsükli etapp:  Kavandamine 
 Turvakomponent:  C; I; A 
   
 a. Organisatsioonis kasutatakse ainult sertifitseeritud irdandmekandjaid.",IT-juht,
666437910eda69e67e5b1ad85702172a,SYS.2.7,SYS.2.7: Irdandmekandja,3.4,3.4 Kõrgmeetmed,f0b4e32df29f5c49427bc1bd860ffcf1,SYS.2.7.M16,SYS.2.7.M16 Spetsialiseeritud andmelüüsid,"Vastutaja:  IT-juht 
 Elutsükli etapp:  Käitamine 
 Turvakomponent:  C; I 
   
 a. Organisatsioonis kasutatakse andmelüüsi süsteemi, mis loeb andmed ühelt andmekandjalt, kontrollib andmeid kahjurvara suhtes ja kirjutab andmed teisele andmekandjale.",IT-juht,
febcf72aac67d00049c6660e720ea211,SYS.1.6,SYS.1.6: Konteinerdus,3.2,3.2 Põhimeetmed,944eb89650965d5387903d46ac13c48d,SYS.1.6.M1,SYS.1.6.M1 Konteinerduse kavandamine,"Vastutaja:  IT-juht 
 Elutsükli etapp:  Kavandamine 
   
 a. Enne konteinerduse kasutuselevõttu on määratud eesmärgid, mida konteinerdusega tahetakse saavutada (nt skaleeritavus, käideldavus, CI/CD välearendus (ingl  agile development ), turvalisus läbi rakenduste eraldatuse). 
 b. Kavandamisel on kaardistatud konteinerduse turvariskid ning nende mõjud organisatsiooni äriprotsessidele. 
 c. Kavandamisel on arvestatud tegevuskulusid, mis tekivad konteinerite kasutuselevõtu ja käigushoiuga. 
 d. Konteinerduse eesmärgid, riski- ja kuluhinnangud on dokumenteeritud.",IT-juht,
febcf72aac67d00049c6660e720ea211,SYS.1.6,SYS.1.6: Konteinerdus,3.2,3.2 Põhimeetmed,ce7df67b1403a1d182600df80c40bf9a,SYS.1.6.M2,SYS.1.6.M2 Konteinerduse halduse kavandamine,"Vastutaja:  IT-juht 
 Elutsükli etapp:  Kavandamine 
   
 a. Konteinerite haldusprotsessid hõlmavad konteinerduse kogu elutsüklit alates konteinerite kasutuselevõtust kuni kasutuselt kõrvaldamiseni (ingl  decommissioning ). 
 b. Konteinerite dokumenteeritud haldusprotseduurid sisaldavad konteinerduse turvalisuse tagamist ja regulaarset turvauuendite paigaldamist.",IT-juht,
febcf72aac67d00049c6660e720ea211,SYS.1.6,SYS.1.6: Konteinerdus,3.2,3.2 Põhimeetmed,a3152a7bfaaa92a70cd038c6252d1bc2,SYS.1.6.M4,SYS.1.6.M4 Konteineritõmmiste turvaline evitus,"Vastutaja:  IT-juht 
 Elutsükli etapp:  Kavandamine 
   
 a. Konteineritõmmiste loomise ja rakendamise protsess on piisava detailsusega kavandatud ja dokumenteeritud. 
 b. Enne konteineritõmmise kasutuselevõttu veendutakse, et tõmmis on eelnevalt verifitseeritud ja selle looja on üheselt tuvastatav. 
 c. Enne konteinerite kasutuselevõttu on analüüsitud, kuidas konteinerdus mõjutab kasutatavaid IT-süsteeme ja rakendusi, eelkõige rakenduste käitust ja haldamist. 
 d. On analüüsitud, kas konteinerite IT-süsteemide, virtuaalsete võrkude ning opereeritavate rakenduste isoleerimine ja kapseldamine on kooskõlas rakenduste kaitsetarbega. 
 e. On kontrollitud, kas hosti operatsioonisüsteemi turvamehhanismid tagavad konteinerite turvalisuse.",IT-juht,
febcf72aac67d00049c6660e720ea211,SYS.1.6,SYS.1.6: Konteinerdus,3.2,3.2 Põhimeetmed,a32ed920f85729f5bc291ef3dc867206,SYS.1.6.M6,SYS.1.6.M6 Turvaliste konteineritõmmiste kasutamine,"Vastutaja:  IT-juht 
 Elutsükli etapp:  Käitamine 
   
 a. Konteineritõmmised on loodud usaldusväärsest allikast pärinevast ja kontrollitud lähtekoodist. 
 c. Kasutatakse viimast konteineritõmmise versiooni. 
 e. Iga konteineritõmmise kohta on teada tema koosseisu andmestik ehk SBOM (Software Bill of Materials).",IT-juht,
febcf72aac67d00049c6660e720ea211,SYS.1.6,SYS.1.6: Konteinerdus,3.2,3.2 Põhimeetmed,7cdb7dad89b92c8b4b8253a5648a61bf,SYS.1.6.M7,SYS.1.6.M7 Konteineri toimivuse seire ja logimine,"Vastutaja:  IT-juht 
 Elutsükli etapp:  Käitamine 
   
 a. Konteineri logiandmed salvestatakse ja säilitatakse väljaspool konteinerit. 
 b. Konteinerite käitamisel seiratakse süsteemi toimivust ning viiakse läbi perioodilisi seisundikontrolle (ingl  health check ).",IT-juht,
febcf72aac67d00049c6660e720ea211,SYS.1.6,SYS.1.6: Konteinerdus,3.2,3.2 Põhimeetmed,eee5935296942820d9b36a9ce5cc9507,SYS.1.6.M8,SYS.1.6.M8 Konteineri pääsuandmete turvaline haldus,"Vastutaja:  IT-juht 
 Elutsükli etapp:  Käitamine 
   
 a. Juurdepääs mandaatidele (ingl  Credentials ) on ainult volitatud isikutel ja konteineritel. 
 b. Konteineritõmmises mandaate ega juurdepääsuandmeid ei hoita. 
 c. Konteineriteenuste haldustarkvara olemasolul kasutatakse haldustarkvarasse integreeritud mandaatide halduse mehhanisme. 
 d. Turvaliselt on talletatud vähemalt järgmised mandaadid: 
 
 kõik kontoparoolid; 
 rakenduste teenuste API krüptovõtmed; 
 sümmeetrilise krüpteerimise võtmed; 
 avaliku võtme taristu (ingl  Public Key Infrastructure , PKI) privaatvõtmed.",IT-juht,
febcf72aac67d00049c6660e720ea211,SYS.1.6,SYS.1.6: Konteinerdus,3.3,3.3 Standardmeetmed,ad81623fbbf84bcb4712e312e69d4536,SYS.1.6.M5,SYS.1.6.M5 Konteinerite haldusvõrgu eraldamine,"Vastutaja:  IT-juht 
 Elutsükli etapp:  Käitamine 
   
 a. Piisava turvataseme tagamiseks on hostsüsteemi haldusvõrk, konteinerite haldusvõrk ja konteinerdatud rakendustele juurdepääsuks kasutatavad võrgud üksteisest asjakohaselt eraldatud. 
 b. Hostsüsteemi kaughaldust tehakse ainult spetsialiseeritud haldusvõrgu kaudu. 
 c. Konteinerite käitamiseks mittevajalikud andmesideühendused on blokeeritud.",IT-juht,
febcf72aac67d00049c6660e720ea211,SYS.1.6,SYS.1.6: Konteinerdus,3.3,3.3 Standardmeetmed,b66e9ac5945b404e091a83f7490ee3d7,SYS.1.6.M9,SYS.1.6.M9 Rakenduste sobivuse hindamine,"Vastutaja:  IT-juht 
 Elutsükli etapp:  Kavandamine 
   
 a. Konteineri rakenduste sobivust konteineris kasutamiseks on eelnevalt testitud. 
 c. Rakenduste konteineris käitamise sobivuse kontrollid on dokumenteeritud.",IT-juht,
febcf72aac67d00049c6660e720ea211,SYS.1.6,SYS.1.6: Konteinerdus,3.3,3.3 Standardmeetmed,ce2f109b2bd6add0faea089262d114ba,SYS.1.6.M10,SYS.1.6.M10 Konteinerite kasutamise turvanõuded,"Vastutaja:  IT-juht 
 Elutsükli etapp:  Kavandamine 
   
 a. Organisatsioon on koostanud konteinerite käitamise turvanõuded. 
 b. Konteinerite kasutamise turvanõuded sisaldavad vähemalt järgmist: 
 
 rollid ja vastutused konteineri kasutuselevõtul ja käitamisel; 
 lubatud platvormid (nt Docker, Kubernetes); 
 kohustuslikud keskkonnad (arendus-, test- ja käidukeskkond); 
 nõuded konteineritõmmiste turvaliseks loomiseks; 
 konteinerite turvaline konfiguratsiooni- ja versioonihaldus; 
 käitumine intsidentide korral; 
 konteinerite varundus ja taaste.",IT-juht,
febcf72aac67d00049c6660e720ea211,SYS.1.6,SYS.1.6: Konteinerdus,3.3,3.3 Standardmeetmed,57eddaa5a7da38155fe7a136c4c3fb89,SYS.1.6.M11,SYS.1.6.M11 Rakenduste eraldamine konteinerites,"Vastutaja:  IT-juht 
 Elutsükli etapp:  Käitamine 
   
 a. Iga konteiner teenindab samaaegselt ainult üht IT-teenust.",IT-juht,
febcf72aac67d00049c6660e720ea211,SYS.1.6,SYS.1.6: Konteinerdus,3.3,3.3 Standardmeetmed,bfe351aadd2baf0e79b9935adbb7eda9,SYS.1.6.M12,SYS.1.6.M12 Konteineritõmmiste turvaline levitamine,"Vastutaja:  IT-juht 
 Elutsükli etapp:  Käitamine 
   
 a. On koostatud ja kinnitatud kriteeriumid, mille alusel on võimalik hinnata konteineritõmmiste usaldusväärsust ja konteineritõmmis kasutuseks kinnitada. 
 b. Konteineritõmmised on varustatud metaandmetega tõmmise koostaja, otstarbe ja ajaloo kohta. 
 c. Konteineritõmmised on kaitstud volitamata muutmise eest (nt signeerimise või räsikontrolli abil).",IT-juht,
febcf72aac67d00049c6660e720ea211,SYS.1.6,SYS.1.6: Konteinerdus,3.3,3.3 Standardmeetmed,73962f2117d7477d474d7405f6eaba36,SYS.1.6.M13,SYS.1.6.M13 Konteineritõmmiste testimine enne käidukeskkonda paigaldamist,"Vastutaja:  IT-juht 
 Elutsükli etapp:  Kavandamine 
   
 a. Konteineritõmmis testitakse enne käidukeskkonda (ingl  Operational Environment ) paigaldamist. 
 b. Testimine toimub vastavalt tarkvara testimise ja kasutuselevõtu korrale.",IT-juht,
febcf72aac67d00049c6660e720ea211,SYS.1.6,SYS.1.6: Konteinerdus,3.3,3.3 Standardmeetmed,b2e8f2a4c6108019df14b251ab4b9585,SYS.1.6.M14,SYS.1.6.M14 Konteineritõmmiste ajakohastamine,"Vastutaja:  IT-juht 
 Elutsükli etapp:  Käitamine 
   
 a. Konteineritõmmiste uuendite paigaldamine toimub kinnitatud muudatusehalduse protsessi kohaselt. 
 c. Konteineritõmmise kasutuselevõtmisel on kokku lepitud selle kasutamise periood.",IT-juht,
febcf72aac67d00049c6660e720ea211,SYS.1.6,SYS.1.6: Konteinerdus,3.3,3.3 Standardmeetmed,1173d81087d3b084be6de66bf255dbbc,SYS.1.6.M15,SYS.1.6.M15 Konteineri ressursipiirangute määratlemine,"Vastutaja:  IT-juht 
 Elutsükli etapp:  Käitamine 
   
 a. Konteineri jaoks on määratud ja reserveeritud toimimiseks vajalikud hostsüsteemi ressursid (nt CPU, muutmälu maht, võrgu läbilaskevõime). 
 b. On olemas tegevuskava juhuks, kui ressurssidele määratud piirväärtused ületatakse.",IT-juht,
febcf72aac67d00049c6660e720ea211,SYS.1.6,SYS.1.6: Konteinerdus,3.3,3.3 Standardmeetmed,96a396db284d1d12c539eb5e8da53ddf,SYS.1.6.M16,SYS.1.6.M16 Konteinerite kaughoolduse turve,"Vastutaja:  IT-juht 
 Elutsükli etapp:  Käitamine 
   
 b. Hostsüsteemi kaughooldust ei tehta samal hostil asuvast konteinerist. 
 c. Rakendusi käitavas konteineris on kaughooldusjuurdepääsud teistesse IT-süsteemidesse piiratud. 
 d. Konteineri kaughooldust tehakse ainult konteineri käituskeskkonna (ingl  Container Runtime ) kaudu.",IT-juht,
febcf72aac67d00049c6660e720ea211,SYS.1.6,SYS.1.6: Konteinerdus,3.3,3.3 Standardmeetmed,cc270672b0da5bfb5821750af01c70ed,SYS.1.6.M17,SYS.1.6.M17 Konteineri käitamiseks minimaalselt vajalike õiguste määratlemine,"Vastutaja:  IT-juht 
 Elutsükli etapp:  Käitamine 
   
 a. Konteineri käituskeskkonda (ingl  Container Runtime ) ja selles loodud konteinereid käitatakse selleks otstarbeks loodud lihtkasutaja õigustega kontoga (ingl  Non-Privileged Account) , millel puuduvad eeliskonto õigused konteinerirakendustes või hostsüsteemi operatsioonisüsteemis. 
 b. On kasutusele võetud meetmed konteineri käituskeskkonna kapseldamiseks (ingl  Encapsulation ), nt protsessoripõhise virtualiseerimise (ingl  CPU Virtualization Extension ) abil.",IT-juht,
febcf72aac67d00049c6660e720ea211,SYS.1.6,SYS.1.6: Konteinerdus,3.3,3.3 Standardmeetmed,7d580b492716d73ea24f3a43f8bda505,SYS.1.6.M18,SYS.1.6.M18 Konteinerdatud rakenduste õiguste piiramine,"Vastutaja:  IT-juht 
 Elutsükli etapp:  Käitamine 
   
 a. Konteinerisisestel süsteemikontodel ei ole õigusi hostsüsteemis. Erandite korral toimub konto haldus hostsüsteemis, kontole antakse juurdepääs ainult vajalikele andmetele ja IT-süsteemidele.",IT-juht,
febcf72aac67d00049c6660e720ea211,SYS.1.6,SYS.1.6: Konteinerdus,3.3,3.3 Standardmeetmed,199a695bc00cc7ef1a2684efb55af7a3,SYS.1.6.M19,SYS.1.6.M19 Andmesalvestitele juurdepääsu reguleerimine,"Vastutaja:  IT-juht 
 Elutsükli etapp:  Käitamine 
   
 a. Konteineritele on antud juurdepääs ainult tööks vajalikele andmesalvestitele ja jagatud kataloogidele. 
 b. Kui konteineri käituskeskkonnas on seadistatud andmesalvestuseks konteineri lokaalne salvestusruum, on juurdepääs salvestusruumile lubatud ainult konteinerisisestel kontodel. 
 c. Kui kasutatakse võrgupõhiseid salvestisüsteeme (SAN või NAS), antakse vajalikud juurdepääsuõigused konteinerile salvestisüsteemist.",IT-juht,
febcf72aac67d00049c6660e720ea211,SYS.1.6,SYS.1.6: Konteinerdus,3.3,3.3 Standardmeetmed,4ed8d6da9018a30e6bcbf7cfe5c58459,SYS.1.6.M20,SYS.1.6.M20 Konteineri konfiguratsiooniandmete turve,"Vastutaja:  IT-juht 
 Elutsükli etapp:  Käitamine 
   
 a. Konteineri konfiguratsiooniandmed on versioneeritud. 
 b. Kõik konfiguratsioonimuudatused on asjakohaselt dokumenteeritud.",IT-juht,
febcf72aac67d00049c6660e720ea211,SYS.1.6,SYS.1.6: Konteinerdus,3.4,3.4 Kõrgmeetmed,96331eb0fa90aed1584507c7e7bc40c5,SYS.1.6.M21,SYS.1.6.M21 Konteinerite pääsuõiguste laiendatud turve,"Vastutaja:  IT-juht 
 Elutsükli etapp:  Kavandamine 
 Turvakomponent:  C; I; A 
   
 a. On koostatud täpsed juhendid konteinerite pääsuõiguste halduseks. 
 b. Detailsed pääsuõigused jõustatakse vastavalt eeldefineeritud reeglitele MAC (ingl  Mandatory Access Control ) või sellega samaväärse mehhanismi abil. 
 c. Pääsuiõiguste andmisel arvestatakse vähemalt järgmist: 
 
 sisenevad ja väljuvad võrguühendused; 
 juurdepääsuõigused failisüsteemile; 
 operatsioonisüsteemi tuuma (ingl  Kernel ) päringud (ingl  System Calls ). 
 
 d. Konteineri käivitamisel on hosti operatsioonisüsteemi tuum võimeline blokeerima pääsureeglitega keelatud konteineri tegevused.",IT-juht,
febcf72aac67d00049c6660e720ea211,SYS.1.6,SYS.1.6: Konteinerdus,3.4,3.4 Kõrgmeetmed,b5eb64d499fc0246a19b727d37fd387b,SYS.1.6.M22,SYS.1.6.M22 Konteineritõmmise kasutamine asitõendina,"Vastutaja:  IT-juht 
 Elutsükli etapp:  Käitamine 
 Turvakomponent:  C; I 
   
 a. Rakendatud on IT kriminalistika jaoks vajalikke meetmeid konteinerite hetketõmmiste kasutamiseks võimaliku asitõendina.",IT-juht,
febcf72aac67d00049c6660e720ea211,SYS.1.6,SYS.1.6: Konteinerdus,3.4,3.4 Kõrgmeetmed,4aad061bd86176cd5212ae79ce582312,SYS.1.6.M23,SYS.1.6.M23 Konteinerite tervikluse tagamine,"Vastutaja:  IT-juht 
 Elutsükli etapp:  Käitamine 
 Turvakomponent:  I 
   
 a. Konteineri failisüsteemi muutmine konteineri käitamise ajal on blokeeritud. 
 b. Failisüsteem on seotud (ingl  Mount ) konteineriga ilma kirjutusõiguseta (ingl  Read Only ).",IT-juht,
febcf72aac67d00049c6660e720ea211,SYS.1.6,SYS.1.6: Konteinerdus,3.4,3.4 Kõrgmeetmed,dc5ce26630288156833d348090a95440,SYS.1.6.M24,SYS.1.6.M24 Ründetuvastus ja seire,"Vastutaja:  IT-juht 
 Elutsükli etapp:  Käitamine 
 Turvakomponent:  C; I; A 
   
 a. Konteinerid ja neis kasutatavad rakendused on allutatud pidevale seirele. 
 b. Kõrvalekalded konteinerite tavapärasest toimimisest registreeritakse ja neist teavitatakse määratud isikuid. 
 c. Seiratakse vähemalt järgmisi tegevusi ja protsesse: 
 
 võrguühendused ja andmevahetus; 
 konteineris algatatud protsessid; 
 failisüsteemi poole pöördumised; 
 operatsioonisüsteemi tuuma (ingl  Kernel ) päringud (ingl  syscalls ). 
 
 d. Konteineritele tehakse regulaarselt turvanõrkuste skaneerimist.",IT-juht,
febcf72aac67d00049c6660e720ea211,SYS.1.6,SYS.1.6: Konteinerdus,3.4,3.4 Kõrgmeetmed,063347ab9b2780d32942026b947785fe,SYS.1.6.M25,SYS.1.6.M25 Konteinerdatud rakenduste kõrgkäideldavus,"Vastutaja:  IT-juht 
 Elutsükli etapp:  Kavandamine 
 Turvakomponent:  A 
   
 a. Konteinerdatud rakenduse kõrgkäideldavuse nõude puhul tehakse valik, mis tasemel käideldavust tõstetakse (nt liiasuse tagamine hostide tasemel, hostide dubleerimine).",IT-juht,
febcf72aac67d00049c6660e720ea211,SYS.1.6,SYS.1.6: Konteinerdus,3.4,3.4 Kõrgmeetmed,602d9ce1c9fd38b3ee29f77821a508af,SYS.1.6.M26,SYS.1.6.M26 Konteinerite täiendav isoleerimine ja kapseldamine,"Vastutaja:  IT-juht 
 Elutsükli etapp:  Kavandamine 
 Turvakomponent:  C; I 
   
 a. Konteinerite isoleerimise ja kapseldamise rangemate nõuete kehtestamisel kaalutakse järgmiste meetmete rakendamist: 
 
 konteinerite määramine fikseeritud hostidele; 
 üksikute konteinerite ja/või hostide käitamine hüperviisoritega (ingl  hypervisor ); 
 konkreetse konteineri sidumine konkreetse hostiga.",IT-juht,
a07283e528ca77217f855201c20bcafa,SYS.2.1,SYS.2.1: Tööjaam üldiselt,3.2,3.2 Põhimeetmed,508b0782f352c59f6b0f2821f84d1246,SYS.2.1.M1,SYS.2.1.M1 Kasutajate turvaline autentimine,"Vastutaja:  IT-juht 
 Elutsükli etapp:  Käitamine 
   
 a. Tööjaama on võimalik kasutada ainult end nõuetekohaselt autentinud kasutajal. 
 b. Mistahes tegevuse puhul tööjaamas on logide alusel võimalik tuvastada tegevuse sooritaja. 
 c. Autentimise turvakriitiliste parameetrite miinimumnõuded (nt paroolinõuded) tagavad piisava turvalisuse. 
 f. Autentimisandmete muutmine on piiratud järgmiselt: 
 
 kasutaja saab muuta ainult oma autentimisandmeid pärast edukat tuvastamist; 
 administraator saab lähtestada teise kasutaja autentimisandmeid ainult dokumenteeritud protsessi kaudu, mis logitakse ja on auditeeritav; 
 
 g. Autentimismehhanismid reageerivad vigasele autentimisandmete sisestusele juurdepääsu ajutise sulgemisega.",IT-juht,
a07283e528ca77217f855201c20bcafa,SYS.2.1,SYS.2.1: Tööjaam üldiselt,3.2,3.2 Põhimeetmed,4a8b8bdcc608f9a4871c3dcbea918d50,SYS.2.1.M2,SYS.2.1.M2 Tööjaama turvaline kasutamine,"Vastutaja:  Kasutaja 
 Elutsükli etapp:  Käitamine 
   
 a. Tööjaama kasutatakse ainult määratud otstarbeks (nt ei tohi kasutaja installida tööjaama heakskiitmata tarkvara). 
 b. Tööjaama kasutab ainult selleks volitatud isik. Volitatud isikuteks on töötaja ja tööjaamade haldur. 
 d. Kasutaja eemaloleku ajaks lukustab kasutaja tööjaama juurest lahkudes ekraani. Ekraanilukk käivitub kasutaja poolt käsitsi aktiveerituna või automaatselt pärast ettemääratud ajavahemikku. Ajavahemiku pikkus sõltub arvutikasutaja tööspetsiifikast. Ekraaniluku avamine on võimalik vaid kasutaja autentimisega. 
 e. Pikema eemaloleku puhul logib kasutaja end tööjaamast välja või sulgeb arvuti. 
 f. Mitu kasutajat ei saa olla samaaegselt lokaalselt ühte tööjaama sisse logitud. 
 g. Kasutajad teavad, kuidas tööjaama turvaliselt kasutada.",IT-juht,
a07283e528ca77217f855201c20bcafa,SYS.2.1,SYS.2.1: Tööjaam üldiselt,3.2,3.2 Põhimeetmed,7dac34492471addb54b0e6c367a0450f,SYS.2.1.M4,SYS.2.1.M4 Keskne tööjaamade register,"Vastutaja:  IT-juht 
 Elutsükli etapp:  Käitamine 
   
 a. Kõik tööjaamad on registreeritud keskses varahaldussüsteemis. 
 b. Iga tööjaama kohta on registreeritud vähemalt järgmised andmed: 
 
 tootja ja mudel; 
 seerianumber; 
 soetusaeg; 
 tööjaama spetsifikatsioon; 
 vastutav kasutaja; 
 asukoht. 
 
 c. Tööjaamade registrit ajakohastatakse kokkulepitud regulaarsusega. 
 d. Tööjaamad, mille valmistajapoolne tootetugi on lõppenud ja millel puudub riistvaratugi, vahetatakse välja.",IT-juht,
a07283e528ca77217f855201c20bcafa,SYS.2.1,SYS.2.1: Tööjaam üldiselt,3.2,3.2 Põhimeetmed,912b233a1c3e46fbe13520a19f23fbcb,SYS.2.1.M5,SYS.2.1.M5 Tööjaamade tüüptarkvara,"Vastutaja:  IT-juht 
 Elutsükli etapp:  Käitamine 
   
 a. On koostatud ammendav nimekiri tööjaama operatsioonisüsteemi komponentidest, tüüpsetest rakendustest ja utiliitidest, mis tööjaamadesse paigaldatakse. 
 b. Tüüptarkvara loendit ja lubatavaid tarkvaraversioone ajakohastatakse vastavalt vajadusele. 
 c. Kasutusel olevate tööjaamade tarkvara uuendatakse vastavalt kehtivale tüüptarkvara loendile. 
 d. Tööjaamades kasutatakse ainult tootjapoolse toega operatsioonisüsteeme ja rakendusi. Kõik kohaldatud erandid dokumenteeritakse koos põhjendustega.",IT-juht,
a07283e528ca77217f855201c20bcafa,SYS.2.1,SYS.2.1: Tööjaam üldiselt,3.2,3.2 Põhimeetmed,cc6807ab97297e41d9b44be3ae17ed57,SYS.2.1.M6,SYS.2.1.M6 Tööjaama kahjurvaratõrje tarkvara,"Vastutaja:  IT-juht 
 Elutsükli etapp:  Käitamine 
   
 a. Tööjaamad on varustatud aktiveeritud kahjurvaratõrje ja lõppseadmeturbe (ingl  endpoint security ) tarkvaraga. 
 b. Erandjuhud, kui kahjurvaratõrje rakendust tööjaama ei paigaldata, on põhjendatud ja dokumenteeritud. 
 d. Tavakasutaja ei saa kahjurvaratõrje rakendust desaktiveerida ega muuta selle konfiguratsiooni. 
 e. Kahjurprogrammiga nakatunud tööjaam eemaldatakse võrgust vastavalt dokumenteeritud intsidentide käsitlemise protseduurile.",IT-juht,
a07283e528ca77217f855201c20bcafa,SYS.2.1,SYS.2.1: Tööjaam üldiselt,3.2,3.2 Põhimeetmed,62dff05b35d5754c29357cad563e835b,SYS.2.1.M7,SYS.2.1.M7 Tarkvarauuendite automaatpaigaldus,"Vastutaja:  IT-juht 
 Elutsükli etapp:  Käitamine 
   
 a. Tööjaama operatsioonisüsteemis on aktiveeritud uuendite (ingl  Update ) automaatpaigaldus. 
 b. Tarkvarauuendite automaatpaigalduse regulaarsus on vähemalt üks kord nädalas. 
 c. Tootja avalikust uuendusserverist uuendite laadimisel kontrollitakse uuendusserveri autentsust ja uuenduspakettide terviklust. 
 f. Vajadusel on võimalik tööjaamas taastada uuendamise eelne tarkvaraseis. 
 g. Paigaldatud uuendite jõustamiseks taaskäivitatakse tööjaama regulaarselt.",IT-juht,
a07283e528ca77217f855201c20bcafa,SYS.2.1,SYS.2.1: Tööjaam üldiselt,3.2,3.2 Põhimeetmed,fcaa6bbdd51ebcbbcc61524456694a1a,SYS.2.1.M8,SYS.2.1.M8 Buutimise turve,"Vastutaja:  IT-juht 
 Elutsükli etapp:  Käitamine 
   
 a. Tööjaama alglaadimine (buutimine) on manipulatsioonide eest kaitstud. 
 b. On määratud, millistelt andmekandjatelt on buutimine lubatud. Buutida sisemistelt optilistelt draividelt ja välistelt salvestuskandjatelt on lubatud ainult tööjaamade halduritele. 
 c. Automaatkäivitus välistelt andmekandjatelt on desaktiveeritud. 
 d. BIOS-i või UEFI püsivara seaded on lubamatute muudatuste eest parooliga kaitstud. Seadeid saavad muuta ainult haldajad. 
 e. Püsivaras on kõik tarbetud funktsioonid desaktiveeritud. 
 f. UEFI püsivaraga klientarvutites on aktiveeritud valik  SecureBoot .",IT-juht,
a07283e528ca77217f855201c20bcafa,SYS.2.1,SYS.2.1: Tööjaam üldiselt,3.2,3.2 Põhimeetmed,48ef30f8ee5f66313bc25addcfc02316,SYS.2.1.M10,SYS.2.1.M10 Tööjaamade profileerimine,"Vastutaja:  IT-juht 
 Elutsükli etapp:  Kavandamine 
   
 b. Enne tööjaamade hankimist arvestatakse alljärgnevaid aspekte: 
 
 tööjaama eesmärk ja ülesanded; 
 nõuded riistvarale (protsessor, põhimälu, kettamaht, võrguliidesed jne); 
 seosed ja ühilduvus olemasolevate süsteemide ja andmetega; 
 operatsioonisüsteem ja failisüsteem; 
 kaitsetarve ja turvamehhanismid; 
 käideldavusnõuded; 
 haldus ja hooldus. 
 
 c. Tööjaama profiilid dokumenteeritakse. Vajadusel on koostatud rohkem kui üks tööjaama profiil (nt üldine bürooarvuti, sülearvuti, halduri arvuti). 
 e. Tööjaama turvakonfiguratsioon sisaldub tööjaama profiilides ja jõustatakse tööjaamades automaatselt.",IT-juht,
a07283e528ca77217f855201c20bcafa,SYS.2.1,SYS.2.1: Tööjaam üldiselt,3.2,3.2 Põhimeetmed,e1dd2834af7c57af11718e2c5695a2b0,SYS.2.1.M15,SYS.2.1.M15 Tööjaama turvaline install ja seadistus,"Vastutaja:  IT-juht 
 Elutsükli etapp:  Kavandamine 
   
 b. Tööjaamade operatsioonisüsteemi ja tüüptarkvara installivad selleks volitatud haldurid või lepinguga määratud välised teenuseandjad. Tavakasutajal ei ole tööjaamas administraatoriõigusi. 
 c. Klientarvutite seadistamiseks on koostatud ja dokumenteeritud turvaline aluskonfiguratsioon. Aluskonfiguratsioon sisaldab vähemalt järgmisi aspekte: 
 
 haldusõigustega kontod; 
 süsteemikataloogid- ja failid; 
 kasutajakontod ja -kataloogid; 
 võrkupääs; 
 tööjaama kõvaketta krüpteerimine; 
 lokaalsed turvafunktsioonid (nt paketifilter); 
 seirefunktsioonid (sh kasutusinfo tootjale edastamise (nn  Phone Home ) funktsioonid). 
 
 d. Installimise ja konfigureerimise protseduur on dokumenteeritud selliselt, et pädev kolmas isik saaks dokumentatsioonist juhindudes installimise ja konfigureerimisega iseseisvalt hakkama. 
 e. Installimise ja konfigureerimise dokumentatsioon on kaitstud lubamatute muudatuste eest ning on kättesaadav ka avariiolukorras.",IT-juht,
a07283e528ca77217f855201c20bcafa,SYS.2.1,SYS.2.1: Tööjaam üldiselt,3.2,3.2 Põhimeetmed,f1fd02576832ad14b3cf0da3c255d7a5,SYS.2.1.M42,SYS.2.1.M42 Pilve- ja võrgufunktsioonide kasutamine,"Vastutaja:  IT-juht 
 Elutsükli etapp:  Käitamine 
   
 a. Tööjaamas on aktiveeritud ainult vajalikud pilve- ja võrgufunktsioonid. Tarbetud pilvteenused on desaktiveeritud või blokeeritud. 
 c. Tööjaamade pilve- ja võrguseadistused on vastavuses organisatsiooni infoturbe- ja andmekaitsenõuetega.",IT-juht,
a07283e528ca77217f855201c20bcafa,SYS.2.1,SYS.2.1: Tööjaam üldiselt,3.3,3.3 Standardmeetmed,cdfbab040e8bf08e60a4353e09767282,SYS.2.1.M11,SYS.2.1.M11 Tööjaamade hankimise kord,"Vastutaja:  IT-juht 
 Elutsükli etapp:  Kavandamine 
   
 a. Hankimisel arvestatakse tööjaamade sobivust eelnevalt kirjeldatud tööjaama profiilidega. 
 b. Reeglina hangitakse võimalikult palju tööjaamu samalt tootjalt ja sarnase riistvaraplatvormiga. 
 c. Tööjaama riistvara ja operatsioonisüsteemi tootjad ja hoolduspartnerid tagavad varuosade ja turvauuendite toe kogu plaanitud klientarvuti kasutusaja vältel. 
 d. Hangitavad tööjaamad on turvalise keskhalduse tarbeks varustatud konfigureeritava püsivaraliidese (UEFI) ja integreeritud TPM (ingl  Trusted Platform Module ) versioon 2.0 toetava kiibiga.",IT-juht,
a07283e528ca77217f855201c20bcafa,SYS.2.1,SYS.2.1: Tööjaam üldiselt,3.3,3.3 Standardmeetmed,743bb6f2391a7f593fa25379e5e53a97,SYS.2.1.M16,SYS.2.1.M16 Tarbetute komponentide ja kontode desaktiveerimine,"Vastutaja:  IT-juht 
 Elutsükli etapp:  Käitamine 
   
 a. On olemas ajakohastatud ülevaade, millised operatsioonisüsteemi komponendid ning rakendused on tööjaamades paigaldatud ja aktiveeritud. 
 b. Tarbetud moodulid, programmid, teenused, kasutajakontod ja liidesed on desaktiveeritud või desinstallitud. 
 c. Tarbetud käituskeskkonnad (ingl  runtime environment ), interpretaatorid ja kompilaatorid on desinstallitud. 
 d. Tarbetute komponentide desaktiveerimise otsused on dokumenteeritud.",IT-juht,
a07283e528ca77217f855201c20bcafa,SYS.2.1,SYS.2.1: Tööjaam üldiselt,3.3,3.3 Standardmeetmed,ed34e14e4166b1b28634757adf6c7622,SYS.2.1.M20,SYS.2.1.M20 Tööjaamade turvaline haldus,"Vastutaja:  IT-juht 
 Elutsükli etapp:  Käitamine 
   
 a. Tööjaamade tavapäraste haldustööde jaoks on koostatud haldusjuhis, mis hõlmab vähemalt järgmist: 
 
 haldurite õigused ja piirangud; 
 kasutajate loomine ja desaktiveerimine; 
 rakenduste installimine ja desinstallimine; 
 turvauuendite ja turbepaikade paigaldamine; 
 uute rakenduste paigaldamine; 
 klientarvuti andmevarundus; 
 võrguühendused ja võrguteenused; 
 logimine; 
 regulaarne tervikluse kontroll. 
 
 c. Kaughalduse andmesideks kasutatakse selleks otstarbeks heakskiidetud turvalisi protokolle.",IT-juht,
a07283e528ca77217f855201c20bcafa,SYS.2.1,SYS.2.1: Tööjaam üldiselt,3.3,3.3 Standardmeetmed,69c89d207f78cd2dd46cc6c7f738bf52,SYS.2.1.M21,SYS.2.1.M21 Arvutimikrofoni ja -kaamera turvaline kasutamine,"Vastutaja:  IT-juht 
 Elutsükli etapp:  Käitamine 
   
 b. Tööjaama kaughalduse käigus ei kasutata mikrofoni ja kaamerat ilma kasutaja nõusolekuta. 
 c. Kui mikrofoni ja kaamera kasutamine pole lubatud, on kaamera füüsiliselt välja lülitatud või kinni kaetud ning mikrofon desaktiveeritud. 
 d. Konfidentsiaalse nõupidamise ajal on tööjaama mikrofonid ja kaamerad välja lülitatud.",IT-juht,
a07283e528ca77217f855201c20bcafa,SYS.2.1,SYS.2.1: Tööjaam üldiselt,3.3,3.3 Standardmeetmed,3ba0bb12dc82aedc9dabba63336344cd,SYS.2.1.M23,SYS.2.1.M23 Tööjaamade otsesuhtluse piiramine,"Vastutaja:  IT-juht 
 Elutsükli etapp:  Käitamine 
   
 a. Tööjaamadevaheline ressurssijagamine on keelatud. 
 b. Kui tööjaamade otsesuhtlus (ingl  peer-to-peer communication ) osutub siiski vajalikuks (nt VoIP sideteenuse puhul), siis on lubatavad erandid määratletud.",IT-juht,
a07283e528ca77217f855201c20bcafa,SYS.2.1,SYS.2.1: Tööjaam üldiselt,3.3,3.3 Standardmeetmed,e596939ebf6eb69fe664c44c8bcda2de,SYS.2.1.M27,SYS.2.1.M27 Tööjaamade kõrvaldamise kord,"Vastutaja:  IT-juht 
 Elutsükli etapp:  Kõrvaldamine 
   
 a. Enne tööjaama kasutuselt kõrvaldamist on olulised andmed varundatud ja kõrvaldamisele määratud tööjaamast andmed kustutatud. 
 c. Tööjaamade kõrvaldamiseks koostatakse kontroll-loend, mis määrab: 
 
 millised andmed tuleb enne tööjaama kõrvaldamist varundada või arhiveerida ja kuidas; 
 millised kõrvaldatava tööjaamaga seotud õigused, viited ja kirjed tuleb eemaldada; 
 millised jääkandmed ja varundatud andmed tuleb kustutada ja kuidas.",IT-juht,
a07283e528ca77217f855201c20bcafa,SYS.2.1,SYS.2.1: Tööjaam üldiselt,3.3,3.3 Standardmeetmed,284555a2e7182da07fb7205230588ca2,SYS.2.1.M28,SYS.2.1.M28 Konfidentsiaalsete andmete turvaline talletamine,"Vastutaja:  IT-juht 
 Elutsükli etapp:  Käitamine 
   
 a. Tööjaamas talletatakse konfidentsiaalsed andmed ainult krüpteeritud kujul. 
 d. Krüpteeritud failide, kataloogide ja andmekandjate varundamise järgselt pole andmed avatekstina loetavad. 
 e. Krüptovõti ei ole tööjaamas avateksti kujul salvestatud.",IT-juht,
a07283e528ca77217f855201c20bcafa,SYS.2.1,SYS.2.1: Tööjaam üldiselt,3.3,3.3 Standardmeetmed,01683ecae59ad3305c4242706039b16c,SYS.2.1.M30,SYS.2.1.M30 Tööjaamade etaloninstall,"Vastutaja:  IT-juht 
 Elutsükli etapp:  Käitamine 
   
 a. Tööjaamade jaoks on loodud etaloninstall, mida kasutatakse tööjaamade installimise ja taasinstallimise lihtsustamiseks ja automatiseerimiseks. Etaloninstall kloonitakse eelkonfigureeritud tööjaama. 
 b. Etaloninstall sisaldab kõiki konfiguratsioonimuudatusi, uuendeid ja turvapaiku. Etaloninstall hoitakse võimalikult ajakohasena. 
 c. Etaloninstalli on enne selle tööjaama paigaldamist põhjalikult testitud (sh arvuti kasutajate poolt).",IT-juht,
a07283e528ca77217f855201c20bcafa,SYS.2.1,SYS.2.1: Tööjaam üldiselt,3.3,3.3 Standardmeetmed,f49893a22f8cbb0f1096c0f6d843ca23,SYS.2.1.M38,SYS.2.1.M38 Integreerimine talitluspidevusplaaniga,"Vastutaja:  IT-juht 
 Elutsükli etapp:  Käitamine 
   
 a. Tööjaamade talitluspidevusplaanid on integreeritud organisatsiooni üldise talitluspidevusplaaniga. 
 b. Tööjaamade andmevarundus on osa organisatsiooni üldisest andmevarunduspoliitikast. 
 c. Tööjaamade taasteprioriteet on määratud äriprotsessidele määratud prioriteedi põhjal. 
 d. On koostatud tööjaamade taasteplaanid, milles on määratud järgnev: 
 
 varuosade olemasolu või nende saamine hooldelepingute raames; 
 taastekäivitustrigerid ja taastamise prioriteedid; 
 paroolide ja krüptovõtmete asukohad; 
 süsteemi järkjärgulise taastamise protseduurid; 
 süsteemi konfiguratsiooni dokumentatsioon; 
 taasteks vajalik lisatarkvara ja -riistvara. 
 
 e. Taastamise võimaldamiseks on komplekteeritud ja turvaliselt hoiustatud varutööjaam töökorras riistvara, tarkvara ja andmestikuga. 
 f. Varutööjaam on pärast süsteemi muudatusi uuendatud.",IT-juht,
a07283e528ca77217f855201c20bcafa,SYS.2.1,SYS.2.1: Tööjaam üldiselt,3.3,3.3 Standardmeetmed,41fa6bfdc9c83802e4666eaf013bd9eb,SYS.2.1.M39,SYS.2.1.M39 Tööjaamade katkematu ja stabiilne toide,"Vastutaja:  Haldusjuht 
 Elutsükli etapp:  Käitamine 
   
 a. Suurema käideldavustarbe korral võetakse tööjaamade toide läbi puhvertoiteallika (UPS-i), mis tagab tööjaama elektrivarustuse vähemalt rakenduste nõuetekohaseks sulgemiseks vajamineva aja jooksul. 
 b. Puhvertoiteallika koormatust ja toitetoe kestvuse piisavust kontrollitakse regulaarselt ning täiendavalt toite tarbijate lisandumisel. 
 c. Tööjaamad ja puhvertoiteallikad on kaitstud liigpinge ja pingehäiringute eest.",IT-juht,
a07283e528ca77217f855201c20bcafa,SYS.2.1,SYS.2.1: Tööjaam üldiselt,3.3,3.3 Standardmeetmed,302423ac6cc228d09048c6d514495f43,SYS.2.1.M40,SYS.2.1.M40 Tööjaama konfiguratsioonimuudatuste dokumenteerimine,"Vastutaja:  IT-juht 
 Elutsükli etapp:  Käitamine 
   
 b. Kõik konfiguratsioonimuudatused ja turvalisust puudutavad toimingud (nt kõvaketta vahetus) on dokumenteeritud. 
 c. Kui konfiguratsioonimuudatusi on võimalik automaatselt logida, siis dokumenteeritakse need automaatselt.",IT-juht,
a07283e528ca77217f855201c20bcafa,SYS.2.1,SYS.2.1: Tööjaam üldiselt,3.3,3.3 Standardmeetmed,d614d54e31d723a03373223b543ba5c7,SYS.2.1.M43,SYS.2.1.M43 Tööjaama turvaseadete keskne haldus,"Vastutaja:  IT-juht 
 Elutsükli etapp:  Käitamine 
   
 b. Lokaalsed turvaseaded on konfigureeritud lähtudes tööjaamas talletatud andmete kaitsetarbest. 
 c. Tööjaama turvaseaded on vastavuses üldise turvapoliitika ja teiste organisatsioonis rakendavate turvanõuetega. Lahknevused turvapoliitikast on põhjendatud ja dokumenteeritud. 
 e. Tööjaamade turvaseadeid hallatakse keskselt.",IT-juht,
a07283e528ca77217f855201c20bcafa,SYS.2.1,SYS.2.1: Tööjaam üldiselt,3.3,3.3 Standardmeetmed,342c232b8d57464ae4ec8ac091c40df6,SYS.2.1.M48,SYS.2.1.M48 Tööjaama kaugühenduste piiramine,"Vastutaja:  IT-juht 
 Elutsükli etapp:  Käitamine 
   
 a. Tööjaama automaatne ühendumine heakskiitmata organisatsiooniväliste pilvteenustega on keelatud. 
 b. Kaughooldusteenuseid rakendatakse tööjaamas ainult põhjendatud erandina, kooskõlastatuna infoturbejuhiga.",IT-juht,
a07283e528ca77217f855201c20bcafa,SYS.2.1,SYS.2.1: Tööjaam üldiselt,3.4,3.4 Kõrgmeetmed,50adedd6599bb2d32052d3ad45c39567,SYS.2.1.M24,SYS.2.1.M24 Välisliideste ja väliste andmekandjate kasutamise piiramine,"Vastutaja:  IT-juht 
 Elutsükli etapp:  Käitamine 
 Turvakomponent:  C 
   
 b. Kasutatakse ainult tööjaamu, millel CD/DVD kirjutaja, mälukaardiluger ja välisliidesed puuduvad või on piiratud võimalustega. 
 e. Kolmandatele isikutele juurdepääsetavate tööjaamade (nt klienditeeninduse tööjaamad) välisliidestesse on volitamata seadmete ja andmekandjate ühendamine füüsiliselt tõkestatud.",IT-juht,
a07283e528ca77217f855201c20bcafa,SYS.2.1,SYS.2.1: Tööjaam üldiselt,3.4,3.4 Kõrgmeetmed,6486ea91e6481ba7956b7a9262efa1a4,SYS.2.1.M29,SYS.2.1.M29 Keskne tööjaamade seire,"Vastutaja:  IT-juht 
 Elutsükli etapp:  Käitamine 
   
 a. Tööjaama logid talletatakse kesksesse logiserverisse. Tööjaamad on lülitatud kesksesse seiresüsteemi. 
 c. Klientarvuti tõrkest ja määratud piirnäitajate ületamisest teavitatakse automaatselt tööjaamade haldureid. 
 d. Salvestusruumi peatse täitumise eest hoiatavad mehhanismid on aktiveeritud.",IT-juht,
a07283e528ca77217f855201c20bcafa,SYS.2.1,SYS.2.1: Tööjaam üldiselt,3.4,3.4 Kõrgmeetmed,7a6d196fc031c1632c2b75b1fb82d08e,SYS.2.1.M31,SYS.2.1.M31 Tööjaama võrguliikluse piiramine,"Vastutaja:  IT-juht 
 Elutsükli etapp:  Käitamine 
 Turvakomponent:  C; I; A 
   
 a. Tööjaamades on aktiveeritud lokaalne tulemüür, mis keelab siseneva võrguliikluse. 
 b. Tööjaama väljaminev võrguliiklus on piiratud valge nimekirja (ingl  whitelisting ) alusel. 
 c. Pärast lokaalse tulemüüri aktiveerimist või reeglimuudatuste tegemist kontrollitakse vajalike teenuste ja portide olekut.",IT-juht,
a07283e528ca77217f855201c20bcafa,SYS.2.1,SYS.2.1: Tööjaam üldiselt,3.4,3.4 Kõrgmeetmed,e7793d70ab027ae31c0c6ef3782d9146,SYS.2.1.M32,SYS.2.1.M32 Lisameetmed rünnete tõrjeks,"Vastutaja:  IT-juht 
 Elutsükli etapp:  Käitamine 
 Turvakomponent:  C; I; A 
   
 a. Kui kasutatavas operatsioonisüsteemis puudub piisav turvafunktsionaalsus, kasutatakse täiendavaid turvatooteid vähemalt järgneva funktsionaalsuse tugevdamiseks: 
 
 halduri ja kasutaja rollide lahutamine; 
 õiguste haldus; 
 autentimine; 
 logimine ja seire. 
 
 b. Kui tehnilised meetmed pole piisavad, rakendatakse täiendavaid korralduslikke meetmeid (nt automaatse ekraaniluku puudumisel on kasutaja kohustatud seda aktiveerima käsitsi). 
 c. Keerukate ja tundmatute tööjaamarünnete tuvastamiseks ja käitumispõhiseks analüüsiks kasutatakse Endpoint Detection and Response (EDR) ja Extended Detection and Response (XDR) lahendusi.",IT-juht,
a07283e528ca77217f855201c20bcafa,SYS.2.1,SYS.2.1: Tööjaam üldiselt,3.4,3.4 Kõrgmeetmed,fcde08efc1af9543f2b5c457fbbba908,SYS.2.1.M33,SYS.2.1.M33 Rakenduste käitamise tõkestamine,"Vastutaja:  IT-juht 
 Elutsükli etapp:  Käitamine 
 Turvakomponent:  C; I 
   
 a. Tööjaamas on võimalik käitada ainult lubatud rakendusi ja skripte. 
 b. Lubatud rakenduste nimekiri põhineb sertifikaatide kontrollil, räside (ingl  hash ) võrdlemisel ja/või lubatud kataloogiteedel.",IT-juht,
a07283e528ca77217f855201c20bcafa,SYS.2.1,SYS.2.1: Tööjaam üldiselt,3.4,3.4 Kõrgmeetmed,acc1461f1f32507ffc7e44161d9047cb,SYS.2.1.M34,SYS.2.1.M34 Turvakriitiliste rakenduste kapseldamine,"Vastutaja:  IT-juht 
 Elutsükli etapp:  Käitamine 
 Turvakomponent:  C 
   
 a. Rakenduste turvakriitilised andmed (nt autentimis- ja sertifikaadiandmed) on teiste rakenduste ja operatsioonisüsteemi komponentide juurdepääsu eest kapseldatud (ingl  encapsulation ) või isoleeritud omaette täitmiskeskkonda (ingl  execution environment ). 
 b. Rakendusi, mis töötlevad ebaturvalistest allikatest pärit andmeid (nt veebibrauserid), käitatakse operatsioonisüsteemist lahutatud täitmiskeskkonnas.",IT-juht,
a07283e528ca77217f855201c20bcafa,SYS.2.1,SYS.2.1: Tööjaam üldiselt,3.4,3.4 Kõrgmeetmed,1945548f4758019466617a2d181dc5a4,SYS.2.1.M35,SYS.2.1.M35 Juursertifikaatide aktiivne haldus,"Vastutaja:  IT-juht 
 Elutsükli etapp:  Käitamine 
 Turvakomponent:  C; I 
   
 a. Tööjaama ettevalmistamisel dokumenteeritakse tööjaama tööks vajalikud juursertifikaadid. 
 b. Kontrollitakse regulaarselt, ega tööjaama pole lisandunud muid juursertifikaate ning otsustatakse, kas kasutatavad juursertifikaadid vastavad endiselt organisatsiooni nõuetele. 
 c. Juursertifikaatide kontrollimisel arvestatakse kõikide sertifikaadihoidlatega (nt UEFI sertifikaadihoidla, veebibrauserite sertifikaadihoidlad).",IT-juht,
a07283e528ca77217f855201c20bcafa,SYS.2.1,SYS.2.1: Tööjaam üldiselt,3.4,3.4 Kõrgmeetmed,6d3b94e0b0dd2289ce069746cf80cedd,SYS.2.1.M36,SYS.2.1.M36 Funktsiooni SecureBoot ja TPM turvaline rakendamine,"Vastutaja:  IT-juht 
 Elutsükli etapp:  Käitamine 
 Turvakomponent:  C; I 
   
 a. UEFI-t kasutavates süsteemides on eellaadur (ingl  boot loader) , tuum (ingl  kernel ) ja kõik vajalikud püsivarakomponendid signeeritud turvalise võtmega. 
 b. Tarbetud võtmed on eemaldatud. 
 c. Kui moodulit TPM ( ingl  Trusted Platform Module , TPM) ei kasutata, on see desaktiveeritud.",IT-juht,
a07283e528ca77217f855201c20bcafa,SYS.2.1,SYS.2.1: Tööjaam üldiselt,3.4,3.4 Kõrgmeetmed,6afdd3b30c2dca0a214e33f403788ba1,SYS.2.1.M47,SYS.2.1.M47 Tööjaama veebilehitseja isoleerimine,"Vastutaja:  IT-juht 
 Elutsükli etapp:  Käitamine 
 Turvakomponent:  C; I 
   
 a. Tööjaama veebilehitsejat kasutatakse ainult isoleeritud keskkonnas (nt ingl  ReCoBS- Remote-Controlled Browser System  või virtualiseeritud konteiner). 
 b. Isoleeritud veebilehitseja ei tohi lubada andmete kandumist kasutaja tööjaama. 
 c. Isoleeritud veebilehitseja kasutus ja võimalikud turvaintsidendid peavad olema logitavad ning integreeritavad organisatsiooni monitooringu- ja intsidendihalduse protsessiga (SIEM, SOC). 
 d. Isoleeritud keskkond peab täielikult eraldama veebisisu (HTML, JavaScript, WebAssembly) täitmise tööjaamast.",IT-juht,
f7b91a280f5e41fd2cbfa8c5339abbbb,SYS.3.2,SYS.3.2: Google Android,3.3,3.3 Standardmeetmed,d1658a233a8566480dfe8881aff3a599,SYS.3.2.M2,SYS.3.2.M2 Arendaja sätete desaktiveerimine,"Vastutaja:  IT-juht 
 Elutsükli etapp:  Käitamine 
   
 a. Kõigis Androidiga seadmetes on seadistustes arendaja valikud (ingl  Developer options ) desaktiveeritud. 
 b. Valik ""USB debugging"" on desaktiveeritud.",IT-juht,
f7b91a280f5e41fd2cbfa8c5339abbbb,SYS.3.2,SYS.3.2: Google Android,3.3,3.3 Standardmeetmed,910a810a46ccf06adb15d40dc1347603,SYS.3.2.M3,SYS.3.2.M3 Mitmekasutajarežiimi ja külalisrežiimi piiramine,"Vastutaja:  IT-juht 
 Elutsükli etapp:  Käitamine 
   
 a. On määratud, kas Androidi seadmes võib olla aktiveeritud mitmekasutajarežiim või külalisrežiim (ingl  guest mode ). Vaikeseadistuses on need režiimid keelatud.",IT-juht,
f7b91a280f5e41fd2cbfa8c5339abbbb,SYS.3.2,SYS.3.2: Google Android,3.3,3.3 Standardmeetmed,de0a8ee9bc43d722ed4a3b87cff174b7,SYS.3.2.M4,SYS.3.2.M4 Android seadme täiendavad turvaseaded,"Vastutaja:  IT-juht 
 Elutsükli etapp:  Käitamine 
   
 a. Andmevahetus USB-pordi kaudu on keelatud, lubatud on ainult laadimine. 
 b. APK-vormingus installipakettide laadimine mujalt kui organisatsiooni repositooriumist või Google Play keskkonnast on keelatud, erandid kinnitatakse ja dokumenteeritakse. 
 c. Seadistus ""Google Play Protect"" on sisse lülitatud.",IT-juht,
f7b91a280f5e41fd2cbfa8c5339abbbb,SYS.3.2,SYS.3.2: Google Android,3.3,3.3 Standardmeetmed,a74758e40f831fc2ef8d8a1d370c9ef5,SYS.3.2.M5,SYS.3.2.M5 Android äppide pääsuõiguste piiramine,"Vastutaja:  IT-juht 
 Elutsükli etapp:  Käitamine 
   
 a. Android mobiilseadmes antakse täieliku juurdepääsuga seadmeadministraatori (ingl  Device Administrator ) õigused ainult kasutamiseks kinnitatud turvarakendustele. 
 b. Äpile antakse seadmes ainult sellised õigused, mis on äpi tööks nõutavad. Ainult lubatud rakendustel on juurdepääs tundlikele andmetele. 
 c. Laiendatud õigustega äppide loendit vaadatakse regulaarselt üle.",IT-juht,
29ae47ca6278b47db4f727b0047e5bd2,SYS.2.2,SYS.2.2: Microsoft Windows tööjaam,3.2,3.2 Põhimeetmed,da58f0393b2dfe21a0f326e33136e42b,SYS.2.2.M1,SYS.2.2.M1 Microsofti pilvteenuste tarbimise kava,"Vastutaja:  IT-juht 
 Elutsükli etapp:  Kavandamine 
   
 a. On otsustatud, mis Microsofti pilvteenuseid Microsoft Windows tööjaamades kasutatakse. 
 b. Microsofti pilvteenuste kasutusreeglid on dokumenteeritud, nende järgimist kontrollitakse regulaarselt.",IT-juht,
29ae47ca6278b47db4f727b0047e5bd2,SYS.2.2,SYS.2.2: Microsoft Windows tööjaam,3.2,3.2 Põhimeetmed,bd780067edb5a7dcf8879cfec8bab2ae,SYS.2.2.M2,SYS.2.2.M2 Sobiva Windowsi litsentsimudeli valimine,"Vastutaja:  IT-juht 
 Elutsükli etapp:  Kavandamine 
   
 a. Tööjaamadele Windowsi litsentside valikul on arvestatud IT strateegiat ja tööjaamade hulka, kasutusotstarvet ning kaitsetarvet. 
 b. Sobiv tarkvara litsentsimudel ja uute versioonide kasutuselevõtu korraldus, nt SAC (ingl  Semi-Annual Channel ) või LTSC (ingl  Long-Term Servicing Channel ) on dokumenteeritud.",IT-juht,
29ae47ca6278b47db4f727b0047e5bd2,SYS.2.2,SYS.2.2: Microsoft Windows tööjaam,3.2,3.2 Põhimeetmed,e8a7b414bfd527661ca6fd3d2c5e3a60,SYS.2.2.M4,SYS.2.2.M4 Telemeetria andmekaitseseaded,"Vastutaja:  IT-juht 
 Elutsükli etapp:  Käitamine 
   
 a. Telemeetriateenuste andmete edastamine operatsioonisüsteemi tootjale on seadistuses piiratud. Windows 10 või Windows 11 Enterprise versiooni kasutamisel on telemeetria tase seadistatud valikväärtusele 0 ( Security ). 
 b. Kui tööjaama telemeetriaseadistusi ei ole võimalik piirata, on andmete edastamine operatsioonisüsteemi tootjale blokeeritud võrgutaseme meetmetega (nt tulemüürireeglitega).",IT-juht,
29ae47ca6278b47db4f727b0047e5bd2,SYS.2.2,SYS.2.2: Microsoft Windows tööjaam,3.2,3.2 Põhimeetmed,03becb6f1e4b9d2a478ee1d113d06e66,SYS.2.2.M5,SYS.2.2.M5 Windows tööjaamade kahjurvara tõrje,"Vastutaja:  IT-juht 
 Elutsükli etapp:  Käitamine 
   
 a. Windows tööjaama kaitseks kahjurvara eest on Windows klientarvutis aktiveeritud Microsofti kahjurvaratõrje rakendus (  Windows Defender ) ja selle lisafunktsionaalsused (nt EDR). Alternatiivina võib kasutada vähemalt samaväärseid turvameetmeid sisaldavat kahjurvaratõrjerakendust. 
 b. Otsemällupöördust kasutavate DMA-rünnete tõkestamiseks on aktiveeritud Kernel Direct Memory Access (DMA) kaitse.",IT-juht,
29ae47ca6278b47db4f727b0047e5bd2,SYS.2.2,SYS.2.2: Microsoft Windows tööjaam,3.3,3.3 Standardmeetmed,f257b3ba0e3a0f4bd930a2747439e483,SYS.2.2.M6,SYS.2.2.M6 Windows tööjaama kasutajate keskhaldus,"Vastutaja:  IT-juht 
 Elutsükli etapp:  Käitamine 
   
 a. Kasutaja autentimine domeeni ja võimalusel ka rakendustesse toimub kataloogiteenuse abil. 
 b. Tööjaama lokaalse kontoga sisselogimise õigus on ainult halduritel. 
 c. Tööjaama sisselogimiseks ei kasutata personaalseid veebipõhiseid identiteedihalduslahendusi (nt  Google  või  Microsofti  kontot). 
 d. Kõik lahknevused kesksest autentimisest on põhjendatud ja kooskõlastatud infoturbejuhiga.",IT-juht,
29ae47ca6278b47db4f727b0047e5bd2,SYS.2.2,SYS.2.2: Microsoft Windows tööjaam,3.3,3.3 Standardmeetmed,b996f3454a3d1c066455ba28f72c0491,SYS.2.2.M13,SYS.2.2.M13 Funktsiooni SmartScreen desaktiveerimine,"Vastutaja:  IT-juht 
 Elutsükli etapp:  Käitamine 
   
 a. Microsoft Defenderi funktsioon SmartScreen on desaktiveeritud.",IT-juht,
29ae47ca6278b47db4f727b0047e5bd2,SYS.2.2,SYS.2.2: Microsoft Windows tööjaam,3.3,3.3 Standardmeetmed,b5ff0d6355cdeb34e3457ae3ec7128e8,SYS.2.2.M14,SYS.2.2.M14 Digitaalse assistendi Copilot turvaline kasutus,"Vastutaja:  IT-juht 
 Elutsükli etapp:  Käitamine 
   
 a. Digitaalse assistendi Copilot kasutamise vastavust organisatsiooni andmekaitse- ja turvanõuetele on hinnatud. 
 b. Kui Copilot kasutamine tööjaamas pole vajalik, on see desaktiveeritud.",IT-juht,
29ae47ca6278b47db4f727b0047e5bd2,SYS.2.2,SYS.2.2: Microsoft Windows tööjaam,3.3,3.3 Standardmeetmed,976c1c98728d7d9b70bb3ab1e3803850,SYS.2.2.M15,SYS.2.2.M15 Mittevajalike Windowsi sünkroonimismehhanismide desaktiveerimine,"Vastutaja:  IT-juht 
 Elutsükli etapp:  Käitamine 
   
 a. Kasutajaandmete sünkroonimine mittevajalike Microsofti pilvteenustega on desaktiveeritud. 
 b. WLAN-paroolide ühiskasutus on desaktiveeritud.",IT-juht,
29ae47ca6278b47db4f727b0047e5bd2,SYS.2.2,SYS.2.2: Microsoft Windows tööjaam,3.3,3.3 Standardmeetmed,a8c3ae36b9a67bab015a2a8a70b898f4,SYS.2.2.M16,SYS.2.2.M16 Microsoft Store turvaline kasutus,"Vastutaja:  IT-juht 
 Elutsükli etapp:  Käitamine 
   
 a.  Microsoft Store  kasutamise vastavust organisatsiooni andmekaitse- ja turvanõuetele on hinnatud. 
 b. Kui  Microsoft Store  pole Windows tööjaamas vajalik, on  Microsoft Store  desaktiveeritud.",IT-juht,
29ae47ca6278b47db4f727b0047e5bd2,SYS.2.2,SYS.2.2: Microsoft Windows tööjaam,3.3,3.3 Standardmeetmed,48b9348f334495e40cc279722fd50d3c,SYS.2.2.M18,SYS.2.2.M18 Remote Assistance kaugtoe turvaline rakendamine,"Vastutaja:  IT-juht 
 Elutsükli etapp:  Käitamine 
   
 b. Kaugtoe andmist on võimalik algatada ainult pärast selgelt väljendatud kutset. Kui kutse salvestatakse faili, siis kaitstakse see parooliga. 
 c. Sisseloginud kasutaja annab kaugtoeseansi loomisele selgesõnalise nõusoleku. 
 d. Kaugtoe tellimusele on seatud sobiva pikkusega kehtivusaeg. 
 e. Kui  Remote Assistance  teenus pole vajalik, siis on see klientarvutites desaktiveeritud.",IT-juht,
29ae47ca6278b47db4f727b0047e5bd2,SYS.2.2,SYS.2.2: Microsoft Windows tööjaam,3.3,3.3 Standardmeetmed,b23907d04807966653a0a5284b4861ff,SYS.2.2.M19,SYS.2.2.M19 Kaughaldusvahendi RDP turvaline rakendamine,"Vastutaja:  Kasutaja 
 Elutsükli etapp:  Käitamine 
   
 b. RDP kaugpöörduse õigused on ainult selleks määratud kasutajarühmal. 
 c. Suurema kaitsetarbe puhul on pääs sihtsüsteemi võimalik ainult RDP lüüsi kaudu. 
 d. RDP kasutuselevõtu kavandamisel on otsustatud, kas järgmised mugavusfunktsioonid on lubatud ja kooskõlas sihtsüsteemi kaitsetarbega: 
 
 lõikepuhvri (ingl  clipboard ) kasutamine; 
 printerite integreerimine; 
 irdandmekandjate ja võrguketaste integreerimine; 
 failihoidlate kasutamine. 
 
 e. Kui RDP kasutamist ei ole ette nähtud, siis on see klientarvutites täielikult desaktiveeritud. 
 f. Kasutatavad krüptoprotokollid ja -algoritmid vastavad organisatsiooni nõuetele.",IT-juht,
29ae47ca6278b47db4f727b0047e5bd2,SYS.2.2,SYS.2.2: Microsoft Windows tööjaam,3.3,3.3 Standardmeetmed,b026aeb734178d0448cf88b120c7f97f,SYS.2.2.M20,SYS.2.2.M20 UAC kasutamine eeliskontodega,"Vastutaja:  IT-juht 
 Elutsükli etapp:  Käitamine 
   
 a. UAC (ingl  User Account Control ) konfiguratsioonis on eeliskontode (ingl  privileged account ) seadistus ""Run all administrators in Admin Approval Mode"" aktiveeritud. 
 c. UAC reguleerib kõiki haldusõigusega kontosid. Õiguste põhjendatust kontrollitakse regulaarselt. 
 d. Tavakasutajatele on UAC alati aktiveeritud, igapäevaste tegevuste jaoks ei kasutata Windows tööjaama lokaalse administraatori õigustes.",IT-juht,
29ae47ca6278b47db4f727b0047e5bd2,SYS.2.2,SYS.2.2: Microsoft Windows tööjaam,3.4,3.4 Kõrgmeetmed,6cff9158b53f064e264deae3accb79b4,SYS.2.2.M21,SYS.2.2.M21 Krüpteeringuga failisüsteemi EFS turvaline kasutamine,"Vastutaja:  IT-juht 
 Elutsükli etapp:  Käitamine 
 Turvakomponent:  C; I 
   
 a. Kuna EFS'i (ingl  Encrypting File System)  turvalisus sõltub kasutajakonto paroolist, kaitstakse kasutajakontot tugeva parooliga. 
 b. Taasteagent (ingl  Data Recovery Agent ) on spetsialiseeritud konto, taasteagendina ei kasutata halduskontot. 
 c. Taasteagendi privaatvõtit hoitakse turvaliselt süsteemist eemal välisel andmekandjal. Kõigist privaatvõtmetest on olemas varukoopia. 
 d. EFS-i kasutamisel koos lokaalse kasutajakontoga on lokaalne paroolihoidla krüpteeritud. Alternatiivina võib kasutada  Windows Defender Credential Guard 'i. 
 f. EFS kasutatakse Windowsi tööjaamades, millel on mitu kasutajat ja andmefailid vajavad täiendavat kaitset.",IT-juht,
29ae47ca6278b47db4f727b0047e5bd2,SYS.2.2,SYS.2.2: Microsoft Windows tööjaam,3.4,3.4 Kõrgmeetmed,e6411ee65eb53149769182a4c548bd33,SYS.2.2.M22,SYS.2.2.M22 Windows PowerShell´i kasutamine,"Vastutaja:  IT-juht 
 Elutsükli etapp:  Käitamine 
 Turvakomponent:  C; I; A 
   
 a. PowerShell'i ja WPS-faile tohivad käivitada ainult süsteemihaldurid. 
 b. PowerShell'is käivitatud käsud logitakse keskselt. 
 c. Signeerimata skriptide käivitamise takistamiseks piiratakse PowerShell'i skriptide käivitamist käsuga  Set-ExecutionPolicy AllSigned .",IT-juht,
29ae47ca6278b47db4f727b0047e5bd2,SYS.2.2,SYS.2.2: Microsoft Windows tööjaam,3.4,3.4 Kõrgmeetmed,edcd6f5c01729224ac0f4827c420b190,SYS.2.2.M27,SYS.2.2.M27 Rakenduste käivitamise kontroll,"Vastutaja:  IT-juht 
 Elutsükli etapp:  Käitamine 
 Turvakomponent:  C 
   
 a. Tööjaamades rakendatakse valge nimekirja põhimõttel rakenduste käivitamise kontrolle. 
 b. Windows tööjaamades on aktiveeritud Windows Defender Application Control (WDAC). 
 c. Rakenduste nõrkuste ärakasutamise takistamiseks on operatsioonisüsteemis aktiveeritud ja rakendustes kasutusel ASLR (ingl Address Space Layout Randomization, ASLR), DEP ( ingl Data Execution Prevention, DEP) ja NX (ingl No-Execute, NX) turvamehhanismid.",IT-juht,
9cc6d56702a43a6f841b1efe4de23ed6,SYS.3.3,SYS.3.3: Apple iOS,3.2,3.2 Põhimeetmed,a653ff46a3dac1b28420b497320f84de,SYS.3.3.M2,SYS.3.3.M2 Apple iCloud kasutamise piiramine,"Vastutaja:  IT-juht 
 Elutsükli etapp:  Käitamine 
   
 b. On määratud ja kasutajatele teatavaks tehtud, kas ja mis osas tohib mobiilseadmes kasutada  iCloud  teenust enamamaks kui AppleID registreerimiseks. 
 d. Enne iCloudi kasutamist tööülesannete täitmiseks on hinnatud, kas  Apple 'i teenusetingimused on kooskõlas organisatsiooni infoturbe- ja andmekaitsenõuetega. 
 e. Kui  iCloud  taristu on lubatud, siis autentimisel kasutatakse mitmikautentimist.",IT-juht,
9cc6d56702a43a6f841b1efe4de23ed6,SYS.3.3,SYS.3.3: Apple iOS,3.3,3.3 Standardmeetmed,593ec6d2e7b37a723b7aa45ca49c1ca8,SYS.3.3.M12,SYS.3.3.M12 Apple ID anonüümimine,"Vastutaja:  IT-juht 
 Elutsükli etapp:  Käitamine 
   
 a. Apple ID-d nõudvate teenuste puhul kasutatakse isikule viitava Apple ID asemel isikuga mitte seonduvat (nn anonüümset) Apple ID stringi.",IT-juht,
9cc6d56702a43a6f841b1efe4de23ed6,SYS.3.3,SYS.3.3: Apple iOS,3.3,3.3 Standardmeetmed,d83a1867a502d7d9736cc270c973f62e,SYS.3.3.M13,SYS.3.3.M13 iOS teenuste ja rakenduste piiramine,"Vastutaja:  IT-juht 
 Elutsükli etapp:  Käitamine 
   
 a. Kõik tarbetud või keelatud teenused ja rakendused on seadme konfigureerimisvalikutes (sh süsteemiseadistuse menüüs  Screen Time ) desaktiveeritud. 
 b. Aktiveeritud teenused ja rakendused vastavad seadme kasutusotstarbele ja andmete kaitsetarbele.",IT-juht,
9cc6d56702a43a6f841b1efe4de23ed6,SYS.3.3,SYS.3.3: Apple iOS,3.3,3.3 Standardmeetmed,bcc70f9c3572f341f58711f38bdeac5b,SYS.3.3.M15,SYS.3.3.M15 Continuity funktsioonide kitsendamine,"Vastutaja:  IT-juht 
 Elutsükli etapp:  Käitamine 
   
 a. On hinnatud  Continuity  funktsioonide (nt  Handoff, SMS forwarding, Call forwarding ) vajalikkust ja vastavust organisatsiooni nõuetele. 
 b. Hindamistulemustele tuginedes on  Continuity  funktsioone tehniliselt või korralduslikult piiratud.",IT-juht,
9cc6d56702a43a6f841b1efe4de23ed6,SYS.3.3,SYS.3.3: Apple iOS,3.3,3.3 Standardmeetmed,0ee237a88516dacc2e3953d6a18bd434,SYS.3.3.M17,SYS.3.3.M17 Apple ID-ga seotud seadmete hulga piiramine,"Vastutaja:  IT-juht 
 Elutsükli etapp:  Käitamine 
   
 a. Apple ID konfiguratsiooniprofiilis on kontoga ühendatud unikaalsete seadmete arv seatud võimalikult väikseks.",IT-juht,
9cc6d56702a43a6f841b1efe4de23ed6,SYS.3.3,SYS.3.3: Apple iOS,3.3,3.3 Standardmeetmed,978598de014eecb4bb8bcc5c0dfcc381,SYS.3.3.M21,SYS.3.3.M21 Rakenduste lisamise ja kinnitamise kord,"Vastutaja:  IT-juht 
 Elutsükli etapp:  Käitamine 
   
 a. Rakenduse kasutuselevõtuks läbib äpp organisatsioonisisese tarkvara kinnitusprotseduuri ning  App Store 'i mobiilirakenduste (äppide) valideerimise. 
 b. Kõik kasutamiseks kinnitatud mobiilirakendused avaldatakse mobiilseadmete halduse äpikataloogis. Äppide installimiseks on mobiilseadmete haldus integreeritud  Apple Business Manager .",IT-juht,
9cc6d56702a43a6f841b1efe4de23ed6,SYS.3.3,SYS.3.3: Apple iOS,3.4,3.4 Kõrgmeetmed,bd79071cc2c625555a652e0aa2353f18,SYS.3.3.M23,SYS.3.3.M23 Konfiguratsiooniprofiili automaatne kustutamine,"Vastutaja:  IT-juht 
 Elutsükli etapp:  Käitamine 
 Turvakomponent:  C; I 
   
 a. Kui iOS seade ei ole määratud ajavahemiku jooksul kordagi sisevõrguga ühenduses olnud, kustutatakse konfiguratsiooniprofiil automaatselt.",IT-juht,
9cc6d56702a43a6f841b1efe4de23ed6,SYS.3.3,SYS.3.3: Apple iOS,3.4,3.4 Kõrgmeetmed,655d626e8316733a0a7b934f2d9baab0,SYS.3.3.M25,SYS.3.3.M25 Teenuste AirPrint ja AirDrop turvaline kasutamine,"Vastutaja:  IT-juht 
 Elutsükli etapp:  Käitamine 
 Turvakomponent:  C; I 
   
 a. Lubatavad  AirPrint  printerid on lisatud konfiguratsiooniprofiili. 
 b. Selleks, et kasutajad ei saaks kasutada ebausaldusväärseid printereid, tehakse kõik ühendused printeriga organisatsiooni taristu kaudu. 
 c. Teenus  AirDrop  on desaktiveeritud.",IT-juht,
9cc6d56702a43a6f841b1efe4de23ed6,SYS.3.3,SYS.3.3: Apple iOS,3.4,3.4 Kõrgmeetmed,f188ffc480b77546ebd11371e699de6e,SYS.3.3.M26,SYS.3.3.M26 IT-süsteemidega lubamatu ühendamise vältimine,"Vastutaja:  IT-juht 
 Elutsükli etapp:  Käitamine 
 Turvakomponent:  C; I 
   
 a. Muude IT-süsteemidega on võimalik iOS-seadmeid ühendada ainult mobiilseadmete halduse süsteemi kaudu.",IT-juht,
0ba0a798286d94089824040fdfee3229,SYS.2.6,SYS.2.6: Sülearvuti haldus,3.2,3.2 Põhimeetmed,8261794ff5b8524ca27f1eed7dccbc36,SYS.2.6.M1,SYS.2.6.M1 Sülearvutite kasutamise kord,"Vastutaja:  IT-juht 
 Elutsükli etapp:  Kavandamine 
   
 a. Organisatsioonis on kehtestatud sülearvutite kasutamise kord, mis määrab: 
 
 kuidas sülearvuteid väljaspool organisatsiooni kasutada; 
 milliseid turvameetmeid tuleb rakendada; 
 milline on kasutaja vastutus. 
 
 b. Sülearvuti turvameetmed vastavad sülearvutis käideldavate andmete kaitsetarbele.",IT-juht,
0ba0a798286d94089824040fdfee3229,SYS.2.6,SYS.2.6: Sülearvuti haldus,3.2,3.2 Põhimeetmed,964cdb9e16a8ecb79af64cfe178a8502,SYS.2.6.M3,SYS.2.6.M3 Hostipõhine tulemüür,"Vastutaja:  IT-juht 
 Elutsükli etapp:  Käitamine 
   
 a. Kui sülearvutit kasutatakse väljaspool organisatsiooni sisevõrku, on sülearvutis aktiveeritud hostipõhine tulemüür (ingl  host-based firewall) . 
 b. Hostipõhine tulemüür võib olla kas operatsioonisüsteemiga kaasatulev komponent või osa kolmanda tootja turbelahendusest, mitme tulemüüri üheaegne rakendamine on keelatud. 
 e. Hostipõhine tulemüür on konfigureeritud toimima ilma kasutajatele kuvatavate keerukate hoiatusteadeteta.",IT-juht,
0ba0a798286d94089824040fdfee3229,SYS.2.6,SYS.2.6: Sülearvuti haldus,3.2,3.2 Põhimeetmed,52faefb8bddec6cae234b95a104c6f31,SYS.2.6.M5,SYS.2.6.M5 Sülearvuti andmevarundus,"Vastutaja:  IT-juht 
 Elutsükli etapp:  Käitamine 
   
 a. Andmeid, mida talletatakse ainult lokaalselt (mitte serveris või heakskiidetud pilvteenuses), varundatakse regulaarselt. 
 b. Sülearvutis olevad andmed varundatakse turvalise võrguühenduse (nt VPN) käigus. Võrguühenduseta sülearvutis olevad andmed varundatakse krüpteeritult välisele andmekandjale. 
 c. Kasutaja dokumendi- ja töökaustad (Documents/Desktop) on sünkroniseeritud või varundatud pilvepõhise teenuse abil. 
 d. Varundatud andmetele on rakendatud versioonihaldus, et oleks võimalik taastada ka varasemaid andmeid kui kõi kõige viimane versioon.",IT-juht,
0ba0a798286d94089824040fdfee3229,SYS.2.6,SYS.2.6: Sülearvuti haldus,3.2,3.2 Põhimeetmed,58be655856771aa090e43eeb16b0a407,SYS.2.6.M9,SYS.2.6.M9 Turvaline kaugjuurdepääs sisevõrku,"Vastutaja:  IT-juht 
 Elutsükli etapp:  Käitamine 
   
 a. Pääs sülearvutist sisevõrku toimub krüpteeritult, kasutades virtuaalset privaatvõrku (VPN). 
 b. Pärast VPN-ühenduse kasutamise lõppu kustutatakse VPN seansiga seotud ajutised andmed.",IT-juht,
0ba0a798286d94089824040fdfee3229,SYS.2.6,SYS.2.6: Sülearvuti haldus,3.2,3.2 Põhimeetmed,e96005034a19761f86aa0aa53a933620,SYS.2.6.M12,SYS.2.6.M12 Sülearvuti kaotusest teatamine,"Vastutaja:  Kasutaja 
 Elutsükli etapp:  Käitamine 
   
 a. Organisatsioonis on kehtestatud kord sülearvuti kaotamisest, vargusest või rikkest teavitamiseks. 
 b. Sülearvuti kaotamisest, vargusest või rikkest on kasutaja kohustatud teatama viivitamatult. 
 c. Võimalusel tuleb pärast sülearvuti kaotamist rakendada ka meetmed, mis võimaldavad seadet lukustada, kustutada või lokaliseerida. 
 d. Pärast sülearvuti kaotust muudetakse kõigis eeldatavasti mõjutatud IT-süsteemides kõikide kasutajate kontode paroolid. 
 e. Kaotatud sülearvuti tagasisaamisel kontrollitakse, kas seda ei ole manipuleeritud. Reeglina installitakse selline sülearvuti täielikult uuesti.",IT-juht,
0ba0a798286d94089824040fdfee3229,SYS.2.6,SYS.2.6: Sülearvuti haldus,3.2,3.2 Põhimeetmed,fb0f957f4fc2b1e0daa63f15645dfabb,SYS.2.6.M13,SYS.2.6.M13 Sülearvuti andmekandjate krüpteerimine,"Vastutaja:  IT-juht 
 Elutsükli etapp:  Käitamine 
   
 a. Sülearvutisse integreeritud andmekandjad (kõvaketas, SSD) on krüpteeritud. 
 b. Andmekandjate krüpteerimiseks kasutatakse reeglina operatsioonisüsteemiga integreeritud krüptovahendeid (nt Bitlocker, FileVault).",IT-juht,
0ba0a798286d94089824040fdfee3229,SYS.2.6,SYS.2.6: Sülearvuti haldus,3.2,3.2 Põhimeetmed,6455f9a33251c6cd71487981c32668ec,SYS.2.6.M14,SYS.2.6.M14 Sülearvuti füüsiline turve,"Vastutaja:  Kasutaja 
 Elutsükli etapp:  Käitamine 
   
 a. Organisatsiooni ruumides on rakendatud füüsilise turbe meetmed sülearvuti kaitsmiseks varguse ja lubamatu kasutamise eest (nii tööajal kui väljaspool tööaega). 
 b. Reeglina ei jäeta sülearvutit ilma järelevalveta. Väljaspool organisatsiooni hoiab kasutaja sülearvutit varguse eest kaitstud ja lukustatud asukohas. 
 c. Võõrastes ruumides võtab töötaja sülearvuti endaga kaasa ka siis, kui lahkub ruumist vaid korraks. Kui seda teha ei saa, suletakse ja lukustatakse seade. 
 d. Sülearvuti kaasaskandmiseks kasutatakse spetsiaalseid taskute ja polsterdusega arvutikotte. 
 e. Sülearvuti ajutisel jätmisel sõidukisse ei tohi sülearvuti olla väljastpoolt sõidukit nähtav. 
 f. Sülearvutit kaitstakse kahjulike keskkonnatingimuste (nt liigniiskus, äärmuslikud temperatuurid) eest.",IT-juht,
0ba0a798286d94089824040fdfee3229,SYS.2.6,SYS.2.6: Sülearvuti haldus,3.3,3.3 Standardmeetmed,812753609143fe96e458dc2dd7b1aedf,SYS.2.6.M6,SYS.2.6.M6 Sülearvuti kasutamise kord,"Vastutaja:  Infoturbejuht 
 Elutsükli etapp:  Kavandamine 
   
 a. Organisatsioonis on koostatud ja kehtestatud sülearvuti kasutamise kord. 
 b. Sülearvuti kasutamise kord määrab: 
 
 kuidas sülearvuteid hallatakse, väljastatakse ja tagastatakse; 
 milliseid andmeid ja millistel tingimustel ei tohi sülearvutis hoida; 
 millised andmed peavad alati olema krüpteeritud; 
 kuidas on sülearvutist võimalik kasutada organisatsiooni serveriressursse; 
 kas sülearvutit tohib kasutada isiklikuks otstarbeks; 
 kuidas vältida sülearvuti kaotust või vargust; 
 kuidas kasutada paroole ja PIN-koode; 
 kas ja kuidas on lubatud avalikus kohas töötamine; 
 kas ja kuidas on lubatud avalike võrkude kasutamine; 
 kus ja millal ei tohi sülearvuteid kasutada. 
 
 c. Kasutajad on teadlikud sülearvuti kasutamisega kaasnevatest ohtudest ning on kohustatud sülearvuti kasutamise korda järgima.",IT-juht,
0ba0a798286d94089824040fdfee3229,SYS.2.6,SYS.2.6: Sülearvuti haldus,3.3,3.3 Standardmeetmed,380120a418e138b1c74dd3d6f07886e8,SYS.2.6.M7,SYS.2.6.M7 Sülearvutite väljastuse ja tagastuse kord,"Vastutaja:  IT-juht 
 Elutsükli etapp:  Käitamine 
   
 a. Võimalusel kasutab sülearvutit ainult üks töötaja. Kui sülearvuteid kasutavad vaheldumisi erinevad isikud, siis on määratud, kuidas toimub sülearvuti kasutajalt kasutajale üleandmine. 
 b. Sülearvuti kasutaja vahetumisel kustutatakse sülearvutist turvaliselt kõik tundlikud andmed, kaasaarvatud jääkandmed. 
 c. Sülearvuti tagastatakse komplektselt ja terviklikult. 
 d. Kasutusel olnud sülearvuti uuele kasutajale andmisel taastatakse etaloninstalli abil sülearvuti algne seis. Kui pärast kasutaja vahetumist arvutit uuesti ei lähtestata, kontrollitakse, kas sülearvutis või sellega seotud andmekandjatel ei leidu kahjurvara.",IT-juht,
0ba0a798286d94089824040fdfee3229,SYS.2.6,SYS.2.6: Sülearvuti haldus,3.3,3.3 Standardmeetmed,571b12971da71933c68cbc2d853c1fd3,SYS.2.6.M8,SYS.2.6.M8 Turvaline ühendamine andmesidevõrguga,"Vastutaja:  IT-juht 
 Elutsükli etapp:  Käitamine 
   
 c. Mittevajalikud liidesed ja protokollid on sülearvutitel desaktiveeritud. 
 d. Tulemüüri reeglid lubavad ainult vajalikke sissetulevaid ühendusi nagu kaughooldus, uuenduste saamine ja seire. Kõik teised sissetulevad ühendused on keelatud.",IT-juht,
0ba0a798286d94089824040fdfee3229,SYS.2.6,SYS.2.6: Sülearvuti haldus,3.3,3.3 Standardmeetmed,d3b1d36800f68e18cf1736684f2136ed,SYS.2.6.M10,SYS.2.6.M10 Andmete sünkroonimine,"Vastutaja:  IT-juht 
 Elutsükli etapp:  Käitamine 
   
 a. Sülearvutis on olemas sünkroonimisvahendid ja on koostatud protseduur andmete sünkroonimiseks sülearvutite ja organisatsiooni IT-süsteemide vahel. 
 b. Sünkroonimisvahendid ja sünkroonimise seadistus on kaitstud lubamatu juurdepääsu eest. 
 c. Sünkroonimisvahend võimaldab sünkroonimisprotsesse logida ja võimalikke sünkroonimiskonflikte lahendada.",IT-juht,
0ba0a798286d94089824040fdfee3229,SYS.2.6,SYS.2.6: Sülearvuti haldus,3.3,3.3 Standardmeetmed,f003ff117895538b81bce75e36d4b54f,SYS.2.6.M15,SYS.2.6.M15 Sülearvuti valimise kord,"Vastutaja:  Hankejuht 
 Elutsükli etapp:  Kavandamine 
   
 a. Enne sülearvutite hankimist on sülearvutite kasutusotstarbe põhjal koostatud nõuded riist- ja tarkvarakomponentidele. 
 b. Sülearvutite valimisel on võetud arvesse vähemalt alljärgnevat: 
 
 tootetoe olemasolu ja hooldatavus; 
 töökindlus; 
 kasutatavus (kasutajasõbralikkus ning installimise, konfigureerimise hõlpsus); 
 mõõtmed, mass ja aku vastupidavusaeg; 
 ühilduvus olemasolevate süsteemidega; 
 võrguliidesed ja ühendusvõimalused; 
 turvamehhanismid ja nende lisamise võimalused; 
 täiendav riistvara (nt arvutidokid ja monitorid); 
 riistvara ja tarkvara soetusmaksumus ja täiendavad kulud. 
 
 c. Hankimisotsus on kooskõlastatud haldurite ja IT-toe eest vastutajatega.",IT-juht,
0ba0a798286d94089824040fdfee3229,SYS.2.6,SYS.2.6: Sülearvuti haldus,3.3,3.3 Standardmeetmed,ec7a05efb4e6c773e8863f8b242917b8,SYS.2.6.M17,SYS.2.6.M17 Sülearvutite turvaline ladustamine,"Vastutaja:  IT-juht 
 Elutsükli etapp:  Käitamine 
   
 a. Organisatsiooni sülearvuteid, mida hetkel ei kasutata, hoitakse kaitstuna kahjulike keskkonnamõjude eest. 
 b. Hoiuruumile on rakendatud meetmed volitamata ligipääsu ja varguse tõkestamiseks.",IT-juht,
0ba0a798286d94089824040fdfee3229,SYS.2.6,SYS.2.6: Sülearvuti haldus,3.4,3.4 Kõrgmeetmed,b1e92aead27e7de7d7943894ce32f94d,SYS.2.6.M18,SYS.2.6.M18 Varguskaitsevahendite kasutamine,"Vastutaja:  IT-juht 
 Elutsükli etapp:  Käitamine 
 Turvakomponent:  C; I; A 
   
 a. Tundlikku teavet sisaldava sülearvuti kasutajal on võimalik sülearvuti valveta jätmisel kasutada varguskaitsevahendeid. 
 b. Mehaanilised varguskaitsevahendid (nt trosslukud, turvakorpused) on varustatud tõhusa lukustussüsteemiga. 
 c. Uute sülearvutite hankimisel kaalutakse vajadust sülearvutit trosslukuga kinnitada.",IT-juht,
1b806384592ca9f3cbfa3b6eea9750ff,SYS.4.3,SYS.4.3: Sardsüsteem,3.2,3.2 Põhimeetmed,9ae53cd42ce91fb7fa30024e75be2fe5,SYS.4.3.M2,SYS.4.3.M2 Sardsüsteemi mittevajalike liideste ja teenuste desaktiveerimine,"Vastutaja:  IT-juht 
 Elutsükli etapp:  Käitamine 
   
 a. Kasutajatel on juurdepääs ainult vajalikele füüsilistele ja loogilistele liidestele. 
 b. Aktiveeritud on ainult otstarbe täitmiseks vajalikud teenused ja protokollid. 
 c. Tarbetud ja ebaturvalised protokollid ja teenused on desaktiveeritud. 
 d. Sardsüsteemi kasutava rakenduse juurdepääs sardsüsteemi liidestele on kaitstud turvalise autentimisega. 
 e. Sardsüsteemide füüsilised ja loogilised liidesed on dokumenteeritud.",IT-juht,
1b806384592ca9f3cbfa3b6eea9750ff,SYS.4.3,SYS.4.3: Sardsüsteem,3.2,3.2 Põhimeetmed,8883421c1f853a9a7abd82b3c0cb59d5,SYS.4.3.M4,SYS.4.3.M4 Sardsüsteemi nõuete spetsifikatsioon,"Vastutaja:  IT-juht 
 Elutsükli etapp:  Kavandamine 
   
 a. Sardsüsteemi hankimiseks on koostatud nõuete spetsifikatsioon mille alusel süsteeme või komponente hinnatakse. 
 b. Nõuete spetsifikatsioon sisaldab vähemalt järgmisi turvanõudeid: 
 
 korralduslikud raamtingimused (teavitus, klienditugi, uuendid, koolitus jms); 
 tehnilised ja majanduslikud nõuded (funktsioonid, reaalajanõuded, energiatarve, kulud jms); 
 vastavus tööstusala standarditele ja tavadele (sertifikaatide olemasolu); 
 füüsiline kaitstus keskkonnaohtude ja rünnete eest; 
 nõuded riistvarale (protsessori arhitektuur, püsivaramälu liik, TPM-mooduli tugi); 
 nõuded tarkvarale (õiguste haldus, logimine, alarmid jms); 
 arendusvahendid ja nende turvamehhanismid.",IT-juht,
1b806384592ca9f3cbfa3b6eea9750ff,SYS.4.3,SYS.4.3: Sardsüsteem,3.2,3.2 Põhimeetmed,bcf4c1663fcd6911b73fc4359a26c37c,SYS.4.3.M5,SYS.4.3.M5 Sardsüsteemi kaitse kahjulike keskkonnamõjude eest,"Vastutaja:  IT-juht 
 Elutsükli etapp:  Käitamine 
   
 a. Tulenevalt sardsüsteemi kasutusviisist ja -kohast kaitstakse sardsüsteemi komponente tolmu, kuumuse, niiskuse ja muude kahjulike keskkonnamõjude eest. 
 c. Sardsüsteemi füüsilise kaitse meetmed on määratud süsteemi kasutuskonteksti ning läbiviidud riskianalüüsi alusel.",IT-juht,
1b806384592ca9f3cbfa3b6eea9750ff,SYS.4.3,SYS.4.3: Sardsüsteem,3.2,3.2 Põhimeetmed,dca38b13040a2e5fa30ac09476a3d4f1,SYS.4.3.M10,SYS.4.3.M10 Sardsüsteemi taaste,"Vastutaja:  IT-juht 
 Elutsükli etapp:  Käitamine 
   
 a. Uue tarkvaraversiooni laadimisel on võimalik ennistada eelmist versiooni. 
 b. Konfiguratsiooni muudatusi saab tagasi võtta ja süsteemi ennistada algolekusse. 
 c. Alati on varundatud süsteemi viimane töövõimeline seis. 
 d. Kasutatavad konfiguratsioonid on dokumenteeritud.",IT-juht,
1b806384592ca9f3cbfa3b6eea9750ff,SYS.4.3,SYS.4.3: Sardsüsteem,3.3,3.3 Standardmeetmed,ce8f2da5a13b0e1f3a505ac09a33995a,SYS.4.3.M3,SYS.4.3.M3 Sardsüsteemi turvasündmuste logimine,"Vastutaja:  IT-juht 
 Elutsükli etapp:  Käitamine 
   
 a. Sardsüsteemi võimaluste piires logitakse järgnevad turvasündmused: 
 
 volitamata juurdepääsu katsed; 
 lubamatud juurdepääsud; 
 süsteemi tõrked; 
 eelisõigustega toimingud; 
 eelisõiguste omandamise katsed. 
 
 c. Sardsüsteemi logidele on juurdepääs üksnes määratud isikutel.",IT-juht,
1b806384592ca9f3cbfa3b6eea9750ff,SYS.4.3,SYS.4.3: Sardsüsteem,3.3,3.3 Standardmeetmed,6a5b15af85400140562338f0f28fc45f,SYS.4.3.M6,SYS.4.3.M6 Sardsüsteemi programmikoodi turve,"Vastutaja:  IT-juht 
 Elutsükli etapp:  Käitamine 
   
 a. Sardsüsteemi silumise (ingl  debugging ) funktsioon on desaktiveeritud või süsteemist täielikult eemaldatud. 
 b. Vigade diagnostika ja kõrvaldamise vahendite (ingl  debugger)  kasutamine kaugühenduse kaudu on blokeeritud. 
 c. Testsignaalide sisendliidesed, mõõtepunktid ja kiipide silumisliidesed on lubamatu kasutamise eest kaitstud.",IT-juht,
1b806384592ca9f3cbfa3b6eea9750ff,SYS.4.3,SYS.4.3: Sardsüsteem,3.3,3.3 Standardmeetmed,54175e2a0ccacb7290f7d3925d923210,SYS.4.3.M7,SYS.4.3.M7 Sardsüsteemi funktsioonide turvaline teostus riistvaras,"Vastutaja:  IT-juht 
 Elutsükli etapp:  Kavandamine 
   
 a. Universaalsete, programmeeritavate protsessorite baasil loodud sardsüsteemi puhul on rakendatud täiendavaid turvameetmeid kaitseks soovimatute funktsioonide ja tagauste paigaldamise vastu. 
 b. Kui sardsüsteemi arendatakse kohapeal, siis selle arendus- ja käidukeskkond on kaitstud lubamatu juurdepääsu eest. 
 c. Komponendid ja arendusvahendid on pärit usaldusväärsetest allikatest ning on testitud.",IT-juht,
1b806384592ca9f3cbfa3b6eea9750ff,SYS.4.3,SYS.4.3: Sardsüsteem,3.3,3.3 Standardmeetmed,96d281b2e473f5914ebd9093d1ff61eb,SYS.4.3.M8,SYS.4.3.M8 Sardsüsteemi turvaline operatsioonisüsteem,"Vastutaja:  IT-juht 
 Elutsükli etapp:  Käitamine 
   
 a. Sardsüsteemis kasutatav operatsioonisüsteem ja selle konfiguratsioon vastavad ettenähtud kasutusotstarbele. 
 b. Operatsioonisüsteemis on aktiveeritud ainult sardsüsteemi kasutusotstarbele vastavad teenused, funktsioonid ja liidesed. 
 c. Operatsioonisüsteem toetab TPM-mooduli kasutamist.",IT-juht,
1b806384592ca9f3cbfa3b6eea9750ff,SYS.4.3,SYS.4.3: Sardsüsteem,3.3,3.3 Standardmeetmed,e61b07491f2efbc0e32511b79a6342db,SYS.4.3.M11,SYS.4.3.M11 Sardsüsteemi turvaline kõrvaldamine,"Vastutaja:  IT-juht 
 Elutsükli etapp:  Kõrvaldamine 
   
 a. Enne sardsüsteemi kasutuselt kõrvaldamist kustutatakse süsteemist turvaliselt kõik andmed. 
 b. Kui sardsüsteemi talletatud andmeid ei ole võimalik kustutada, hävitatakse sardsüsteemi riistvara füüsiliselt. 
 c. Andmete kustutamine ja riistvara hävitamine dokumenteeritakse.",IT-juht,
1b806384592ca9f3cbfa3b6eea9750ff,SYS.4.3,SYS.4.3: Sardsüsteem,3.4,3.4 Kõrgmeetmed,fe7f68d33160e858c7ed7fee8686ce94,SYS.4.3.M9,SYS.4.3.M9 Krüptoprotsessorite ja kaasprotsessorite kasutamine,"Vastutaja:  IT-juht 
 Elutsükli etapp:  Käitamine 
 Turvakomponent:  C; I 
   
 a. Kui krüptograafilisteks operatsioonideks kasutatakse täiendavat mikrokontrollerit, on selle andmevahetuseks süsteemi mikrokontrolleriga rakendatud täiendavaid meetmeid. 
 b. Sardsüsteemis on rakendatud usaldusahel (ingl  chain of trust ) ja loodud vajalikud ankurvõtmed (ingl  trust anchor ).",IT-juht,
1b806384592ca9f3cbfa3b6eea9750ff,SYS.4.3,SYS.4.3: Sardsüsteem,3.4,3.4 Kõrgmeetmed,7c4f2ca087226457f529baeaffd7a042,SYS.4.3.M12,SYS.4.3.M12 Usaldusväärne sardsüsteemi tarne- ja logistikaahel,"Vastutaja:  IT-juht 
 Elutsükli etapp:  Kavandamine 
 Turvakomponent:  C; I; A 
   
 a. Sardsüsteemi valmistaja ning tarne- ja logistikaahelasse kuuluvate firmade kvalifikatsioon ja usaldatavus on tõendatav. 
 b. Süsteemi tarnija on kontrollinud, et sardsüsteemid ei sisalda manipuleeritud, võltsitud ega vahetatud komponente. 
 c. Ladustamise, edasimüügi ja transpordi ajal on sardsüsteemid kaitstud programmeeritavate loogikamoodulite manipuleerimise ja komponentide vahetamise eest. 
 d. Süsteemi tarnija on kontrollinud sardsüsteemide vastavust spetsifikatsioonile. 
 e. Sardsüsteemides tuvastatud varjatud funktsioonid on kõrvaldatud. Sardsüsteemi kaudu ei saada lubamatut juurdepääsu konfidentsiaalsele teabele. 
 f. Sardsüsteemi turvanõrkuste tuvastamiseks kasutatakse pordiskannereid ja muid asjakohaseid võrguturbe rakendusi.",IT-juht,
1b806384592ca9f3cbfa3b6eea9750ff,SYS.4.3,SYS.4.3: Sardsüsteem,3.4,3.4 Kõrgmeetmed,c1a554ab885ad97b66f4dbfa3ebb32c7,SYS.4.3.M13,SYS.4.3.M13 Sertifitseeritud operatsioonisüsteem,"Vastutaja:  IT-juht 
 Elutsükli etapp:  Kavandamine 
 Turvakomponent:  C; I; A 
   
 a. Sardsüsteemi operatsioonisüsteem on sertifitseeritud või hinnatud vastavaks tunnustatud valdkondlikele standarditele.",IT-juht,
1b806384592ca9f3cbfa3b6eea9750ff,SYS.4.3,SYS.4.3: Sardsüsteem,3.4,3.4 Kõrgmeetmed,25a4a4c3418f32a1fb23aae9b8a03997,SYS.4.3.M14,SYS.4.3.M14 Sardsüsteemi buutimise turve,"Vastutaja:  IT-juht 
 Elutsükli etapp:  Käitamine 
 Turvakomponent:  C; I 
   
 b. Sardsüsteemi buutimisel kontrollib eellaadur operatsioonisüsteemi terviklust ja laadib operatsioonisüsteemi ainult siis, kui süsteem on terviklik. Operatsioonisüsteem käivitub üksnes siis, kui operatsioonisüsteem on kinnitanud eellaaduri usaldusväärsust. 
 c. ARM-põhise sardsüsteemi puhul kasutatakse turvavahendit  ARM Secure Boot  või käivitatakse operatsioonisüsteem ühekordselt kirjutatavast mälust. 
 d. x86 platvormi UEFI (ingl  Unified Extensible Firmware Interface , UEFI) puhul kasutatakse turvavahendit  Secure Boot .",IT-juht,
1b806384592ca9f3cbfa3b6eea9750ff,SYS.4.3,SYS.4.3: Sardsüsteem,3.4,3.4 Kõrgmeetmed,9ea272d7ef81bcf051733ba7cf168d7c,SYS.4.3.M15,SYS.4.3.M15 Sardsüsteemi mäluhalduse turve,"Vastutaja:  IT-juht 
 Elutsükli etapp:  Käitamine 
 Turvakomponent:  C; I 
   
 a. Sardsüsteemi põhimälu on struktureeritud selliselt, et ühe programmi viga ei mõjuta teiste programmide või kogu süsteemi stabiilsust. 
 b. Programmide andmepääs teiste programmide mälupiirkondadele on tõkestatud riistvaraliselt MPU (ingl  Memory Protection Unit,  MPU) või MMU (ingl  Memory Management Unit , MMU) abil. 
 c. Riistvaralise turbe puudumisel kontrollitakse mälupöördumisi tarkvaraliselt. Kontrollimine võib toimuda pärast kompileerimist või programmi käituse ajal automaatsete kontrollidena.",IT-juht,
1b806384592ca9f3cbfa3b6eea9750ff,SYS.4.3,SYS.4.3: Sardsüsteem,3.4,3.4 Kõrgmeetmed,b04bbc7751ee88b6bbf9e59664e74b32,SYS.4.3.M16,SYS.4.3.M16 Sardsüsteemi muukimisrünnete tõrje,"Vastutaja:  IT-juht 
 Elutsükli etapp:  Käitamine 
 Turvakomponent:  C; I 
   
 a. Muukimisrünnete (ingl  tampering attack ) avastamiseks, registreerimiseks ja takistamiseks (ingl  tamper response ) kasutatakse sobivaid vahendeid. 
 b. Sardsüsteemi füüsiliseks kaitseks kasutatakse turvalisi korpuseid ning kinnitatakse sardsüsteem tugevalt metallkonstruktsiooni külge. 
 c. Muukimise avastamiseks kasutatakse seadmete plommimist, turvakleepse või aktiivandureid, mis reageerivad muutustele keskkonnas.",IT-juht,
1b806384592ca9f3cbfa3b6eea9750ff,SYS.4.3,SYS.4.3: Sardsüsteem,3.4,3.4 Kõrgmeetmed,d1684151ff0a61f99948e60369259f53,SYS.4.3.M17,SYS.4.3.M17 Sardsüsteemi moodulite enesetestimine,"Vastutaja:  IT-juht 
 Elutsükli etapp:  Käitamine 
 Turvakomponent:  I; A 
   
 a. Sardsüsteemi moodulitesse on integreeritud enesetestimise funktsioon (ingl  Built-In Self Test , BIST). 
 b. Enesetestimisega kontrollitakse mooduli terviklust nii sisselülitamise ajal kui ka töö ajal ettenähtud ajavahemike järel. 
 c. Tehnilise võimekuse olemasolul testitakse ka mooduli turvafunktsioone. 
 d. Suurema kaitsetarbega moodulis (nt elutähtsad juhtsüsteemid) kontrollitakse integreeritud enesetestimise raames lisaks sisend- ja väljundkomponentide ning mälu terviklust.",IT-juht,
1b806384592ca9f3cbfa3b6eea9750ff,SYS.4.3,SYS.4.3: Sardsüsteem,3.4,3.4 Kõrgmeetmed,1a21be763974e572998cc4dc6d180dd0,SYS.4.3.M18,SYS.4.3.M18 Sardsüsteemi kõrvalkanalrünnete tõrje,"Vastutaja:  IT-juht 
 Elutsükli etapp:  Käitamine 
 Turvakomponent:  C 
   
 a. Sardsüsteemi kõrvalkanalrünnete (ingl  side-channel attack ) vastu kasutatakse: 
 
 vahetulemite ja ooteaegade juhuslikustavat maskeerimist; 
 ühtse voolutarbimisprofiili tagamist krüpteerimise ja dekrüpteerimise ajal; 
 voolutarbe taustamürasse peitmine (nt kunstlike voolutarbijate abil); 
 mälu lisaelemente, mille sisu normaalse töö käigus ei muutu.",IT-juht,
b99ede246842547f56c2204ad61306f2,SYS.5.2,SYS.5.2: Failiserver,3.2,3.2 Põhimeetmed,be6bd5642a96f98bcfc54b34b444a809,SYS.5.2.M2,SYS.5.2.M2 RAID-süsteem,"Vastutaja:  IT-juht 
 Elutsükli etapp:  Käitamine 
   
 a. Organisatsioon on analüüsinud ja dokumenteerinud, kas ja millist RAID-süsteemi on failiserveris otstarbekas kasutada. 
 b. On arvestatud, kui kaua aega maksimaalselt võib võtta failiserveri andmete, sh RAID-süsteemi taaste. 
 c. Riistvaralise RAIDi kasutamise korral on serveris RAIDi kontroller dubleeritud ning kasutatakse kuumvahetatavaid (ingl  hot-swappable ) kõvakettaid.",IT-juht,
b99ede246842547f56c2204ad61306f2,SYS.5.2,SYS.5.2: Failiserver,3.2,3.2 Põhimeetmed,3f5f8c11f928cc422d4c96f8073eacbb,SYS.5.2.M3,SYS.5.2.M3 Failiserveri kahjurvaratõrje,"Vastutaja:  IT-juht 
 Elutsükli etapp:  Käitamine 
   
 a. Failiserveris rakendatakse reaalajas toimivat kahjurvaratõrje kaitset. 
 b. Andmete salvestamisel failiserverisse kontrollitakse andmeid alati võimaliku kahjurvara avastamiseks. 
 c. Andmete lugemisel serverist kontrollitakse andmeid kahjurvara avastamiseks juhul, kui see ei mõjuta failiserveri jõudlust. 
 d. Kõik kahjurvaratõrje rakendamisel tehtavad erandid on dokumenteeritud.",IT-juht,
b99ede246842547f56c2204ad61306f2,SYS.5.2,SYS.5.2: Failiserver,3.2,3.2 Põhimeetmed,b1684039455df1c9245a7dc334be29e2,SYS.5.2.M15,SYS.5.2.M15 Failiserveri eelanalüüs,"Vastutaja:  IT-juht 
 Elutsükli etapp:  Kavandamine 
   
 a. Failiserveri kasutusele võtmiseks on tehtud eelanalüüs, mis määratleb serveri otstarbele vajaliku funktsionaalsuse ja piirangud. 
 b. Serveri salvestusmaht on arvestatud piisava varuga, planeeritud andmevahetuskiirus ja ühenduvus vastavad serveri otstarbele. 
 c. Failiserverina ei kasutata tööjaama.",IT-juht,
b99ede246842547f56c2204ad61306f2,SYS.5.2,SYS.5.2: Failiserver,3.3,3.3 Standardmeetmed,c4136f37e1a25668ff6d554ef91518c3,SYS.5.2.M6,SYS.5.2.M6 Failiserveri hankimise kord,"Vastutaja:  IT-juht 
 Elutsükli etapp:  Kavandamine 
   
 a. Failiserveri hankimiseks on koostatud failiserveri nõuete spetsifikatsioon. 
 b. Failiserveri tarkvara ja käitatavad teenused on valitud lähtudes failiserveri eesmärgist (nt failide ühiskasutus, meedia voogedastus, kettatõmmiste varundus). 
 c. Failiserveri hankimisel on arvestatud selle sooritusvõimet, salvestusmahtu, andmevahetuskiirust ja kasutajate potentsiaalset arvu.",IT-juht,
b99ede246842547f56c2204ad61306f2,SYS.5.2,SYS.5.2: Failiserver,3.3,3.3 Standardmeetmed,354a08558e5b0873e4d171e7abb4fac6,SYS.5.2.M7,SYS.5.2.M7 Sobiva failisüsteemi valimine,"Vastutaja:  IT-juht 
 Elutsükli etapp:  Käitamine 
   
 a. Kriteeriumid failisüsteemide sobivuse hindamiseks on esitatud failiserveri nõuete spetsifikatsioonis. 
 b. Transaktsioonide tagasivõtmiseks või uuesti käivitamiseks on failisüsteemis rakendatud päevikupidamise (ingl  journaling ) funktsioon. 
 c. Failisüsteemil on kaitsemehhanism mitme kasutaja või rakenduse samaaegse failimuutmise takistamiseks.",IT-juht,
b99ede246842547f56c2204ad61306f2,SYS.5.2,SYS.5.2: Failiserver,3.3,3.3 Standardmeetmed,e593f3e220a6247cc0871a14813e5385,SYS.5.2.M8,SYS.5.2.M8 Kataloogistruktuuri kinnitamine,"Vastutaja:  IT-juht 
 Elutsükli etapp:  Käitamine 
   
 a. Andmete talletuseks on välja töötatud kindel kataloogistruktuur. 
 b. Kasutajad on teadlikud andmetalletuse korrast, kaasa arvatud sellest, millised andmed salvestatakse lokaalselt ja millised failiserverisse. 
 c. Programmiandmeid ja tööfaile hoitakse eri kataloogides. 
 d. Kokkulepitud kataloogistruktuuri järgimist kasutajate poolt kontrollitakse regulaarselt.",IT-juht,
b99ede246842547f56c2204ad61306f2,SYS.5.2,SYS.5.2: Failiserver,3.3,3.3 Standardmeetmed,f4ab034c00593a0959be327ea82d6ad2,SYS.5.2.M9,SYS.5.2.M9 Failiserveri andmekandjate turvaline haldus,"Vastutaja:  IT-juht 
 Elutsükli etapp:  Käitamine 
   
 a. Regulaarselt seiratakse failiserveri ressursside kasutamist ja kontrollitakse, kas salvesti komponendid toimivad ettenähtud viisil. 
 b. Tõrgete või andmekandja mäluruumi lõppemise puhuks on olemas sobivad varukomponendid. 
 c. Andmekandjate hierarhia (esimese, teise või kolmanda tasandi salvestid) olemasolul on koostatud (pool)automaatse salvestuse haldusprotseduurid. 
 e. Failiserveri turvasündmused (volitamata juurdepääsu katsed, pääsuõiguste muutmine) logitakse.",IT-juht,
b99ede246842547f56c2204ad61306f2,SYS.5.2,SYS.5.2: Failiserver,3.3,3.3 Standardmeetmed,c0ac8ddf2f321c72decc1fe7f5e05420,SYS.5.2.M11,SYS.5.2.M11 Kvootide rakendamine,"Vastutaja:  IT-juht 
 Elutsükli etapp:  Käitamine 
   
 a. Kasutajaile on failiserveris määratud mahupiirangud ehk kvoodid (ingl  quota ). 
 b. Kasutajat teavitatakse kettamahu täitumisest. Edasine kirjutusõigus on ainult süsteemihalduritel.",IT-juht,
b99ede246842547f56c2204ad61306f2,SYS.5.2,SYS.5.2: Failiserver,3.3,3.3 Standardmeetmed,e73e3766843f0ae5b87501cacf837589,SYS.5.2.M14,SYS.5.2.M14 Veaparanduskoodide kasutamine,"Vastutaja:  IT-juht 
 Elutsükli etapp:  Käitamine 
   
 a. Failide tervikluse tagamiseks kasutatakse sobivaid veaparanduskoode või -meetodeid. 
 b. Veaparanduskoodide kasutamisel arvestatakse, et selline vigade avastamine ja parandamine toimib üksnes piiratud määral.",IT-juht,
b99ede246842547f56c2204ad61306f2,SYS.5.2,SYS.5.2: Failiserver,3.4,3.4 Kõrgmeetmed,b1864ad25e28ffee59690bd13858f03e,SYS.5.2.M12,SYS.5.2.M12 Andmestiku krüpteerimine,"Vastutaja:  IT-juht 
 Elutsükli etapp:  Käitamine 
 Turvakomponent:  C; I; A 
   
 a. Kõik failiserveris hoitavad andmed on kas riistvara või failisüsteemi tasemel krüpteeritud. 
 c. Riistvaralise krüpteerimise korral kasutatakse ainult sertifitseeritud tooteid.",IT-juht,
b99ede246842547f56c2204ad61306f2,SYS.5.2,SYS.5.2: Failiserver,3.4,3.4 Kõrgmeetmed,d1f743a83819e65c2e26bf5fb23f10a4,SYS.5.2.M13,SYS.5.2.M13 Dubleerimine teises asukohas,"Vastutaja:  IT-juht 
 Elutsükli etapp:  Kavandamine 
 Turvakomponent:  A 
   
 a. Salvestatavad andmed dubleeritakse erinevatele seadmetele ja erinevatesse asukohtadesse. 
 b. Dubleerimismeetod on dokumenteeritud ning protseduuri toimimist testitakse kokkulepitud regulaarsusega.",IT-juht,
ee7bceddce73b32301dc614542429ee7,SYS.2.8,SYS.2.8: Failijagamisteenus,3.2,3.2 Põhimeetmed,03b4530586e9cd6c57ff858e2b43e7b9,SYS.2.8.M1,SYS.2.8.M1 Failijagamisteenuse kasutuselevõtu kavandamine,"Vastutaja:  IT-juht 
 Elutsükli etapp:  Kavandamine 
   
 a. Enne failijagamisteenuse kasutuselevõttu on otsustatud ja dokumenteeritud: 
 
 milliseid ülesandeid failijagamisteenused tulevikus täidavad; 
 millisel tööviisil failijagamisteenus töötab; 
 kuidas teostatakse autentimine; 
 milliseid Samba või muid komponente on selleks vaja. 
 
 b. Failijagamisteenuse võtmekomponentide (nt klastrilahendus, autentimine, võrguühendused) konfiguratsioon on dokumenteeritud.",IT-juht,
ee7bceddce73b32301dc614542429ee7,SYS.2.8,SYS.2.8: Failijagamisteenus,3.2,3.2 Põhimeetmed,7d469d32cd371251cd07b694671f3018,SYS.2.8.M16,SYS.2.8.M16 SMB protokolli pärandfunktsioonide blokeerimine,"Vastutaja:  IT-juht 
 Elutsükli etapp:  Käitamine 
   
 a. SMB1/CIFS kasutamine on failijagamisteenuse serveris ja klientides blokeeritud. 
 b. Failijagamisteenuse kasutamiseks on lubatud ainult protokoll SMBv3.",IT-juht,
ee7bceddce73b32301dc614542429ee7,SYS.2.8,SYS.2.8: Failijagamisteenus,3.3,3.3 Standardmeetmed,74af97cdeaf309fa2ca1d3b2b3a3004d,SYS.2.8.M3,SYS.2.8.M3 Samba serveri turvaline konfiguratsioon,"Vastutaja:  IT-juht 
 Elutsükli etapp:  Käitamine 
   
 a. TDB-vormingus andmebaase ei hoita partitsioonis, kus on kasutusel ReiserFS failisüsteem. 
 b. Ühiskasutuse (ingl  Netlogon ) puhul ei ole volitamata kasutajatel võimalik ühiskasutuses olevaid faile muuta. 
 c. Samba serveri operatsioonisüsteem ning kasutatav failisüsteem toetavad failisüsteemi pääsuloendeid (ingl  access control list,  ACL). Lubatud on ainult vajalikud kasutajad. 
 d. On hoolikalt testitud järgmised Samba komponendid: 
 
 klastrilahendus CTDB (ingl  Cluster Trivial Database ); 
 AD (ingl  Active Directory Domain Service ) teenused ja AD autentimisprotseduur; 
 Samba VFS (ingl  Virtual File System ) moodulid ja nende rakendamise järjekord; 
 protokoll IPv6 Sambas. 
 
 e. Samba serverisse ei ole paigutatud lisatarkvara (nt SWAT).",IT-juht,
ee7bceddce73b32301dc614542429ee7,SYS.2.8,SYS.2.8: Failijagamisteenus,3.3,3.3 Standardmeetmed,fcf55c82a82dc28a883e6aa81851e409,SYS.2.8.M4,SYS.2.8.M4 NTFSi funktsioonide vältimine Samba serveris,"Vastutaja:  IT-juht 
 Elutsükli etapp:  Kavandamine 
   
 a. Kui Samba versioonist tulenevalt kasutatakse NTFS ADSi andmevooge, siis tagatakse, et failisüsteemi objektid ei sisalda olulist ADS-infot enne objektide edastamist.",IT-juht,
ee7bceddce73b32301dc614542429ee7,SYS.2.8,SYS.2.8: Failijagamisteenus,3.3,3.3 Standardmeetmed,9cce4b4d85a790d51e4ff43b0deaa667,SYS.2.8.M5,SYS.2.8.M5 Samba serveri juurdepääsu turvaline seadistus,"Vastutaja:  IT-juht 
 Elutsükli etapp:  Käitamine 
   
 a. DOS-atribuutide vastendamiseks Linuxi failisüsteemis kasutatakse Samba vaikeparameetrite asemel failisüsteemi täiendatribuute (ingl  Extended Attributes ). 
 b. Juurdepääs Samba teenuse pordiga 445 (SMB üle TCP) on lubatud ainult sisevõrgust. Port 139 (SMB üle NetBIOS) on suletud.",IT-juht,
ee7bceddce73b32301dc614542429ee7,SYS.2.8,SYS.2.8: Failijagamisteenus,3.3,3.3 Standardmeetmed,d623ff6d603b01acb5e3a588223e7481,SYS.2.8.M6,SYS.2.8.M6 Winbindi turvaline konfiguratsioon Samba keskkonnas,"Vastutaja:  IT-juht 
 Elutsükli etapp:  Käitamine 
   
 a. Kui Windowsi domeeni kasutajate jaoks pole loodud kasutajakontosid serveri operatsioonisüsteemis, siis kasutatakse domeeni kasutajanimede Linuxi kasutajanimedeks teisendamiseks  winbind'i . Seejuures välditakse konflikte lokaalsete Linuxi kasutajate ja domeenikasutajate vahel. 
 b. Autentimise toetamiseks kasutatakse PAM-pluginaid (ingl  Pluggable Authentication Modules ).",IT-juht,
ee7bceddce73b32301dc614542429ee7,SYS.2.8,SYS.2.8: Failijagamisteenus,3.3,3.3 Standardmeetmed,707323c96c19e1e5e26403c08d1fb6fa,SYS.2.8.M9,SYS.2.8.M9 Kerberose turvaline konfiguratsioon Samba keskkonnas,"Vastutaja:  IT-juht 
 Elutsükli etapp:  Käitamine 
   
 a. Autentimiseks Sambaga on rakendatud MIT või Heimdal Kerberos KDC (ingl  Key Distribution Center , KDC) koos Samba jaoks kohandatud Kerberose konfiguratsioonifailiga. 
 b. Kerberosega autentimisel asub keskne ajaserver lokaalsel domeenikontrolleril. NTP-teenuse ajapäringud on kättesaadavaks tehtud ainult volitatud klientidele. 
 c. Kerberose piletite krüptomehhanismid on piisavalt tugevad.",IT-juht,
ee7bceddce73b32301dc614542429ee7,SYS.2.8,SYS.2.8: Failijagamisteenus,3.3,3.3 Standardmeetmed,e5fae76a1f79eb8d792989a15d40e4e6,SYS.2.8.M13,SYS.2.8.M13 Failiserveri süsteemikomponentide varundamine,"Vastutaja:  IT-juht 
 Elutsükli etapp:  Käitamine 
   
 a. Failijagamisteenuse taasteks vajalikud süsteemikomponendid ja tagasüsteemid on varundatud. 
 b. Samba serveri puhul varundatakse regulaarselt ka kõik TDB-failid.",IT-juht,
ee7bceddce73b32301dc614542429ee7,SYS.2.8,SYS.2.8: Failijagamisteenus,3.3,3.3 Standardmeetmed,ccde53b67c378e2ecc5873ce8329d334,SYS.2.8.M15,SYS.2.8.M15 Failijagamisteenuse andmepakettide krüpteerimine,"Vastutaja:  IT-juht 
 Elutsükli etapp:  Käitamine 
   
 a. Failijagamisteenuse andmevahetus (nt SMBv3) on krüpteeritud nii serveris kui kõikides klientides. 
 b. Välisvõrgust juurdepääsu korral rakendatakse täiendavaid turvameetmeid (nt VPN või transpordikihi tasemel krüpteerimine).",IT-juht,
ee7bceddce73b32301dc614542429ee7,SYS.2.8,SYS.2.8: Failijagamisteenus,3.3,3.3 Standardmeetmed,ca0b6f92a2fed991e51c6f75c75b9882,SYS.2.8.M17,SYS.2.8.M17 Failijagamisteenusele juurdepääsu piiramine,"Vastutaja:  IT-juht 
 Elutsükli etapp:  Käitamine 
   
 a. Külalis- või anonüümsete kontode (ingl  guest/anonymous account ) juurdepääs failijagamisteenusele on keelatud. 
 b. Autentimisprotokoll NTLMv1 (ingl  NT LAN Manager ) on keelatud. Selle asemel on kasutusel vähemalt NTLMv2, soovitavalt Kerberos. 
 c. Failiserverid on paigutatud tööjaamadest eraldatud võrgusektsiooni. 
 d. SMB kasutamine on lubatud ainult failijagamisteenuse funktsionaalsust vajavates võrgusektsioonides. 
 e. Juurdepääs failidele avalikust võrgust SMB protokolliga ilma VPN kasutamata on blokeeritud.",IT-juht,
ae7ee97a2294c46402a793baaef894de,SYS.3.1,SYS.3.1: Mobiilseadmed üldiselt,3.2,3.2 Põhimeetmed,48e753b5077b8bafe3a02cf4b514e1ff,SYS.3.1.M1,SYS.3.1.M1 Mobiilseadmete kasutamise kord,"Vastutaja:  IT-juht 
 Elutsükli etapp:  Kavandamine 
   
 a. On kehtestatud mobiilseadmete kasutamise kord, mis sisaldab vähemalt järgmist: 
 
 mobiilseadmete valimise kriteeriumid; 
 tingimused mobiilseadmest organisatsiooni ressurssidele juurdepääsu saamiseks; 
 nõutavad autentimis- ja pääsumehhanismid ja nende rakendamine; 
 mobiilseadmete soetamine ja kuluarvestus; 
 mobiilseadmega tehtavate maksete käsitlus; 
 mobiilseadmete turvaline ja heaperemehelik kasutamine; 
 isiklike mobiilseadmete tööalane kasutamine; 
 pilvteenuste kasutamine mobiilseadmest; 
 mobiilseadme andmete varundamine; 
 mobiilseadmete varguse vältimine; 
 juhised mobiilseadme kaotuse, varguse või rikke puhul tegutsemiseks. 
 
 d. Kõigile mobiilseadmete kasutajatele on mobiilseadmete kasutamise korda tutvustatud.",IT-juht,
ae7ee97a2294c46402a793baaef894de,SYS.3.1,SYS.3.1: Mobiilseadmed üldiselt,3.2,3.2 Põhimeetmed,d2ad8b93b243730bc17d1a2c2612723d,SYS.3.1.M2,SYS.3.1.M2 Pilvteenuste kasutamise piiramine,"Vastutaja:  IT-juht 
 Elutsükli etapp:  Käitamine 
   
 a. Enne mobiilseadmete kasutuselevõttu on otsustatud pilvteenuste kasutamise võimalikkus ja ulatus. 
 b. On määratud ja kasutajatele teatavaks tehtud, millised pilvteenused on mobiilseadmes kasutamiseks keelatud ja kuidas töötajate pilvkasutust kontrollitakse. 
 c. Kasutajaid koolitatakse pilvteenuseid turvaliselt kasutama.",IT-juht,
ae7ee97a2294c46402a793baaef894de,SYS.3.1,SYS.3.1: Mobiilseadmed üldiselt,3.2,3.2 Põhimeetmed,6e64ff7addce01e78482c16e3e24c5e8,SYS.3.1.M3,SYS.3.1.M3 Mobiilseadmete turvaline aluskonfiguratsioon,"Vastutaja:  IT-juht 
 Elutsükli etapp:  Käitamine 
   
 b. On koostatud ja dokumenteeritud turvamehhanisme toetavad mobiilseadmete aluskonfiguratsioonid, mis hõlmavad kõiki kasutatavaid operatsioonisüsteeme. 
 c. Tarbetud funktsioonid ja andmesideliidesed on mobiilseadmetes desaktiveeritud. 
 d. Mobiilseadmete keskhalduseks vajalikud kliendikomponendid sisalduvad aluskonfiguratsioonis. 
 e. Mobiilseadmest on keelatud eemaldada sinna paigutatud haldustarkvara ja muuta mobiilseadme turvaseadeid.",IT-juht,
ae7ee97a2294c46402a793baaef894de,SYS.3.1,SYS.3.1: Mobiilseadmed üldiselt,3.2,3.2 Põhimeetmed,e92e28c29ad401b93bad2d00c800f009,SYS.3.1.M4,SYS.3.1.M4 Mobiilseadme volitamata kasutuse tõkestamine,"Vastutaja:  IT-juht 
 Elutsükli etapp:  Käitamine 
   
 a. Mobiilseadmed on kaitstud piisavalt keeruka ja vähemalt kuue märgi pikkuse pääsukoodiga. 
 b. Ekraaniluku (ingl  screen lock ) kasutamine mobiilseadmetes on kohustuslik. Ekraanilukk aktiveerub määratud aja jooksul. 
 c. Varem kasutatud paroolide või PIN-koodide kasutamine on tehniliselt piiratud. 
 d. Mobiilseadme lahtimurdmine (ingl  root ,  jailbreaking ) on keelatud ja mobiilseadmete keskhaldusvahendiga tehniliselt piiratud.",IT-juht,
ae7ee97a2294c46402a793baaef894de,SYS.3.1,SYS.3.1: Mobiilseadmed üldiselt,3.2,3.2 Põhimeetmed,3a24608251f266041974da2893e6e996,SYS.3.1.M5,SYS.3.1.M5 Mobiilseadme operatsioonisüsteemi ja rakenduste ajakohastamine,"Vastutaja:  IT-juht 
 Elutsükli etapp:  Käitamine 
   
 a. Mobiilseadmesse on paigaldatud uusim tootja toetatud operatsioonisüsteem ja viimased turvauuendid. Mobiilseadme tootja tagab seadme plaanitud kasutusaja jooksul regulaarse operatsioonisüsteemi uuendamise (ingl  update ). 
 b. Vanemad seadmed, mille tootjapoolne tugi on lõppenud ja operatsioonisüsteemi turvauuendeid (ingl  security patch ) enam ei väljastata, kõrvaldatakse kasutuselt. 
 c. Organisatsiooni nutitelefonides ja tahvelarvutites ei kasutata rakendusi (äppe), millel tootja tugi on lõpetatud. 
 d. Mobiilseadmesse installitud äppide tarkvarauuendite olemasolu kontrollitakse ja uuendeid installitakse automaatselt.",IT-juht,
ae7ee97a2294c46402a793baaef894de,SYS.3.1,SYS.3.1: Mobiilseadmed üldiselt,3.2,3.2 Põhimeetmed,d28da4738aa38cd65565f8f66ec4742a,SYS.3.1.M6,SYS.3.1.M6 Privaatsussätete ja rakenduste juurdepääsude haldamine,"Vastutaja:  IT-juht 
 Elutsükli etapp:  Käitamine 
   
 a. Mobiilirakenduste (äppide) juurdepääs andmetele ja andmevahetusliidestele on rangelt vajaduspõhine. 
 b. Privaatsussätted on konfigureeritud maksimaalselt kitsendavaiks. 
 c. Juurdepääs mobiilseadme kaamerale, mikrofonile, kasutaja asukoha- ja terviseandmetele vastab andmekaitsenõuetele. Vajadusel juurdepääs piiratakse või vastav funktsioon desaktiveeritakse. 
 d. Mobiilirakenduste juurdepääsuõiguste ülevaatust viiakse läbi vastavalt vajadusele. 
 e. Ekraanijagamine (ingl  screen sharing ) ning heli ja video ühiskasutus mobiilseadmete on korralduslikult või tehniliselt reguleeritud.",IT-juht,
ae7ee97a2294c46402a793baaef894de,SYS.3.1,SYS.3.1: Mobiilseadmed üldiselt,3.2,3.2 Põhimeetmed,f4fad7d801364b147f26fc819f2be60d,SYS.3.1.M8,SYS.3.1.M8 Mobiilirakenduste installimise kord,"Vastutaja:  IT-juht 
 Elutsükli etapp:  Käitamine 
   
 b. Äppide hankimiseks on määratud lubatavad allikad ja allikate valiku kriteeriumid. 
 c. Mobiilirakenduste installimine mujalt kui selleks määratud ja lubatud allikaist on keelatud ja võimalusel blokeeritud.",IT-juht,
ae7ee97a2294c46402a793baaef894de,SYS.3.1,SYS.3.1: Mobiilseadmed üldiselt,3.2,3.2 Põhimeetmed,f568cbf8976d85c930a1c4fadd7c83cd,SYS.3.1.M17,SYS.3.1.M17 Tegutsemine mobiilseadme kaotamisel,"Vastutaja:  IT-juht 
 Elutsükli etapp:  Käitamine 
   
 a. Mobiilseadme kaotamisest või vargusest teavitab kasutaja viivitamatult määratud kontaktisikud. 
 b. Võimalusel tuleb pärast mobiilseadme kaotamist rakendada meetmed, mis võimaldavad seadet lukustada, kustutada või lokaliseerida. 
 c. Pärast mobiilseadme kaotamist muudetakse kõigis eeldatavasti mõjutatud IT-süsteemides kasutaja pääsuandmed. 
 d. Manipuleerimiskahtlusega mobiilseade kõrvaldatakse kasutusest või laaditakse seadmele uuesti algne operatsioonisüsteem koos kõigi vajalike rakendustega. 
 f. Manipuleerimiskahtlusega mobiilseade kõrvaldatakse kasutusest või laaditakse seadmele uuesti algne operatsioonisüsteem koos kõigi vajalike rakendustega.",IT-juht,
ae7ee97a2294c46402a793baaef894de,SYS.3.1,SYS.3.1: Mobiilseadmed üldiselt,3.2,3.2 Põhimeetmed,c1cd9f680d56f99a0ec09b985f559b4b,SYS.3.1.M37,SYS.3.1.M37 Mobiilseadme andmekandjate krüpteerimine,"Vastutaja:  IT-juht 
 Elutsükli etapp:  Käitamine 
   
 a. Mobiilseadmesse integreeritud andmekandjad on krüpteeritud. 
 b. Tundlikud andmed mobiilseadmele lisatavatel andmekandjatel (nt SD-kaardil) on krüpteeritud.",IT-juht,
ae7ee97a2294c46402a793baaef894de,SYS.3.1,SYS.3.1: Mobiilseadmed üldiselt,3.3,3.3 Standardmeetmed,f50c022c58ddb21e77cb8278f7f131a4,SYS.3.1.M10,SYS.3.1.M10 Mobiilseadmete turvaline haldus,"Vastutaja:  IT-juht 
 Elutsükli etapp:  Käitamine 
   
 b. Mobiilseadmete haldustegevused sisaldavad vähemalt järgmist: 
 
 mobiilseadmete arvelevõtt; 
 mobiilseadmete seadistamine; 
 mobiilseadmetes rakendatavad turvameetmed (sh lubatavad autentimismeetodid); 
 mobiilseadmete hoolduse ja rikete lahendamine; 
 mobiilseadmetes olevate rakenduste haldus; 
 mobiilseadmete hoiustamine ja ladustamine; 
 mobiilseadmete turvalise kõrvaldamise protseduurid. 
 
 c. Mobiilseadmete halduse juhend on dokumenteeritud. 
 d. Kasutusel olevate mobiilseadmete andmed on kantud mobiilseadmete registrisse.",IT-juht,
ae7ee97a2294c46402a793baaef894de,SYS.3.1,SYS.3.1: Mobiilseadmed üldiselt,3.3,3.3 Standardmeetmed,99b42c15de2a01b6602e9c650f2a12c9,SYS.3.1.M12,SYS.3.1.M12 Anonüümsete seadmenimede kasutamine,"Vastutaja:  IT-juht 
 Elutsükli etapp:  Käitamine 
   
 a. Mobiilseadmele määratud seadmenimi ei sisalda viidet organisatsioonile ega kasutajale.",IT-juht,
ae7ee97a2294c46402a793baaef894de,SYS.3.1,SYS.3.1: Mobiilseadmed üldiselt,3.3,3.3 Standardmeetmed,dbc9dc21a96fcb4d762a1f3e7eb8b363,SYS.3.1.M18,SYS.3.1.M18 Biomeetriline autentimine mobiilseadmes,"Vastutaja:  IT-juht 
 Elutsükli etapp:  Käitamine 
   
 a. Enne biomeetrilise autentimise (nt sõrmejäljeanduri abil) kasutuselevõttu organisatsioonis on veendutud selle toimimises ja turvalisuses. 
 b. Biomeetrilise autentimise kaheldava tugevuse puhul biomeetrilist autentimist ei kasutata. 
 c. Kasutajad on teadlikud, kuidas ründaja võiks üritada biomeetrilisi tunnuseid identiteedivarguse eesmärgil võltsida. 
 d. Biomeetrilise autentimise mittetoimimisel kasutatava pääsukoodi pikkus on vähemalt kuus märki ning see pole lihtsalt äraarvatav.",IT-juht,
ae7ee97a2294c46402a793baaef894de,SYS.3.1,SYS.3.1: Mobiilseadmed üldiselt,3.3,3.3 Standardmeetmed,6467900fff07aae9e96dd8dd5e399b7f,SYS.3.1.M19,SYS.3.1.M19 Virtuaalassistentide kasutamise piiramine,"Vastutaja:  IT-juht 
 Elutsükli etapp:  Käitamine 
   
 a. Kõnetuvastusega virtuaalassistente (ingl  voice assistant ) kasutamine on reeglina keelatud. Erisused on kooskõlastatud ja dokumenteeritud. 
 b. Virtuaalassistendi kasutamine on keelatud, kui seade on lukustatud olekus.",IT-juht,
ae7ee97a2294c46402a793baaef894de,SYS.3.1,SYS.3.1: Mobiilseadmed üldiselt,3.3,3.3 Standardmeetmed,3766b3879a32339a988c0022274e95b3,SYS.3.1.M22,SYS.3.1.M22 VPN-i kasutamine ühenduseks sisevõrguga,"Vastutaja:  IT-juht 
 Elutsükli etapp:  Käitamine 
   
 a. Mobiilseadme ühendamine sisevõrguga on võimalik ainult virtuaalse privaatvõrgu (VPN) kaudu. 
 b. VPN-i kasutamise protseduur on dokumenteeritud ja kasutajatele kättesaadav. VPN-is rakendatakse mitmefaktorilist- või sertifikaadipõhist autentimist.",IT-juht,
ae7ee97a2294c46402a793baaef894de,SYS.3.1,SYS.3.1: Mobiilseadmed üldiselt,3.3,3.3 Standardmeetmed,4fed9dbc9c7a33006312ba3951658bb3,SYS.3.1.M25,SYS.3.1.M25 Mobiilseadme täitmiskeskkondade lahusus,"Vastutaja:  IT-juht 
 Elutsükli etapp:  Käitamine 
   
 a. Kui töötajad võivad organisatsiooni antud mobiilseadmeid kasutada ka isiklikuks tarbeks, siis on selleks loodud seadmes eraldi täitmiskeskkond. 
 c. Tööga seotud andmed asuvad eranditult tööotstarbelises täitmiskeskkonnas või konteineris. 
 d. Pärast määratud arvu järjestikuseid ebaõnnestunud nutitelefoni või tahvelarvuti avamiskatseid kustutatakse seadmest tööotstarbelise täitmiskeskkonna andmed.",IT-juht,
ae7ee97a2294c46402a793baaef894de,SYS.3.1,SYS.3.1: Mobiilseadmed üldiselt,3.3,3.3 Standardmeetmed,b247cc509e024cd59fd1e610e2807b3c,SYS.3.1.M28,SYS.3.1.M28 Veebilehtede filtreerimine,"Vastutaja:  IT-juht 
 Elutsükli etapp:  Käitamine 
   
 a. Kui organisatsioonis on kasutusel võrgupõhine maineteenus (ingl  reputation service ) või vastav proksi (ingl proxy server), on see määratud globaalseks HTTP-proksiks kõigis kasutatavates brauserites. 
 b. Kui proksi on sisevõrgus, on mobiilseade sellega VPN kaudu püsivalt või äpipõhiselt ühendatud. 
 c. Kui mobiilseadmetes veebilehti proksipõhiselt ei filtreerita, kasutatakse nutitelefoni või tahvelarvuti veebibrauseris mustfiltreerimist (ingl  blacklisting ) või sõltumatu tootja sisufiltritel põhinevat filtreerimist. 
 d. Mobiilseadme brauseri konfiguratsioon vastab brauseritele kehtestatud üldistele nõuetele ja seal on rakendatud samu piiranguid kui arvutite brauserites.",IT-juht,
ae7ee97a2294c46402a793baaef894de,SYS.3.1,SYS.3.1: Mobiilseadmed üldiselt,3.3,3.3 Standardmeetmed,d477bc11db0316dfec5c96d2eb6e8c43,SYS.3.1.M32,SYS.3.1.M32 Keskne mobiilseadmete haldus,"Vastutaja:  IT-juht 
 Elutsükli etapp:  Käitamine 
   
 a. Mobiilseadmed on hallatud läbi keskse mobiilseadmete halduse (ingl  mobile device management , MDM).",IT-juht,
ae7ee97a2294c46402a793baaef894de,SYS.3.1,SYS.3.1: Mobiilseadmed üldiselt,3.3,3.3 Standardmeetmed,738d229651bdc74fa6b0af7f07b78017,SYS.3.1.M33,SYS.3.1.M33 Kahjurvaratõrje rakenduse kasutamine mobiilseadmes,"Vastutaja:  IT-juht 
 Elutsükli etapp:  Käitamine 
   
 a. Kõikidesse mobiilseadmetesse on installitud kahjurvaratõrje rakendus (äpp). 
 b. Võimalusel on kahjurvaratõrje äpp paigaldatud läbi keskse mobiilseadmete halduse lahenduse. 
 c. Mobiilseadme kahjurvaratõrje äpi staatus ja häireteated on keskselt hallatavad.",IT-juht,
ae7ee97a2294c46402a793baaef894de,SYS.3.1,SYS.3.1: Mobiilseadmed üldiselt,3.3,3.3 Standardmeetmed,e0c65a8234cbefb363563c855f08922e,SYS.3.1.M34,SYS.3.1.M34 Turvaline DNS-serveri seadistus,"Vastutaja:  IT-juht 
 Elutsükli etapp:  Käitamine 
   
 a. Mobiilseadme tootja seadistatud DNS-server on asendatud organisatsiooni või organisatsiooni teenuseandja DNS-serveriga. 
 b. Kui teenuseandja võimaldab kasutada DNS-teenust üle HTTPS-i (ingl  DNS over HTTPS , DoH), on see funktsionaalsus seadmetes aktiveeritud.",IT-juht,
ae7ee97a2294c46402a793baaef894de,SYS.3.1,SYS.3.1: Mobiilseadmed üldiselt,3.3,3.3 Standardmeetmed,516ff4f56d7b00b8ebf64d32f8587f3a,SYS.3.1.M36,SYS.3.1.M36 Mobiilseadmete kasutuselt kõrvaldamise kord,"Vastutaja:  IT-juht 
 Elutsükli etapp:  Kõrvaldamine 
   
 a. Enne mobiilseadme kasutuselt kõrvaldamist taastatakse seadme tehaseseaded (mis ühtlasi kustutab telefonist ka kasutaja andmed) ja kontrollitakse, kas kõik andmed on seadmest kustutatud. 
 b. Kui andmeid ei õnnestu mobiilseadmest kustutada, hävitatakse seade füüsiliselt. 
 c. Eemaldatava mälukaardi olemasolul võetakse see seadmest välja ja kustutatakse turvaliselt või hävitatakse füüsiliselt. 
 d. Kui mobiilseadmeid tuleb enne kõrvaldamist hoiustada (nt niikaua kuni telefone on kogunenud suurem kogus), siis kaitstakse kogutud seadmeid ja mälukaarte lubamatu juurdepääsu eest.",IT-juht,
ae7ee97a2294c46402a793baaef894de,SYS.3.1,SYS.3.1: Mobiilseadmed üldiselt,3.3,3.3 Standardmeetmed,0cf7e1154affcddf84cc2819d7de09dd,SYS.3.1.M38,SYS.3.1.M38 Tarbetute sideliideste desaktiveerimine,"Vastutaja:  IT-juht 
 Elutsükli etapp:  Käitamine 
   
 a. Nutitelefoni või tahvelarvuti sideliidesed (nt Wi-Fi, Bluetooth, NFC) on aktiveeritud ainult vajadusel ja ainult sobivas keskkonnas.",IT-juht,
ae7ee97a2294c46402a793baaef894de,SYS.3.1,SYS.3.1: Mobiilseadmed üldiselt,3.4,3.4 Kõrgmeetmed,e694de2218b9ae6a0eaea36284cdedb8,SYS.3.1.M27,SYS.3.1.M27 Kõrgturvaline mobiilseade,"Vastutaja:  IT-juht 
 Elutsükli etapp:  Kavandamine 
 Turvakomponent:  C; I; A 
   
 a. Organisatsioon kasutab ainult mobiilseadmeid, mis on teabekaitseklassifikatsiooni kohaselt sertifitseeritud või vastavad kehtestatud turvalise infotöötluse nõuetele.",IT-juht,
ae7ee97a2294c46402a793baaef894de,SYS.3.1,SYS.3.1: Mobiilseadmed üldiselt,3.4,3.4 Kõrgmeetmed,19c05fc731d0ced096fa38b6a002b7c4,SYS.3.1.M29,SYS.3.1.M29 Organisatsioonipõhine pääsupunkt,"Vastutaja:  IT-juht 
 Elutsükli etapp:  Käitamine 
 Turvakomponent:  C; I; A 
   
 a. Lubatud mobiilseadmete määratlemiseks organisatsioonipõhise pääsupunktiga (ingl  Access Point Name , APN) on mobiilside teenuseandjaga kokku lepitud tugev, kuni 64-kohaline autentimisparool. 
 b. Kõik seadmed, mis kasutavad seda APN-i, saavad mobiilside teenuseandjalt organisatsiooniga kooskõlastatud IP-aadressi. 
 c. Autentimiseks kasutatakse protokolli CHAP (ingl  challenge-handshake authentication protocol , CHAP).",IT-juht,
ae7ee97a2294c46402a793baaef894de,SYS.3.1,SYS.3.1: Mobiilseadmed üldiselt,3.4,3.4 Kõrgmeetmed,fe7dedc943baf3b4085b255fd1b5e0f2,SYS.3.1.M30,SYS.3.1.M30 Äppide installimise valge nimekiri,"Vastutaja:  IT-juht 
 Elutsükli etapp:  Käitamine 
 Turvakomponent:  C; I; A 
   
 a. Mobiilseadme kasutajal on lubatud installida ainult valges nimekirjas olevaid, kinnitatud ja kontrollitud rakendusi. 
 b. Mobiilseadmete keskhalduse vahend välistab muude rakenduste installimise või kõrvaldab lubamatud rakendused nende tuvastamisel.",IT-juht,
ae7ee97a2294c46402a793baaef894de,SYS.3.1,SYS.3.1: Mobiilseadmed üldiselt,3.4,3.4 Kõrgmeetmed,1de719501aeb7339556d28eb50dc3f2b,SYS.3.1.M35,SYS.3.1.M35 Mobiilseadme lokaalne tulemüür,"Vastutaja:  IT-juht 
 Elutsükli etapp:  Käitamine 
 Turvakomponent:  C; I; A 
   
 a. Mobiilseadmetes on paigaldatud ja vajalikus seadistuses aktiveeritud lokaalne tulemüür.",IT-juht,
842dcb20ef18b1386ff37b24e8a9a681,SYS.4.1,SYS.4.1: Esemevõrgu seade üldiselt,3.2,3.2 Põhimeetmed,065d50fbb4137fc20ba5a02bdfa00cb0,SYS.4.1.M1,SYS.4.1.M1 Esemevõrgu seadmetele turvanõuete kehtestamine,"Vastutaja:  IT-juht 
 Elutsükli etapp:  Kavandamine 
   
 a. Organisatsioonis kasutatavatele esemevõrgu (ingl  Internet of Things , IoT) seadmetele on püstitatud organisatsiooni kaitsevajadusest lähtuvad turvanõuded. 
 b. Kõik esemevõrgu seadmed peavad vastama vähemalt järgmistele nõuetele: 
 
 seadme püsivara (ingl  firmware ) ja tarkvara on võimalik uuendada; 
 tootja tagab seadme mõistliku kasutusaja jooksul seadmetele regulaarsed turvauuendid; 
 seade võimaldab turvalist autentimist; 
 seadme vaikeparoolid on muudetavad; 
 seadmel ei ole varjatud funktsioone. 
 
 c. Isiklike esemevõrgu seadmete organisatsiooni sisevõrku ühendamine on keelatud.",IT-juht,
842dcb20ef18b1386ff37b24e8a9a681,SYS.4.1,SYS.4.1: Esemevõrgu seade üldiselt,3.2,3.2 Põhimeetmed,584ec351f56867cf6c817c040918cd68,SYS.4.1.M2,SYS.4.1.M2 Esemevõrgu seadme autentimine,"Vastutaja:  IT-juht 
 Elutsükli etapp:  Käitamine 
   
 a. IoT seadmele juurdepääsuks on vajalik kasutaja autentimine. 
 b. IoT seadmete paroolid vastavad kehtestatud paroolireeglitele ning ei kattu muudes IT-süsteemides kasutavate paroolidega. Kui see on tehniliselt võimalik, kasutatakse turvalisemaid autentimismehhanisme (nt sertifikaadipõhist autentimist). 
 c. Enne seadme ühendamist organisatsiooni sisevõrku on muudetud IoT seadme vaikeparoolid.",IT-juht,
842dcb20ef18b1386ff37b24e8a9a681,SYS.4.1,SYS.4.1: Esemevõrgu seade üldiselt,3.2,3.2 Põhimeetmed,3ebb3f2e3ab51d201233d27231d150c1,SYS.4.1.M5,SYS.4.1.M5 Esemevõrgu seadme võrkupääsu piiramine,"Vastutaja:  IT-juht 
 Elutsükli etapp:  Käitamine 
   
 a. Esemevõrgu seadmete pääs sisevõrku on võimalikult kitsendatud. Kui esemevõrgu seadmed (nt valvekaamerad) kuuluvad mingisse laiema otstarbega süsteemi (nt hoone halduse süsteemi), vahetavad nad andmeid ainult selle süsteemiga. 
 b. Sisenevad ja väljuvad võrguühendused ja sihtkohad on piiratud ruuterite pääsuloenditega (ACL) ja tulemüüri reeglitega (nt valvekaamerale piisab ühendustest tootja uuendusserveri, videoandmete salvestuskoha ja haldussüsteemiga). 
 c. Tööks mittevajalikud pordid on blokeeritud. 
 d. Marsruutimine on kitsendav, vaikemarsruudid on blokeeritud. 
 e. Kõigis ruuterites on automaathäälestuse funktsioon UPnP desaktiveeritud. 
 f. Esemevõrgu seadmed ja andurid asuvad võrgusegmendis, mis omab ühendust ainult haldusseadmete või halduse võrgusegmendiga. 
 g. Kaugpöördumine esemevõrgu seadme poole toimub SSH (vaikeport 22) ja turvalise autentimisega. 
 i. Kaugpöördumine esemevõrgu seadme poole HTTPS protokolli kaudu on lubatav ainult sisevõrgust.",IT-juht,
842dcb20ef18b1386ff37b24e8a9a681,SYS.4.1,SYS.4.1: Esemevõrgu seade üldiselt,3.2,3.2 Põhimeetmed,b40bb5e03f1a9a06cbeee326444e26f4,SYS.4.1.M9,SYS.4.1.M9 Esemevõrgu seadme turvaline kasutuselevõtt,"Vastutaja:  IT-juht 
 Elutsükli etapp:  Käitamine 
   
 a. Iga esemevõrgu seadme jaoks on määratud selle peakasutaja, kes tunneb hästi seadme spetsiifikat. 
 b. Enne esemevõrgu seadme paigaldamist kontrollitakse, kas antud asukohas on täidetud tootja poolt nõutud keskkonnatingimused (sobiv temperatuur, õhuniiskus, elektritoite parameetrid). 
 d. Esemevõrgu seadmed on kaitstud lubamatu füüsilise juurdepääsu eest. Vajadusel kasutatakse IoT seadmete paigutamiseks lukustatavaid seadmekappe. 
 e. Tööotstarbeks mittevajalikud pääsuõigused esemevõrgu seadmetele on keelatud. 
 f. Kui pääsuõigusi ei saa piisavalt piirata esemevõrgu seadmetes, kitsendatakse pääsuõigusi kohtvõrgu tasemel.",IT-juht,
842dcb20ef18b1386ff37b24e8a9a681,SYS.4.1,SYS.4.1: Esemevõrgu seade üldiselt,3.3,3.3 Standardmeetmed,f713347356411ee0026001ec677b9bad,SYS.4.1.M7,SYS.4.1.M7 Esemevõrgu seadmete kasutuselevõtu kava,"Vastutaja:  IT-juht 
 Elutsükli etapp:  Kavandamine 
   
 a. On koostatud esemevõrgu seadmete kasutuselevõtu kava, mis sisaldab vähemalt järgmist: 
 
 esemevõrgu otstarve ja teenused; 
 töödeldatavad andmed (sh isikuandmed); 
 kasutuskohad ja kasutusviis; 
 autentimise vajadus ja tüüp; 
 seadmete haldus; 
 võrguühendused ja võrguteenused; 
 logimine; 
 turvamehhanismid.",IT-juht,
842dcb20ef18b1386ff37b24e8a9a681,SYS.4.1,SYS.4.1: Esemevõrgu seade üldiselt,3.3,3.3 Standardmeetmed,9037a8bee8ea8fb9591fd6e78c9d2ed0,SYS.4.1.M8,SYS.4.1.M8 Esemevõrgu seadmete hankimise kriteeriumid,"Vastutaja:  Hankejuht 
 Elutsükli etapp:  Kavandamine 
   
 a. Esemevõrgu seadmete hankimisse on kaasatud infoturbejuht. 
 b. Hankimisel lähtutakse esemevõrgu seadmete kasutuselevõtu kavast. 
 c. Enne IoT-seadmete ostmist selgitatakse välja turvanõuded, millele seadmed peavad vastama ning kasutatakse neid turul saadaolevate toodete hindamiseks. Muuhulgas võrreldakse tooteid järgmiste kriteeriumite põhjal: 
 
 füüsiline kaitstus keskkonnaohtude ja rünnete eest; 
 tõrke- ja töökindlus; 
 vastavus asjakohastele standarditele ja tavadele; 
 süsteemiarhitektuur; 
 tarkvara ja selle turvamehhanismid (sideprotokollid, õiguste haldus, logimine, alarmid jms); 
 seadme tarkvara uuenduste saadavus ja paigaldusmeetodid (nt  over-the-air , OTA).",IT-juht,
842dcb20ef18b1386ff37b24e8a9a681,SYS.4.1,SYS.4.1: Esemevõrgu seade üldiselt,3.3,3.3 Standardmeetmed,ebc9d21b5d1b53dbf6c38685b9294e42,SYS.4.1.M10,SYS.4.1.M10 Esemevõrgu seadme turvaline install ja seadistus,"Vastutaja:  IT-juht 
 Elutsükli etapp:  Käitamine 
   
 a. Esemevõrgu seadmeid installivad ja seadistavad ainult volitatud isikud (esemevõrgu seadmete eest vastutavad isikud, haldurid või lepingulised teenuseandjad), kes järgivad määratud protseduure. 
 b. Kõik installimis- ja konfigureerimisetapid on dokumenteeritud nii, et pädev kolmas isik suudaks protseduuri dokumentatsiooni põhjal läbi viia. 
 c. Esemevõrgu seadme algseadistuses muudetakse vähemalt järgnevat: 
 
 muudetakse vaikeparoolid; 
 seatakse kasutajate ja haldurite õigused; 
 seadistatakse pääs välisvõrku ja juurdepääs olulistele välisteenustele; 
 blokeeritakse andmete saatmine valmistajale või tarnijale. 
 
 d. Esemevõrgu seadmete konfiguratsioon on vastav kasutuseesmärgile ja turvapoliitika nõuetele. 
 e. Võimalusel ühendatakse esemevõrgu seadmed andmesidevõrguga alles pärast installimise ja konfigureerimise lõpuleviimist. 
 f. Iga IoT seadme kohta on teada järgmine teave: 
 
 seadme tootja ja mudel; 
 seerianumber; 
 MAC/IMEI kood; 
 Püsivara (ingl  firmware ) ja operatsioonisüsteemi versioon; 
 tootetugi ja selle kestvus; 
 hoolduspartner.",IT-juht,
842dcb20ef18b1386ff37b24e8a9a681,SYS.4.1,SYS.4.1: Esemevõrgu seade üldiselt,3.3,3.3 Standardmeetmed,78ecf157ec7680249d85770fc4a5e5e3,SYS.4.1.M11,SYS.4.1.M11 Esemevõrgu seadmete andmevahetuse krüpteerimine,"Vastutaja:  IT-juht 
 Elutsükli etapp:  Käitamine 
   
 a. Esemevõrgu seadmed vahetavad andmeid krüpteeritult, kasutades ajakohaseid andmevahetusprotokolle. 
 b. Mitteturvalised võrguprotokollid (nt Telnet, FTP, HTTP) on desaktiveeritud. 
 c. Kui seade krüpteeritud andmevahetust ei toeta, kasutatakse võrguliikluse nähtavuse piiramiseks Private VLAN 2 võrgukihi tasemel portide isoleerimist.",IT-juht,
842dcb20ef18b1386ff37b24e8a9a681,SYS.4.1,SYS.4.1: Esemevõrgu seade üldiselt,3.3,3.3 Standardmeetmed,d85777fd2b20df4c82c34a371a034cb3,SYS.4.1.M13,SYS.4.1.M13 Esemevõrgu seadme tarbetute komponentide desaktiveerimine ja desinstall,"Vastutaja:  IT-juht 
 Elutsükli etapp:  Käitamine 
   
 a. Pärast esemevõrgu seadme installi kontrollitakse, millised protokollid, rakendused ja teenused on seadmes paigaldatud ja aktiveeritud. 
 b. Tarbetud protokollid (nt TFTP, Zigbee), teenused (nt SmartThings, Home Assistant), kasutajakontod (nt külaliskontod) ja liidesed (nt  Bluetooth, Firewire ) desaktiveeritakse või desinstallitakse. 
 c. Kui tarbetuid võrguteenuseid ei saa desaktiveerida otse seadmes, kasutatakse teenuste blokeerimiseks tulemüüri. 
 d. Saadaolevate teenuste tegelikku seisu kontrollitakse portide skaneerimisega.",IT-juht,
842dcb20ef18b1386ff37b24e8a9a681,SYS.4.1,SYS.4.1: Esemevõrgu seade üldiselt,3.3,3.3 Standardmeetmed,c7ccbf869f0a2cb798460943c6f0041b,SYS.4.1.M16,SYS.4.1.M16 Kahjurprogrammide tõrje esemevõrgu seadmetes,"Vastutaja:  IT-juht 
 Elutsükli etapp:  Käitamine 
   
 b. Esemevõrgu võrgusektsioone skaneeritakse võimalike kahjurprogrammide tuvastamiseks kokkulepitud sagedusega. 
 c. Kui kahjurprogramm saab olla ainult põhimälus, kõrvaldatakse ta seadme alglaadimisega (see ei välista siiski seadme uuesti nakatumist). 
 d. Kui nakkuse põhjust ei saa kõrvaldada või uut nakatumist ei ole võimalik vältida, kõrvaldatakse nakatatud IoT-seade kasutuselt.",IT-juht,
842dcb20ef18b1386ff37b24e8a9a681,SYS.4.1,SYS.4.1: Esemevõrgu seade üldiselt,3.3,3.3 Standardmeetmed,3035fffd0a6a748b8dd4bd5a57b689de,SYS.4.1.M17,SYS.4.1.M17 Esemevõrgu seadme andmevahetuse seire,"Vastutaja:  IT-juht 
 Elutsükli etapp:  Käitamine 
   
 a. Regulaarselt kontrollitakse, milliste IT-süsteemidega esemevõrgu seadmed andmeid vahetavad, mis protokolli kaudu proovisid esemevõrgu seadmed ühenduda ja kas neid ühendusi lubati või blokeeriti. 
 c. IoT-seadmete andmeliiklust skaneeritakse passiivselt, järgides seadmetootjate poolt antud soovitusi.",IT-juht,
842dcb20ef18b1386ff37b24e8a9a681,SYS.4.1,SYS.4.1: Esemevõrgu seade üldiselt,3.3,3.3 Standardmeetmed,e504463719f69b22eaf948b42a21fa57,SYS.4.1.M18,SYS.4.1.M18 Esemevõrgu seadme turvasündmuste logimine,"Vastutaja:  IT-juht 
 Elutsükli etapp:  Käitamine 
   
 a. Turvasündmused logitakse automaatselt. Kui logimine pole esemevõrgu seadmete enda kaudu võimalik, kasutatakse ruuterite või teiste IT-süsteemide logimismehhanisme. 
 b. Sõltuvalt tehnilistest võimalustest logitakse vähemalt järgnevad turvasündmused: 
 
 seadme restartimine; 
 seadme autentimisvead, sh eelisõiguste omandamise katsed; 
 süsteemi tõrked; 
 konfiguratsioonimuudatused. 
 
 d. IoT seadme logidele on juurdepääs üksnes määratud isikutel.",IT-juht,
842dcb20ef18b1386ff37b24e8a9a681,SYS.4.1,SYS.4.1: Esemevõrgu seade üldiselt,3.3,3.3 Standardmeetmed,c7dc52cee9d0b37c5b251da81a8948bc,SYS.4.1.M19,SYS.4.1.M19 Esemevõrgu seadme haldusliidese turve,"Vastutaja:  IT-juht 
 Elutsükli etapp:  Käitamine 
   
 a. Esemevõrgu seadmete halduses järgitakse turvapoliitikas kinnitatud haldusmeetodeid. 
 b. Kaughaldusliidesele on juurdepääs selleks määratud IT-süsteemist või võrgusegmendist. 
 c. Esemevõrgu seadmete halduseks kasutatakse eelistatult lokaalseid haldusliideseid. 
 d. Haldusseansile on seatud automaatne sessiooni ajalõpp. 
 e. Esemevõrgu seadmete kaughaldusliides ei ole internetist otse juurdepääsetav, vajadusel kasutatakse hüppeserverit. 
 f. Tootja hallatav kaugjuurdepääs (ingl  vendor proxy ) esemevõrgu seadmele on vaikimisi keelatud. Juurdepääs tootjadomeenidele/portidele avatakse vajaduse korral ja ajutiselt.",IT-juht,
842dcb20ef18b1386ff37b24e8a9a681,SYS.4.1,SYS.4.1: Esemevõrgu seade üldiselt,3.3,3.3 Standardmeetmed,168717c8917202a04347c506d0a35989,SYS.4.1.M20,SYS.4.1.M20 Esemevõrgu seadme korrakohane kasutuselt kõrvaldamine,"Vastutaja:  IT-juht 
 Elutsükli etapp:  Kõrvaldamine 
   
 b. Enne esemevõrgu seadme kasutuselt kõrvaldamist varundatakse seadmes olevad andmed ja kustutatakse tundlik teave. 
 c. IoT-seadmete kasutusest kõrvaldamiseks luuakse kontrollnimekiri, mis sisaldab vähemalt vajalikke andmete varundamise ja turvalise kustutamise aspekte; muuhulgas arvestatakse andmeid, mis olid salvestatud pilve või irdandmekandjale. 
 d. Kõrvaldatava seadmega seotud õigused, lingid ja viited eemaldatakse vastavalt vajadusele.",IT-juht,
842dcb20ef18b1386ff37b24e8a9a681,SYS.4.1,SYS.4.1: Esemevõrgu seade üldiselt,3.4,3.4 Kõrgmeetmed,a11960c6a6140d029f66b3ef4fa728ca,SYS.4.1.M21,SYS.4.1.M21 Esemevõrgu seadme kõrgkäideldavuse tagamine,"Vastutaja:  IT-juht 
 Elutsükli etapp:  Käitamine 
 Turvakomponent:  A 
   
 b. Esemevõrgu seadmed on kaitstud varguse, purustamise ja manipuleerimise eest täiendavate turvamehhanismidega (nt seadme tugevdatud korpus). 
 c. Kui seadmel on sisemine toiteallikas, kontrollitakse selle toimimist regulaarselt. Vajadusel aku laetakse või vahetatakse. 
 d. On rakendatud pidev esemevõrgu seadmete seire. Määratud piirnäitajate ületamisel teavitatakse seadme haldureid viivitamatult. 
 e. Pidevalt on varus eelseadistatud varuseade või on loodud seadmetest klaster, kus ühe seadme väljalangemine ei ohusta terve süsteemi käideldavust.",IT-juht,
842dcb20ef18b1386ff37b24e8a9a681,SYS.4.1,SYS.4.1: Esemevõrgu seade üldiselt,3.4,3.4 Kõrgmeetmed,d33360725a86890ed3314928f37751d7,SYS.4.1.M23,SYS.4.1.M23 Esemevõrgu seadmete turvatestimine,"Vastutaja:  IT-juht 
 Elutsükli etapp:  Käitamine 
 Turvakomponent:  C; I; A 
   
 a. Turvakriitilises valdkonnas on kõik esemevõrgu seadmed läbinud kasutuselevõtueelse turvaauditi ja -testimise.",IT-juht,
5e41902cd0186f8b231db8f2c8f82333,SYS.5.5,SYS.5.5: Kellaserveri teenus,3.2,3.2 Põhimeetmed,952a0aa134d83664ab8cff2ea081099d,SYS.5.5.M3,SYS.5.5.M3 NTP-serveri turvaline konfigureerimine,"Vastutaja:  IT-juht 
 Elutsükli etapp:  Käitamine 
   
 a. NTP-serveri konfiguratsiooniteavet saavad küsida ainult volitatud NTP-kliendid. 
 b. NTP-serveri konfiguratsiooni muutmine on lubatud ainult volitatud kasutajatel ning selgesõnaliselt määratletud juhtudel. 
 c. Organisatsioonisisese täpse kellaja allika puudumisel on võrgusisene NTP-server konfigureeritud saama regulaarset ja täpset ajateavet väliselt NTP-serverilt.",IT-juht,
5e41902cd0186f8b231db8f2c8f82333,SYS.5.5,SYS.5.5: Kellaserveri teenus,3.3,3.3 Standardmeetmed,2323ba4b31e9763a343b0b76fbcbc773,SYS.5.5.M1,SYS.5.5.M1 NTP-serveri teenuse osutamise kavandamine,"Vastutaja:  IT-juht 
 Elutsükli etapp:  Kavandamine 
   
 a. Organisatsioon on kaardistanud täpset ajateavet vajavad IT-süsteemid ja dokumenteerinud IT-süsteemide nõuded ajateabe täpsuse ja kättesaadavuse osas. 
 b. NTP ( Network Time Protocol ) kasutuselevõtul on dokumenteeritud, milliseid NTP-servereid ja milliste NTP-klientide poolt kasutatakse. 
 c. On määratud, kas NTP-serverid töötavad klient-server või leviedastusrežiimis (ingl  Broadcast Mode ).",IT-juht,
5e41902cd0186f8b231db8f2c8f82333,SYS.5.5,SYS.5.5: Kellaserveri teenus,3.3,3.3 Standardmeetmed,d941c9894ef68f8f0f09e534c77154e4,SYS.5.5.M5,SYS.5.5.M5 NTP-serveri käitamine klient-server režiimis,"Vastutaja:  IT-juht 
 Elutsükli etapp:  Käitamine 
   
 a. NTP-serverid on konfigureeritud suhtluseks klient-server režiimis. 
 b. NTP-server edastab ajateavet ainult vastustena aktiivsete NTP-klientide päringutele.",IT-juht,
5e41902cd0186f8b231db8f2c8f82333,SYS.5.5,SYS.5.5: Kellaserveri teenus,3.3,3.3 Standardmeetmed,33d19b59b299c63c63091a81ff4cc76a,SYS.5.5.M6,SYS.5.5.M6 Organisatsiooni poolt hallatavate NTP-serverite seire,"Vastutaja:  IT-juht 
 Elutsükli etapp:  Käitamine 
   
 a. Organisatsiooni arvutivõrgus asuvate NTP-serverite käideldavust, ressursikasutust ja kellaaja korrektsust seiratakse regulaarselt. 
 b. NTP-serverina toimiva IT-seadme puhul logitakse vähemalt järgmist: 
 
 ootamatud taaskäivitused; 
 NTP-teenuse ootamatud taaskäivitused; 
 NTP-teenuse tõrked; 
 anomaalsed ajateabe näidud. 
 
 c. NTP-serveri töötamisel leviedastusrežiimis (ingl  Broadcast Mode ) seiratakse ajateabe hälvete avastamiseks täiendavalt NTP-klientide kellaaja õigsust.",IT-juht,
5e41902cd0186f8b231db8f2c8f82333,SYS.5.5,SYS.5.5: Kellaserveri teenus,3.4,3.4 Kõrgmeetmed,7a2ea20b19c9bf7f0c57d4e7546f6aec,SYS.5.5.M9,SYS.5.5.M9 Erinevate täpse ajateabe allikate kasutamine,"Vastutaja:  IT-juht 
 Elutsükli etapp:  Käitamine 
 Turvakomponent:  A 
   
 a. Organisatsioon kasutab oma arvutivõrgus rohkem kui ühte  Stratum 1  NTP-serverit. 
 b. Iga  Stratum 1  NTP-server on primaarse ja täpse kellaaja saamiseks otse ühendatud sõltumatu riistvaralise ( Stratum 0 ) ajateabe allikaga (nt GPS- või raadiokellaga).",IT-juht,
5e41902cd0186f8b231db8f2c8f82333,SYS.5.5,SYS.5.5: Kellaserveri teenus,3.4,3.4 Kõrgmeetmed,ef1aecada5697aecfd89c2b54a62da28,SYS.5.5.M13,SYS.5.5.M13 NTP-serverite autentsuse tagamine,"Vastutaja:  IT-juht 
 Elutsükli etapp:  Käitamine 
 Turvakomponent:  I 
   
 a. NTP-server veendub enne andmevahetust teise NTP-serveriga selle autentsuses ning aktsepteerib ainult autenditud NTP-serverilt saadud ajateavet.",IT-juht,
2581dfd9a125993a31622c73e8287c32,SYS.5.6,SYS.5.6: Domeeninimesüsteem,3.2,3.2 Põhimeetmed,559bc165ab8d7c335caa89d1af181dcb,SYS.5.6.M1,SYS.5.6.M1 DNSi rakendamise kava,"Vastutaja:  IT-juht 
 Elutsükli etapp:  Kavandamine 
   
 a. DNSi rakendamise kavandamisel on otsustatud ja dokumenteeritud: 
 
 DNS teenuse arhitektuur; 
 kaitstav domeeniinfo; 
 DNS-serverite integreerimine IT-süsteemidega; 
 DNS-teenuse haldusega seotud rollid.",IT-juht,
2581dfd9a125993a31622c73e8287c32,SYS.5.6,SYS.5.6: Domeeninimesüsteem,3.2,3.2 Põhimeetmed,e4779dec660a75a5a25e4bf1503cf2ef,SYS.5.6.M2,SYS.5.6.M2 DNS-serveri dubleerimine,"Vastutaja:  IT-juht 
 Elutsükli etapp:  Käitamine 
   
 a. DNSi infot kuulutav server on dubleeritud vähemalt ühe DNS-serveriga.",IT-juht,
2581dfd9a125993a31622c73e8287c32,SYS.5.6,SYS.5.6: Domeeninimesüsteem,3.2,3.2 Põhimeetmed,214dca014b596bc4c4e35fcb65b93cb6,SYS.5.6.M4,SYS.5.6.M4 DNS-serveri turvaline aluskonfiguratsioon,"Vastutaja:  IT-juht 
 Elutsükli etapp:  Käitamine 
   
 a. Sisevõrku teenindav DNS-server on konfigureeritud töötlema ainult sisevõrgust saadetud päringuid. 
 d. Tsooniinfo edastamine on lubatud üksnes primaarserveri ja sekundaarserveri(te) vahel. 
 e. DNS-serveri toote versiooninumber on varjatud. 
 f. DNS-serverite vahel on võimalik ainult DNS-liiklus. 
 g. Kõik muudatused DNS-serveri konfiguratsioonis dokumenteeritakse.",IT-juht,
2581dfd9a125993a31622c73e8287c32,SYS.5.6,SYS.5.6: Domeeninimesüsteem,3.2,3.2 Põhimeetmed,75b35142a70b657c8dc2a77a824865ac,SYS.5.6.M5,SYS.5.6.M5 DNS-serveri turvaline haldus,"Vastutaja:  IT-juht 
 Elutsükli etapp:  Käitamine 
   
 a. Vigast domeeniinfot edastavatele DNS-serveritele juurdepääs blokeeritakse. 
 c. Kui domeeninime haldab väline teenuseandja, avaldatakse talle ainult minimaalne vajalik domeeniinfo. 
 d. DNS-serveri halduseks vajalik juurdepääs on ainult selleks volitatud isikutel.",IT-juht,
2581dfd9a125993a31622c73e8287c32,SYS.5.6,SYS.5.6: Domeeninimesüsteem,3.2,3.2 Põhimeetmed,3fc6670ddc8891c8e76d38653167a6fd,SYS.5.6.M6,SYS.5.6.M6 Dünaamiliste DNS-uuendite turve,"Vastutaja:  IT-juht 
 Elutsükli etapp:  Käitamine 
   
 a. Domeeniinfot sise-DNS-serverites saavad muuta ainult selleks volitatud IT-süsteemid. 
 b. On määratud, millist domeeniinfot saavad IT-süsteemid muuta.",IT-juht,
2581dfd9a125993a31622c73e8287c32,SYS.5.6,SYS.5.6: Domeeninimesüsteem,3.2,3.2 Põhimeetmed,ca19e92d4814420c25ebe0a23d2d4d04,SYS.5.6.M7,SYS.5.6.M7 DNS-serveri seire,"Vastutaja:  IT-juht 
 Elutsükli etapp:  Käitamine 
   
 a. DNS-serveri jõudlust seiratakse pidevalt tõrgete või anomaaliate avastamiseks. 
 c. DNS-serveris logitakse vähemalt järgmisi turvasündmusi: 
 
 ebaõnnestunud DNS-päringud; 
 EDNS (ingl  Extension Mechanisms for DNS ) vead; 
 kehtetud ja ebaõnnestunud tsoonitransaktsioonid.",IT-juht,
2581dfd9a125993a31622c73e8287c32,SYS.5.6,SYS.5.6: Domeeninimesüsteem,3.2,3.2 Põhimeetmed,2ee9a9aa6435916480fc3c1c475d659f,SYS.5.6.M8,SYS.5.6.M8 Domeeninimede haldus,"Vastutaja:  IT-juht 
 Elutsükli etapp:  Käitamine 
   
 a. Organisatsiooni domeenide registreeringuid on regulaarselt ja aegsasti pikendatud. 
 b. On määratud Interneti domeeninimede halduse eest vastutav töötaja. 
 c. Organisatsioonil on kontroll enda registreeritud domeenide üle ka siis, kui domeenihalduseks kasutatakse teenuseandjat.",IT-juht,
2581dfd9a125993a31622c73e8287c32,SYS.5.6,SYS.5.6: Domeeninimesüsteem,3.2,3.2 Põhimeetmed,1e2fd75f5b4def5263ccc3668da1abe7,SYS.5.6.M19,SYS.5.6.M19 DNS-serveri turvaline kasutuselt kõrvaldamine,"Vastutaja:  IT-juht 
 Elutsükli etapp:  Kõrvaldamine 
   
 a. Isemajutatud DNS-serveri kasutuselt kõrvaldamisel kustutatakse andmed serveri andmekandjad turvaliselt. 
 b. DNS-serveri kõrvaldamisel kustutatakse vastava serveri nimi ja IP-aadress kõigist konfiguratsioonifailidest nii organisatsioonis kui teenuseandjate juures.",IT-juht,
2581dfd9a125993a31622c73e8287c32,SYS.5.6,SYS.5.6: Domeeninimesüsteem,3.2,3.2 Põhimeetmed,56e38172206f663aab95648af93796bf,SYS.5.6.M22,SYS.5.6.M22 DNS-teenuste sidumine mitme tarnijaga,"Vastutaja:  IT-juht 
 Elutsükli etapp:  Käitamine 
   
 a. Domeeninime registreerimisel on määratud vähemalt kaks välisvõrgu DNS-nimeserverit (primaarne ja sekundaarne). 
 b. Primaarne ja sekundaarne DNS-server asuvad eri võrkudes ja on ühendatud erinevate teenuseandjate kaudu.",IT-juht,
2581dfd9a125993a31622c73e8287c32,SYS.5.6,SYS.5.6: Domeeninimesüsteem,3.3,3.3 Standardmeetmed,f23f8f1a76cde36f67b6893ca87de228,SYS.5.6.M3,SYS.5.6.M3 Eraldi DNS-serverid sise- ja välispäringutele,"Vastutaja:  IT-juht 
 Elutsükli etapp:  Käitamine 
   
 a. DNSi infot kuulutav server (ingl  DNS advertiser ) ja DNSi infot lahendav server e. DNS-resolver (ingl  DNS resolver ) on eraldiseisvates serverites. 
 b. Sisemised IT-süsteemid kasutavad nimeteisenduseks organisatsioonisiseseid DNS-resolvereid.",IT-juht,
2581dfd9a125993a31622c73e8287c32,SYS.5.6,SYS.5.6: Domeeninimesüsteem,3.3,3.3 Standardmeetmed,6f6418ae68f20fa644fd3df88f268225,SYS.5.6.M9,SYS.5.6.M9 DNS-serveri avariikava,"Vastutaja:  IT-juht 
 Elutsükli etapp:  Kavandamine 
   
 a. DNS-serveri jaoks on koostatud avariikava, mis on kooskõlas organisatsiooni olemasolevate avariikavade ja jätkusuutlikkusplaaniga. 
 b. Avariikava sisaldab tsooni- ja konfiguratsioonifailide varunduse protseduuri, mis on integreeritud organisatsiooni olemasolevasse andmevarunduse kontseptsiooni. 
 c. Avariikava sisaldab ka DNS-serveri toibumisplaani. 
 d. Avariikava teostatavust on testitud.",IT-juht,
2581dfd9a125993a31622c73e8287c32,SYS.5.6,SYS.5.6: Domeeninimesüsteem,3.3,3.3 Standardmeetmed,27278d39b7083abfd2e9e8ca05637cc0,SYS.5.6.M12,SYS.5.6.M12 DNS-over-HTTPS protokolli kasutamine,"Vastutaja:  IT-juht 
 Elutsükli etapp:  Käitamine 
   
 a. Organisatsioonisiseseks nimeteisenduseks kasutatav DNS-teenus toetab DNS-over-HTTPS protokolli. 
 b. Kui DNS-over-HTTPS on kasutusele võetud, on see brauserites sisse lülitatud. 
 d. DNS-over-HTTPS toimib kooskõlas kasutuselevõetud SIEM ja DNS-filtreerimise lahendustega.",IT-juht,
2581dfd9a125993a31622c73e8287c32,SYS.5.6,SYS.5.6: Domeeninimesüsteem,3.3,3.3 Standardmeetmed,6048d2d109868d9ba58340039469ff54,SYS.5.6.M13,SYS.5.6.M13 Domeeniteabe nähtavuse piiramine,"Vastutaja:  IT-juht 
 Elutsükli etapp:  Käitamine 
   
 a. Sama domeeninime kasutamisel on domeeni nimeruum selgelt jaotatud avalikuks ja organisatsioonisiseseks osaks. 
 b. Avalik osa sisaldab ainult sellist domeeniinfot, mida on vaja väljast juurdepääsetavate teenuste jaoks. 
 c. Avalikku IP-aadressi omavate sisevõrgu IT-süsteemide sisemisi DNS-nimesid ei saa välisvõrgust lahendada.",IT-juht,
2581dfd9a125993a31622c73e8287c32,SYS.5.6,SYS.5.6: Domeeninimesüsteem,3.3,3.3 Standardmeetmed,d588fbc98b5a4e20064b3c565c682707,SYS.5.6.M15,SYS.5.6.M15 Logiandmete analüüs,"Vastutaja:  IT-juht 
 Elutsükli etapp:  Käitamine 
   
 a. DNS-serveri ja selle operatsioonisüsteemi logifaile kontrollitakse ja analüüsitakse regulaarselt. 
 b. Analüüsitakse vähemalt järgmisi logiandmeid: 
 
 DNS-päringute arv; 
 ebaõnnestunud DNS-päringute arv ja vigade põhjused; 
 ebaõnnestunud DNS-päringute suhtarv ja selle dünaamika; 
 ebaõnnestunud tsoonitransaktsioonide põhjused.",IT-juht,
2581dfd9a125993a31622c73e8287c32,SYS.5.6,SYS.5.6: Domeeninimesüsteem,3.3,3.3 Standardmeetmed,6658fde09eed733978eb14ccf1abb4ba,SYS.5.6.M17,SYS.5.6.M17 Protokollilaienduse DNSSEC rakendamine,"Vastutaja:  IT-juht 
 Elutsükli etapp:  Kavandamine 
   
 a. Kõigis avalikku võrku suunatud DNS-serverites on aktiveeritud DNS-i protokollilaiendus DNSSEC. 
 b. Võtmesigneerimisvõtmeid (ingl  Key Signing Key,  KSK) ja tsoonisigneerimisvõtit (ingl  Zone Signing Key , ZSK) hallatakse turvaliselt ning vahetatakse regulaarselt või võtme paljastumisel.",IT-juht,
2581dfd9a125993a31622c73e8287c32,SYS.5.6,SYS.5.6: Domeeninimesüsteem,3.3,3.3 Standardmeetmed,f061b7d650898aa882e5ed0d2a15adda,SYS.5.6.M18,SYS.5.6.M18 Tsoonitransaktsiooni turbe tugevdamine,"Vastutaja:  IT-juht 
 Elutsükli etapp:  Käitamine 
   
 a. Tsoonitransaktsiooni turbeks kasutatakse transaktsioonisignatuure (ingl  Transaction Signatures,  TSIG).",IT-juht,
2581dfd9a125993a31622c73e8287c32,SYS.5.6,SYS.5.6: Domeeninimesüsteem,3.4,3.4 Kõrgmeetmed,b3bd9be961d0eb19290777adc211e03d,SYS.5.6.M21,SYS.5.6.M21 DNS-primaarserveri peitmine,"Vastutaja:  IT-juht 
 Elutsükli etapp:  Käitamine 
 Turvakomponent:  C; I; A 
   
 a. DNSi infot kuulutav välisvõrgu primaarserver kasutab primaaripeite (ingl  Hidden Master ) võtet.",IT-juht,
d96fa5cc95469e0773dd1b7daac3baff,SYS.4.2,SYS.4.2: Printer ja kontorikombain,3.2,3.2 Põhimeetmed,e612628ce6686c820a2c57c0fb85a3d7,SYS.4.2.M1,SYS.4.2.M1 Printerite ja kontorikombainide rakendamise kava,"Vastutaja:  IT-juht 
 Elutsükli etapp:  Kavandamine 
   
 a. Organisatsioon on koostanud ja dokumenteerinud printerite ja kontorikombainide rakendamise kava, mis määrab: 
 
 millised on printerite ja kontorikombainide vajalikud funktsioonid ja tootlus; 
 kas printerid ja kontorikombainid ostetakse või renditakse; 
 kas kasutatakse lokaalseid või võrgustatud seadmeid; 
 kuidas korraldatakse printerite ja kontorikombainide hooldust ja kulumaterjalidega varustamist; 
 kuidas korraldatakse kasutajate ja haldajate koolitus.",IT-juht,
d96fa5cc95469e0773dd1b7daac3baff,SYS.4.2,SYS.4.2: Printer ja kontorikombain,3.2,3.2 Põhimeetmed,e6057491236c114ffbe8be343967e668,SYS.4.2.M2,SYS.4.2.M2 Printeri ja kontorikombaini füüsilise juurdepääsu piiramine,"Vastutaja:  IT-juht 
 Elutsükli etapp:  Käitamine 
   
 a. Ühiskasutatavad printerid ja kontorikombainid on paigutatud asukohtadesse, kus töötamine seadmega on teistele töötajatele märgatav ja kus ei käi ilma saatjata külalisi. 
 c. Printerite ja kontorikombainide konfigureerimine juhtpaneeli ja veebiserveri kaudu on paroolikaitsega.",IT-juht,
d96fa5cc95469e0773dd1b7daac3baff,SYS.4.2,SYS.4.2: Printer ja kontorikombain,3.2,3.2 Põhimeetmed,4b57888801c4971c0e2eb71acfb1e017,SYS.4.2.M5,SYS.4.2.M5 Printerite ja kontorikombainide turvalise kasutamise juhend,"Vastutaja:  IT-juht 
 Elutsükli etapp:  Kavandamine 
   
 a. Organisatsioon on koostanud printerite ja kontorikombainide turvalise kasutamise juhendi, mis sisaldab vähemalt järgmist: 
 
 kuidas tuleb end seadme kasutamiseks autentida (juhul kui seda funktsiooni kasutatakse); 
 kohustus prinditud dokumendi koheseks eemaldamiseks või hävitamiseks; 
 kuidas kasutada seadme mälu ja erifunktsioone; 
 kuidas käituda tehniliste probleemide ja rikete korral. 
 
 d. Olulisemad juhised on vormistatud printerite ja kontorikombainide juures nähtava teabelehena.",IT-juht,
d96fa5cc95469e0773dd1b7daac3baff,SYS.4.2,SYS.4.2: Printer ja kontorikombain,3.3,3.3 Standardmeetmed,f0f65697cc7bed4e5fecffdc17a6586d,SYS.4.2.M4,SYS.4.2.M4 Printerite ja kontorikombainide turvanõuded,"Vastutaja:  Infoturbejuht 
 Elutsükli etapp:  Kavandamine 
   
 a. Organisatsioon on kehtestanud printerite ja kontorikombainide turvanõuded, mis sisaldavad vähemalt järgmist: 
 
 printerite ja kontorikombainide füüsilise turbe nõuded; 
 võrgustatud seadme võrguspetsiifilised turvanõuded; 
 lubatavad andmeedastusprotokollid ja failivormingud; 
 kuidas on takistatud juurdepääs võõrastele dokumentidele; 
 krüpteerimise kasutamine; 
 tundlike dokumentide printimise ja kopeerimise piirangud; 
 seadmete turvaline kõrvaldamine.",IT-juht,
d96fa5cc95469e0773dd1b7daac3baff,SYS.4.2,SYS.4.2: Printer ja kontorikombain,3.3,3.3 Standardmeetmed,f5f1a5c7397073da980dd541c33175cc,SYS.4.2.M7,SYS.4.2.M7 Printeri ja kontorikombaini turvaline haldus ja hooldus,"Vastutaja:  IT-juht 
 Elutsükli etapp:  Käitamine 
   
 a. Printerite ja kontorikombainide haldust ja hooldust teostavad määratud haldurid ja hooldustehnikud. 
 c. Haldusjuurdepääs printerile või kontorikombainile on võimalik alles pärast kasutaja autentimist (nt parooli või PIN-koodi abil). 
 d. Kaugjuurdepääs on võimalik ainult pärast kasutaja autentimist. 
 e. Ühendused on krüpteeritud (nt HTTPS või SNMPv3 abil). 
 f. Krüpteerimata ühenduste (nt Telnet, FTP) kasutamine halduseks on blokeeritud. 
 g. Kõik printeri või kontorikombaini pordid, mida ei ole vaja printimiseks ja printeri halduseks, on võimalusel blokeeritud. 
 h. Printerite ja kontorikombainide juhtpaneeli kuva kaugseire on lubatud ainult määratud halduritele. 
 i. Printerite ja kontorikombainide liigsed ja tarbetud funktsioonid on desaktiveeritud.",IT-juht,
d96fa5cc95469e0773dd1b7daac3baff,SYS.4.2,SYS.4.2: Printer ja kontorikombain,3.3,3.3 Standardmeetmed,b935bbbf133c8b1b36de4de256912c28,SYS.4.2.M11,SYS.4.2.M11 Printeri ja kontorikombaini võrguühenduse piiramine,"Vastutaja:  IT-juht 
 Elutsükli etapp:  Käitamine 
   
 a. Olenemata seadmete lokaalsest seadistusest on võrguprinterite ja kontorikombainide ühendus välisvõrgust blokeeritud keskses tulemüüris (ingl  firewall ). 
 b. Printserveri kasutamisel on printerite ja kontorikombainidega võimalik ühenduda ainult printserverist ja haldurite tööjaamadest, kust seadmeid konfigureeritakse ja seiratakse. 
 c. Võrguprinterid ja kontorikombainid on paigutatud tööjaamadest eraldatud võrgusegmenti. 
 e. Kui kontorikombaini faksi- ja modemifunktsionaalsus pole vajalik, on lähedalasuvad telefoni pistikupesad telefonijaamast lahti ühendatud või kontorikombaini telefonivõrgu liides seadmest eemaldatud. 
 f. Skaneerimine võrgukettale toimub piiratud õigustega teenusekontot ja SMB3 protokolli kasutades, SMB1 on keelatud. 
 g. Skaneerimistulemi e-posti aadressidele saatmine on lubatud ainult kohalikus domeenis olevatele adressaatidele või valge nimekirja (ingl  whitelist ) alusel. 
 h. Mobiilseadmetest printimine (nt Airprint) on lubatud ainult organisatsiooni keskhalduse all olevatest mobiilseadmetest.",IT-juht,
d96fa5cc95469e0773dd1b7daac3baff,SYS.4.2,SYS.4.2: Printer ja kontorikombain,3.3,3.3 Standardmeetmed,f44bb1f4184e3e284e6aeff3c3ea3d21,SYS.4.2.M15,SYS.4.2.M15 Andmete krüpteerimine printeris ja kontorikombainis,"Vastutaja:  IT-juht 
 Elutsükli etapp:  Käitamine 
   
 a. Kui printer või kontorikombain andmete krüpteerimist võimaldab, on seadme mälus olev informatsioon krüpteeritud. 
 b. Prinditööd edastatakse printerile krüpteerimist võimaldavate protokollide kaudu (TLS/SSL koos IPP protokolliga). Krüpteerimist mittetoetavaid printimisprotokolle (nt Unixi LPR/LPD ja Windowsi SMB/CIFS) ei kasutata.",IT-juht,
d96fa5cc95469e0773dd1b7daac3baff,SYS.4.2,SYS.4.2: Printer ja kontorikombain,3.3,3.3 Standardmeetmed,fdfbcf67481ca6b0caceab0e27c18008,SYS.4.2.M16,SYS.4.2.M16 Printeri ja kontorikombaini seisakuaja vähendamine,"Vastutaja:  IT-juht 
 Elutsükli etapp:  Käitamine 
   
 a. On määratud printerite ja kontorikombainide tõrgetest ja hooldusest tingitud maksimaalne seisakuaeg. 
 b. On määratud printerite ja kontorikombainide kulumaterjalide minimaalne varu. 
 c. Võimalusel hoitakse sageli vajaminevaid varuosi kohalikus laos ja vahetatakse varuosa ilma välist hooldustehnikut kutsumata. 
 d. Kriitilisemate seadmete asenduseks on alati olemas sarnase funktsionaalsusega asendusseade. 
 e. Hoolduslepingutega on tagatud piisavalt kiire reageerimisaeg. Varuosasid on vajadusel võimalik hankida erinevatelt tarnijatelt.",IT-juht,
d96fa5cc95469e0773dd1b7daac3baff,SYS.4.2,SYS.4.2: Printer ja kontorikombain,3.3,3.3 Standardmeetmed,b25217629040de222e0c30fee27c6856,SYS.4.2.M17,SYS.4.2.M17 Ajutiste andmete ja metaandmete turve,"Vastutaja:  IT-juht 
 Elutsükli etapp:  Käitamine 
   
 a. Ajutisi andmeid ja metaandmeid (näiteks prinditööde ja skaneerimisfailide andmed) hoitakse seadmes võimalikult lühiajaliselt. Andmed ei ole kõrvalistele isikutele nähtavad. 
 b. Ajutised andmed ja metaandmed kustutatakse määratud aja möödumisel automaatselt. 
 c. Seadme mälusse salvestatud objektide nimekirja väljastamise funktsioonid on desaktiveeritud.",IT-juht,
d96fa5cc95469e0773dd1b7daac3baff,SYS.4.2,SYS.4.2: Printer ja kontorikombain,3.3,3.3 Standardmeetmed,e9c63ef179ee01d3712888836efde81d,SYS.4.2.M22,SYS.4.2.M22 Prinditud dokumentide kasutuselt kõrvaldamise kord,"Vastutaja:  IT-juht 
 Elutsükli etapp:  Kõrvaldamine 
   
 a. Tarbetute tundlikku teavet sisaldavate dokumentide kõrvaldamiseks on kehtestatud kord. 
 b. Printeri või kontorikombaini läheduses asub paberipurusti või hävitamisele minevate paberdokumentide konteiner.",IT-juht,
d96fa5cc95469e0773dd1b7daac3baff,SYS.4.2,SYS.4.2: Printer ja kontorikombain,3.4,3.4 Kõrgmeetmed,8583a0ce7cb077277290ce3c7dd97853,SYS.4.2.M14,SYS.4.2.M14 Seadme kasutaja täiendav autentimine,"Vastutaja:  IT-juht 
 Elutsükli etapp:  Kavandamine 
 Turvakomponent:  C; I; A 
   
 a. Juurdepääs prinditud või kopeeritud dokumentidele on ainult pääsuõigustega isikutel. 
 b. Kasutatakse ainult keskselt hallatavaid printereid ja kontorikombaine. 
 c. Kasutajad peavad end väljatrüki printerist kättesaamiseks või skanneri kasutamiseks autentima (nt kasutaja pääsukaardiga seotud  Secure-Print  lahenduse abil). 
 d. Autenditud kasutaja saab kasutada ainult talle lubatud funktsioone ning näha ainult enda prinditöid.",IT-juht,
d96fa5cc95469e0773dd1b7daac3baff,SYS.4.2,SYS.4.2: Printer ja kontorikombain,3.4,3.4 Kõrgmeetmed,9c32e72c5d37214e0db4228aec196d48,SYS.4.2.M20,SYS.4.2.M20 Printeri ja kontorikombaini andmestiku täiendav turve,"Vastutaja:  IT-juht 
 Elutsükli etapp:  Käitamine 
 Turvakomponent:  C 
   
 a. Prinditööde nimed prindiserveris on anonüümitud. 
 b. Seadme väliste salvestuskandjate liidesed on blokeeritud. 
 c. Seadme sisemise aadressiraamatu kasutamine on blokeeritud. 
 e. Sissetulevad faksidokumendid ja saatmisteated on kättesaadavad ainult volitatud kasutajatele.",IT-juht,
d96fa5cc95469e0773dd1b7daac3baff,SYS.4.2,SYS.4.2: Printer ja kontorikombain,3.4,3.4 Kõrgmeetmed,0a7686a326ab2ce8dc9bfa92835ad983,SYS.4.2.M21,SYS.4.2.M21 Printeri ja kontorikombaini laiendatud turve,"Vastutaja:  IT-juht 
 Elutsükli etapp:  Käitamine 
 Turvakomponent:  I; A 
   
 a. Printerite ja kontorikombainide turvasätteid kontrollitakse regulaarselt ja vajadusel korrigeeritakse. 
 c. Seadmete buutimismenüüst tehaseseadete lähtestamise võimalus on blokeeritud.",IT-juht,
223d19d0be05eb6d9d764f2e221eda4b,SYS.5.1,SYS.5.1: Serverteenus üldiselt,3.2,3.2 Põhimeetmed,826c0d9814429a29560582717aefd11d,SYS.5.1.M2,SYS.5.1.M2 Üks teenus serveri kohta,"Vastutaja:  IT-juht 
 Elutsükli etapp:  Käitamine 
   
 a. Üldreeglina pakub iga server ainult ühte serveriteenust.",IT-juht,
223d19d0be05eb6d9d764f2e221eda4b,SYS.5.1,SYS.5.1: Serverteenus üldiselt,3.3,3.3 Standardmeetmed,1fd1d90f3b07179e2f2d30c87e4bd80b,SYS.5.1.M20,SYS.5.1.M20 Andmeside rakenduslüüsi vahendusel,"Vastutaja:  IT-juht 
 Elutsükli etapp:  Käitamine 
   
 a. Lõppkasutaja juurdepääs serverteenustele on kaitstud mitmekihiliste võrguturbelahendustega, sh piirava tulemüüri ja vajaduse korral rakenduslüüsidega (ingl  application level gateway ). 
 b. Turvameetmed rajatakse omavahel ühilduvatest ja testitud komponentidest ning dokumenteeritakse nende rakendamine.",IT-juht,
223d19d0be05eb6d9d764f2e221eda4b,SYS.5.1,SYS.5.1: Serverteenus üldiselt,3.3,3.3 Standardmeetmed,8e3ae7aee65c838c178b539475b3047a,SYS.5.1.M22,SYS.5.1.M22 Serverteenuste toibumisplaan,"Vastutaja:  IT-juht 
 Elutsükli etapp:  Kavandamine 
   
 c. Serveril paiknevate teenuste taasteks on koostatud toibumisplaan (ingl  Disaster Recovery Plan ). 
 d. Toibumisplaan sätestab taasteks vajalike paroolide ja krüptovõtmete turvalise kasutamise ja hoiustamise korra. 
 e. Toibumisplaani rakendamist harjutatakse regulaarselt.",IT-juht,
223d19d0be05eb6d9d764f2e221eda4b,SYS.5.1,SYS.5.1: Serverteenus üldiselt,3.3,3.3 Standardmeetmed,b44b906f8cbf1592caccb4f19dda81c8,SYS.5.1.M23,SYS.5.1.M23 Turvakriitiliste rakenduste kapseldamine,"Vastutaja:  IT-juht 
 Elutsükli etapp:  Käitamine 
   
 a. Rakenduste ja operatsioonisüsteemi turvakriitilised andmed (nt autentimis- ja sertifikaadiandmed) on teiste rakenduste või operatsioonisüsteemi komponentide juurdepääsu piiramiseks kapseldatud (ingl  encapsulation ) või isoleeritud omaette täitmiskeskonda (ingl  execution environment ).",IT-juht,
2176451a856f445fa233557c168f18f3,SYS.5.3,SYS.5.3: Andmebaasiserver,3.2,3.2 Põhimeetmed,7f842e2caa10b76aa076c6f8fea988a1,SYS.5.3.M1,SYS.5.3.M1 Andmebaasisüsteemi turvaline haldus,"Vastutaja:  IT-juht 
 Elutsükli etapp:  Käitamine 
   
 a. Organisatsiooni üldise infoturvapoliitika põhjal on koostatud andmebaasisüsteemi turvalise halduse nõuded, sh: 
 
 andmebaasi administraatori (ingl  Database Administrator, DBA ) õiguste piiramine; 
 haldusrollide hajutamine (nt varundust ei tehta DBA õigustes); 
 andmebaasi haldustegevuste logimine. 
 
 b. Andmebaaside halduse valdkonna vastutajad järgivad andmebaaside turvalise halduse nõudeid oma töös.",IT-juht,
2176451a856f445fa233557c168f18f3,SYS.5.3,SYS.5.3: Andmebaasiserver,3.2,3.2 Põhimeetmed,2cad870805396700ab411a2c9eb785fa,SYS.5.3.M3,SYS.5.3.M3 Andmebaasisüsteemi turvalisuse tõstmine,"Vastutaja:  IT-juht 
 Elutsükli etapp:  Käitamine 
   
 a. Andmebaasisüsteemi tugevdamiseks ja ründepinna vähendamiseks kaalutakse järgmiste meetmete rakendamist: 
 
 mittevajaliku funktsionaalsuse blokeerimine; 
 külalis- ja anonüümsete kontode keelamine; 
 potentsiaalselt ohtlike süsteemikäskude kasutuse piiramine; 
 ebaturvaliste võrguprotokollide ja andmevahetusliideste keelamine; 
 tundliku teabe krüpteerimine (nt andmebaasi paroole ei talletata avatekstina); 
 hosti operatsioonisüsteemi turbe tugevdamine. 
 
 b. Tugevdusmeetmete rakendamist ja meetmete ajakohasust kontrollitakse regulaarselt, vajadusel korrigeeritakse kontroll-loendit.",IT-juht,
2176451a856f445fa233557c168f18f3,SYS.5.3,SYS.5.3: Andmebaasiserver,3.2,3.2 Põhimeetmed,f219c382a8c740e5302d6a09c763a79d,SYS.5.3.M4,SYS.5.3.M4 Uute andmebaaside kasutuselevõtu reguleerimine,"Vastutaja:  IT-juht 
 Elutsükli etapp:  Kavandamine 
   
 a. Andmebaaside loomiseks ja kasutuselevõtuks on kehtestatud protseduur, mis sisaldab vähemalt: 
 
 andmebaasi loomise põhjendus; 
 andmete register ja klassifitseerimine; 
 andmebaasi skeem ja arhitektuur; 
 ressursinõuded; 
 testimise ja vastuvõtukriteeriumid. 
 
 b. Teave kasutuselevõetava andmebaasi kohta dokumenteeritakse kokkulepitud kujul.",IT-juht,
2176451a856f445fa233557c168f18f3,SYS.5.3,SYS.5.3: Andmebaasiserver,3.2,3.2 Põhimeetmed,06d208a0a720dc3d517f2134e47e4b4d,SYS.5.3.M9,SYS.5.3.M9 Andmebaasisüsteemi varundamine,"Vastutaja:  IT-juht 
 Elutsükli etapp:  Käitamine 
   
 a. Andmebaasisüsteemi ja selles olevaid andmeid varundatakse regulaarselt. 
 b. Andmebaasisüsteemi varundatakse ka enne uue andmebaasi loomist, kasutades selleks ette nähtud utiliiti. 
 c. Andmebaasi andmete varundamise sagedus on määratud lähtuvalt lubatavast andmekaost (ingl  Recovery Point Objective ).",IT-juht,
2176451a856f445fa233557c168f18f3,SYS.5.3,SYS.5.3: Andmebaasiserver,3.3,3.3 Standardmeetmed,c4e84e68e84a624006275ea27272a460,SYS.5.3.M11,SYS.5.3.M11 Riistvara dimensioneerimine,"Vastutaja:  IT-juht 
 Elutsükli etapp:  Kavandamine 
   
 a. Andmebaasihalduse süsteem installitakse piisava ressursivaruga riistvarale. 
 b. Riistvara dimensioneerimisel on arvestatud eeldatavat nõuete ja mahtude suurenemist plaanitud kasutusaja vältel.",IT-juht,
2176451a856f445fa233557c168f18f3,SYS.5.3,SYS.5.3: Andmebaasiserver,3.3,3.3 Standardmeetmed,38b90383e9a6e59b0cb7a3375fcd66cd,SYS.5.3.M12,SYS.5.3.M12 Andmebaasihalduse süsteemi tüüpkonfiguratsioon,"Vastutaja:  IT-juht 
 Elutsükli etapp:  Käitamine 
   
 a. Andmebaasihalduse süsteemide jaoks on koostatud ühtne tüüpkonfiguratsioon. 
 b. Tüüpkonfiguratsioonist kõrvalekalded kinnitatakse infoturbe juhi poolt ja dokumenteeritakse. 
 c. Andmebaasihalduse tüüpkonfiguratsiooni kontrollitakse ja vajadusel kohandatakse regulaarselt.",IT-juht,
2176451a856f445fa233557c168f18f3,SYS.5.3,SYS.5.3: Andmebaasiserver,3.3,3.3 Standardmeetmed,69c564de4d17f82bf6e84d06d157602c,SYS.5.3.M13,SYS.5.3.M13 Andmebaaside linkimise piiramine,"Vastutaja:  IT-juht 
 Elutsükli etapp:  Käitamine 
   
 a. Andmebaasilinkide (ingl  database links, DB links ) loomise õigused on ainult määratud isikutel. 
 b. Andmebaasilingid on dokumenteeritud ja neid kontrollitakse regulaarselt. 
 c. Avalike andmebaasilinkide asemel on eelistatud privaatseid andmebaasilinke (link on kasutatav kasutajakontoga, mille õigustega link loodi).",IT-juht,
2176451a856f445fa233557c168f18f3,SYS.5.3,SYS.5.3: Andmebaasiserver,3.3,3.3 Standardmeetmed,1533274179f3cfcfde1e978013c40795,SYS.5.3.M16,SYS.5.3.M16 Andmebaasiühenduste krüpteerimine,"Vastutaja:  IT-juht 
 Elutsükli etapp:  Käitamine 
   
 a. Andmebaasisüsteem on konfigureeritud kõiki andmebaasiühendusi krüpteerima. 
 b. Krüpteerimisprotseduurid ja krüptomehhanismid vastavad andmebaasis olevate andmete kaitsetarbele.",IT-juht,
2176451a856f445fa233557c168f18f3,SYS.5.3,SYS.5.3: Andmebaasiserver,3.3,3.3 Standardmeetmed,510e7d2b822a6b161b61b1ad009693a0,SYS.5.3.M17,SYS.5.3.M17 Andmete laadimise ja migratsiooni korraldus,"Vastutaja:  IT-juht 
 Elutsükli etapp:  Käitamine 
   
 a. On koostatud protseduurid andmete laadimiseks ja migreerimiseks andmebaasi. 
 b. Pärast laadimist või migreerimist kontrollitakse üleviidud andmete terviklust.",IT-juht,
2176451a856f445fa233557c168f18f3,SYS.5.3,SYS.5.3: Andmebaasiserver,3.3,3.3 Standardmeetmed,c2494e3a3a82cae21711a1999f6620db,SYS.5.3.M18,SYS.5.3.M18 Andmebaasisüsteemi seire,"Vastutaja:  IT-juht 
 Elutsükli etapp:  Käitamine 
   
 a. On määratletud andmebaasihalduse süsteemi turvalise käituse jaoks olulised parameetrid, sündmused ja olekud. 
 b. Rakendusekohased parameetrid, sündmused ja nende läviväärtused kooskõlastatakse rakenduste eest vastutajatega. 
 c. Määratletud parameetreid ja sündmusi seiratakse, neile seatud läviväärtuste ületamisel teavitatakse vastutajaid. 
 d. Andmebaasisüsteemi ressursside puudust on võimalik aegsasti märgata ja lahendada.",IT-juht,
2176451a856f445fa233557c168f18f3,SYS.5.3,SYS.5.3: Andmebaasiserver,3.3,3.3 Standardmeetmed,50fa995b2a3c1a5fb92e5f994acaa0a4,SYS.5.3.M19,SYS.5.3.M19 Mittekvaliteetsete skriptide vältimine,"Vastutaja:  IT-juht 
 Elutsükli etapp:  Käitamine 
   
 a. Andmebaasiskriptide arendamisele rakendatakse tarkvaraarenduse parimaid praktikaid ja kvaliteedikriteeriume. 
 b. Enne andmebaasiskripti kasutamist viiakse läbi funktsionaaltestid, tulemused dokumenteeritakse.",IT-juht,
2176451a856f445fa233557c168f18f3,SYS.5.3,SYS.5.3: Andmebaasiserver,3.3,3.3 Standardmeetmed,b10a410468f8c5e48a310cf6bc1ed207,SYS.5.3.M20,SYS.5.3.M20 Regulaarne läbivaatus,"Vastutaja:  IT-juht 
 Elutsükli etapp:  Käitamine 
   
 a. Regulaarselt kontrollitakse andmebaasisüsteemi iga komponendi turvameetmete rakendamist. 
 b. Ülevaatuse käigus kontrollitakse, kas: 
 
 dokumenteeritud seis vastab hetkeseisule; 
 andmebaasihalduse süsteemi konfiguratsioon vastab dokumenteeritud tüüpkonfiguratsioonile; 
 andmebaasiskriptid vastavad organisatsiooni kvaliteedistandardile; 
 andmebaasihalduse süsteemi logisündmustele on reageeritud.",IT-juht,
2176451a856f445fa233557c168f18f3,SYS.5.3,SYS.5.3: Andmebaasiserver,3.4,3.4 Kõrgmeetmed,04c2479e743ef0e894d75c10299db687,SYS.5.3.M21,SYS.5.3.M21 Spetsialiseeritud turvatooted,"Vastutaja:  IT-juht 
 Elutsükli etapp:  Kavandamine 
 Turvakomponent:  C; I 
   
 a. Andmebaaside kaitseks kasutatakse täiendavaid turvatooteid, mis võimaldavad: 
 
 koostada andmebaaside turbe aruandlust; 
 lisavõimalusi andmebaasi konfigureerimiseks ja õiguste halduseks; 
 avastada (nt jõurünne kasutajakontole, SQL-süst) ja vältida ründeid; 
 toetada auditi läbiviimist (nt konfiguratsiooni turvalisuse kontrollimiseks).",IT-juht,
2176451a856f445fa233557c168f18f3,SYS.5.3,SYS.5.3: Andmebaasiserver,3.4,3.4 Kõrgmeetmed,76b3660576ba5cd234fbbdf119ea1905,SYS.5.3.M22,SYS.5.3.M22 Andmebaasisüsteemi talitluspidevus,"Vastutaja:  IT-juht 
 Elutsükli etapp:  Käitamine 
 Turvakomponent:  C; I; A 
   
 b. Andmebaasihalduse toibumisplaanis on kirjeldatud taasteprotseduurid, teatamisteed, nõutavad teavitusajad, vajalikud ressursid ja vastutajad. 
 c. Toibumisplaanis on arvestatud kõigi andmebaasist sõltuvate IT-süsteemide vajadustega.",IT-juht,
2176451a856f445fa233557c168f18f3,SYS.5.3,SYS.5.3: Andmebaasiserver,3.4,3.4 Kõrgmeetmed,8889db5b590b9f138c7d3f1c89dea702,SYS.5.3.M23,SYS.5.3.M23 Andmebaaside arhiveerimine,"Vastutaja:  IT-juht 
 Elutsükli etapp:  Käitamine 
 Turvakomponent:  I; A 
   
 a. Andmebaasisüsteemi andmete arhiveerimiseks on koostatud andmebaasisüsteemi arhiveerimisplaan. 
 b. Arhiveerimisplaanis on määratletud arhiveerimise meetodid, arhiveerimisvälbad ja arhiveeritud andmete säilitustähtajad. 
 c. Arhiveeritud andmete taastamist harjutatakse regulaarselt, tulemused dokumenteeritakse.",IT-juht,
2176451a856f445fa233557c168f18f3,SYS.5.3,SYS.5.3: Andmebaasiserver,3.4,3.4 Kõrgmeetmed,6ef0c18fd2a450b01bd02baf5d4b8847,SYS.5.3.M24,SYS.5.3.M24 Krüpteerimine andmebaasis,"Vastutaja:  IT-juht 
 Elutsükli etapp:  Käitamine 
 Turvakomponent:  C 
   
 a. Andmebaasis hoitavad andmed on krüpteeritud. 
 b. Andmebaasi krüpteerimisel on täiendavalt arvestatud järgmiste teguritega: 
 
 mõju sooritusvõimele; 
 võtmehaldusprotsessid ja -meetmete rakendatavus; 
 mõju andmevarundusele ja taastele; 
 mõju funktsionaalsusele, nt sorteerimise kasutamisele.",IT-juht,
2176451a856f445fa233557c168f18f3,SYS.5.3,SYS.5.3: Andmebaasiserver,3.4,3.4 Kõrgmeetmed,6d185bb2a52b2db4524a39e376ef669f,SYS.5.3.M25,SYS.5.3.M25 Andmebaasisüsteemi turvaaudit,"Vastutaja:  IT-juht 
 Elutsükli etapp:  Käitamine 
 Turvakomponent:  C; I; A 
   
 a. Andmebaasisüsteemide turvameetmete rakendamist auditeerib väline sõltumatu osapool. 
 b. Auditi läbiviimisel arvestatakse andmebaasitaristu (nt kataloogiteenuste) ja andmebaasihalduse süsteemi tootespetsiifilisi, tehnilisi ja rakenduslikke aspekte.",IT-juht,
5512f5dc7fe3c2be516487d8eae4d967,SYS.5.8,SYS.5.8: Andmesalvesti,3.2,3.2 Põhimeetmed,bcf55e68c5c79b93a0583905f9043493,SYS.5.8.M1,SYS.5.8.M1 Salvestisüsteemi sobiv paigalduskoht,"Vastutaja:  Haldusjuht 
 Elutsükli etapp:  Käitamine 
   
 a. Salvestisüsteem on paigaldatud serveri- või tehnilise taristu ruumi. 
 b. Salvestisüsteem on ühendatud puhvertoiteallikaga (ingl  Uninterruptible Power Supply , UPS).",IT-juht,
5512f5dc7fe3c2be516487d8eae4d967,SYS.5.8,SYS.5.8: Andmesalvesti,3.2,3.2 Põhimeetmed,06201d30354665bd09636ea386932385,SYS.5.8.M2,SYS.5.8.M2 Salvestilahenduse turvaline aluskonfiguratsioon,"Vastutaja:  IT-juht 
 Elutsükli etapp:  Käitamine 
   
 a. Enne salvestisüsteemi käidukeskkonda paigaldamist on paigaldatud tarkvarakomponentide uuendid ja ajakohastatud riistvarakomponentide püsivara. 
 b. Aluskonfiguratsioonis on kõik vaikeparoolid muudetud ja tarbetud kasutajakontod desaktiveeritud.",IT-juht,
5512f5dc7fe3c2be516487d8eae4d967,SYS.5.8,SYS.5.8: Andmesalvesti,3.3,3.3 Standardmeetmed,eb23f48681bce334192c74de4e1f15d9,SYS.5.8.M9,SYS.5.8.M9 Salvestilahenduse toeleping,"Vastutaja:  IT-juht 
 Elutsükli etapp:  Kavandamine 
   
 b. Salvestilahenduse hoolduspartneriga on sõlmitud teenustasemelepe (ingl  service level agreement , SLA), mis sisaldab salvestilahenduse garantiitingimuste, hoolduse ja remondiga seonduvaid aspekte.",IT-juht,
5512f5dc7fe3c2be516487d8eae4d967,SYS.5.8,SYS.5.8: Andmesalvesti,3.3,3.3 Standardmeetmed,9c08e3c0d08646fa72dc46dbf75ed0c1,SYS.5.8.M11,SYS.5.8.M11 Salvestilahenduse turvaline käitus,"Vastutaja:  IT-juht 
 Elutsükli etapp:  Käitamine 
   
 a. Salvestilahenduse käitamisel jälgitakse pidevalt rakenduste käideldavust, süsteemide koormusnäitajaid ja sündmuseteateid. 
 b. Muudatuste tegemisel salvestilahenduses on määratud kindlad hooldusajad. 
 c. Salvestilahenduse püsivara, operatsioonisüsteemi või võrgukomponentide uuendeid installitakse üksnes eelnevalt kokku lepitud hooldusaegadel.",IT-juht,
5512f5dc7fe3c2be516487d8eae4d967,SYS.5.8,SYS.5.8: Andmesalvesti,3.3,3.3 Standardmeetmed,0ddc149c05f8bd59889a1256cee12bd1,SYS.5.8.M13,SYS.5.8.M13 Salvestilahenduse seire ja haldus,"Vastutaja:  IT-juht 
 Elutsükli etapp:  Käitamine 
   
 a. Salvestusvõrgu (ingl  storage area network , SAN) ressursside jagamine on dokumenteeritud. 
 b. SAN-i ressursijaotust ja tegelikku ressursikulu seiratakse haldusvahenditega.",IT-juht,
5512f5dc7fe3c2be516487d8eae4d967,SYS.5.8,SYS.5.8: Andmesalvesti,3.3,3.3 Standardmeetmed,588229bc2dec9dab2fb5b1cad28947e6,SYS.5.8.M14,SYS.5.8.M14 Salvestusvõrgu  segmentimine,"Vastutaja:  IT-juht 
 Elutsükli etapp:  Kavandamine 
   
 c. Salvestilahenduse võrk on segmenditud turva- ja haldusnõuete põhjal. 
 d. Kehtiv tsoonimiskonfiguratsioon on dokumenteeritud. Dokumentatsioon on kättesaadav ka avarii korral.",IT-juht,
5512f5dc7fe3c2be516487d8eae4d967,SYS.5.8,SYS.5.8: Andmesalvesti,3.3,3.3 Standardmeetmed,ad30c123fa3b6d46435aa0077fcdc919,SYS.5.8.M15,SYS.5.8.M15 Salvestilahenduse tarbijate turvaline lahusus,"Vastutaja:  IT-juht 
 Elutsükli etapp:  Käitamine 
   
 a. Organisatsiooni nõuded salvestilahenduse simultaanteenindusvõimele (ingl  multi-tenancy ) on määratud ja dokumenteeritud. 
 b. Salvestilahendus vastab dokumenteeritud lahususenõuetele. 
 c. Plokksalvestuse puhul on tarbijad üksteisest eraldatud (nt loogilise üksuse numbri, ingl  logical unit number  -LUN, maskimisega). 
 d. Failiteenuseid erinevatele tarbijatele antakse eraldatud virtuaalsete failiserveritega. Iga klientüksuse jaoks on määratud oma failiteenus. 
 e. IP või iSCSI kasutamisel on tarbijad üksteisest lahutatud võrgu segmentimise abil. 
 f. FC (ingl  Fibre Channel,  FC) kasutamisel on eraldatus tagatud virtuaalsete salvestusvõrkudega (ingl  virtual storage area network , VSAN) ja WWN-ide alusel tehtud ""pehme"" tsoonimisega (ingl  soft zoning ).",IT-juht,
5512f5dc7fe3c2be516487d8eae4d967,SYS.5.8,SYS.5.8: Andmesalvesti,3.3,3.3 Standardmeetmed,2019cfdfef26debedfa107824d16c135,SYS.5.8.M16,SYS.5.8.M16 Andmete turvaline kustutamine,"Vastutaja:  IT-juht 
 Elutsükli etapp:  Kõrvaldamine 
   
 a. On koostatud protseduur salvestilahenduse andmete turvaliseks kustutamiseks. 
 b. Simultaanivõimega salvestusvõrkudes kustutatakse viimaks ka tarbijale kinnistatud LUN.",IT-juht,
5512f5dc7fe3c2be516487d8eae4d967,SYS.5.8,SYS.5.8: Andmesalvesti,3.3,3.3 Standardmeetmed,8148025fedf5aba1e6b2fa048f2bd67d,SYS.5.8.M19,SYS.5.8.M19 Salvestisüsteemi kasutuselt kõrvaldamine,"Vastutaja:  IT-juht 
 Elutsükli etapp:  Kõrvaldamine 
   
 a. Enne salvestisüsteemi kõrvaldamist migreeritakse kõik salvestamist vajavad andmed. 
 b. Migreerimiseks on olemas dokumenteeritud ja testitud siirdeprotseduur. 
 c. Kõrvaldatavast salvestisüsteemist kustutatakse turvaliselt kõik kasutaja- ja konfiguratsiooniandmed.",IT-juht,
5512f5dc7fe3c2be516487d8eae4d967,SYS.5.8,SYS.5.8: Andmesalvesti,3.3,3.3 Standardmeetmed,e715ae1216f61588ecc7af6db07125aa,SYS.5.8.M20,SYS.5.8.M20 Salvestilahenduse taastevõimekuse tagamine,"Vastutaja:  IT-juht 
 Elutsükli etapp:  Käitamine 
   
 a. On koostatud salvestilahenduse taasteplaan, mis annab täpsed juhised avariiolukorras tegutsemiseks.",IT-juht,
5512f5dc7fe3c2be516487d8eae4d967,SYS.5.8,SYS.5.8: Andmesalvesti,3.4,3.4 Kõrgmeetmed,9512e909fba92ae6f12294308866d2c9,SYS.5.8.M21,SYS.5.8.M21 Salvestipuuli kasutamine tarbijate lahutamiseks,"Vastutaja:  IT-juht 
 Elutsükli etapp:  Käitamine 
 Turvakomponent:  C; I 
   
 a. Eri tarbijatele jagatakse salvestusruum erinevatest salvestipuulidest (ingl  storage pool ). 
 b. Üks salvestuskandja kuulub ainult ühe salvestipuuli koosseisu. 
 c. Sellisest salvestipuulist genereeritud iga LUN (ingl  Logical Unit Number,  LUN) on määratud ainult ühe tarbija kasutusse.",IT-juht,
5512f5dc7fe3c2be516487d8eae4d967,SYS.5.8,SYS.5.8: Andmesalvesti,3.4,3.4 Kõrgmeetmed,87d1782b98fbf38f0dfa236a24c7834e,SYS.5.8.M22,SYS.5.8.M22 Kõrgkäideldav salvestusvõrk,"Vastutaja:  IT-juht 
 Elutsükli etapp:  Käitamine 
 Turvakomponent:  A 
   
 a. Salvestusvõrgu (SAN) dubleerimismehhanismid ja lahenduse konfiguratsioon tagavad salvestilahenduse kõrge käideldavuse.",IT-juht,
5512f5dc7fe3c2be516487d8eae4d967,SYS.5.8,SYS.5.8: Andmesalvesti,3.4,3.4 Kõrgmeetmed,831ebe97ba443a1b1053f51789c26e40,SYS.5.8.M23,SYS.5.8.M23 Krüpteerimine salvestilahendustes,"Vastutaja:  IT-juht 
 Elutsükli etapp:  Käitamine 
 Turvakomponent:  C; I 
   
 a. Kõik salvestilahenduses talletatavad andmed on krüpteeritud. 
 b. Andmed krüpteeritakse ka andmete edastusel ja varundamisel.",IT-juht,
5512f5dc7fe3c2be516487d8eae4d967,SYS.5.8,SYS.5.8: Andmesalvesti,3.4,3.4 Kõrgmeetmed,49cac05bb3514138d39085f712959e6b,SYS.5.8.M24,SYS.5.8.M24 Salvestusvõrgukanga  tervikluse tagamine,"Vastutaja:  IT-juht 
 Elutsükli etapp:  Käitamine 
 Turvakomponent:  I 
   
 a. Salvestusvõrgukanga (ingl  SAN fabric ) moodustavate võrguseadmete kogumi tervikluse tagamiseks kasutatakse tugevdatud turvaparameetritega protokolle. 
 b. Andmevahetusseansi alustamiseks kasutatakse järgmiseid protokolle: 
 
 Diffie Hellman Challenge Handshake Authentication Protocol  (DH-CHAP); 
 Fibre Channel Authentication Protocol  (FCAP); 
 Fibre Channel Password Authentication Protocol  (FCPAP).",IT-juht,
5512f5dc7fe3c2be516487d8eae4d967,SYS.5.8,SYS.5.8: Andmesalvesti,3.4,3.4 Kõrgmeetmed,aa6da74a63e12508d1c948c21e562180,SYS.5.8.M25,SYS.5.8.M25 Andmete mitmekordne ülekirjutamine kustutamisel,"Vastutaja:  IT-juht 
 Elutsükli etapp:  Käitamine 
 Turvakomponent:  C 
   
 a. Salvestusvõrgukeskkondades kustutatakse andmed loogilise üksuse numbri e. LUN-i (ingl  logical unit number,  LUN) juurde kinnistatud salvestiosade mitmekordse spetsiaalse andmemustriga ülekirjutamise abil.",IT-juht,
5512f5dc7fe3c2be516487d8eae4d967,SYS.5.8,SYS.5.8: Andmesalvesti,3.4,3.4 Kõrgmeetmed,857ca3efe5c82e8c14e1977fb23ad2f2,SYS.5.8.M26,SYS.5.8.M26 Salvestusvõrgu „tugev“ tsoonimine,"Vastutaja:  IT-juht 
 Elutsükli etapp:  Käitamine 
 Turvakomponent:  C; I; A 
   
 a. Salvestusvõrgu segmentimisel kasutatakse kommutaatorite portide eraldamisel põhinevat ""tugevat"" tsoonimist (ingl  hard zoning ).",IT-juht,
78125cbbbd93278548f353a239d66fe0,SYS.5.9,SYS.5.9: Terminaliserver,3.2,3.2 Põhimeetmed,7b8413a591a9877a3352d4fb16cc6dac,SYS.5.9.M1,SYS.5.9.M1 Terminaliserveri turvanõuete kehtestamine,"Vastutaja:  IT-juht 
 Elutsükli etapp:  Kavandamine 
   
 a. Organisatsioon on kehtestanud terminaliserveri turvanõuded, mis käsitlevad vähemalt järgnevaid teemasid: 
 
 terminaliserveritesse installitav tarkvara; 
 terminaliserveris käitatavatele rakendustele esitatavad turvanõuded; 
 turvanõuded klientseadmetele või klienditarkvara kasutavatele tööjaamadele, sh füüsilise turbe nõuded; 
 võrguturve, sh lubatavad andmesideprotokollid ning nõuded kliendi võrgule; 
 klientseadmete ja terminaliserverite vahelised krüpteerimismehhanismid ja autentimismeetodid; 
 lisaks tavapäraste sisend- ja väljundseadmetele klientseadmega täiendavalt ühendatavad välisseadmed.",IT-juht,
78125cbbbd93278548f353a239d66fe0,SYS.5.9,SYS.5.9: Terminaliserver,3.2,3.2 Põhimeetmed,dc74184a78829e1204c08033bba3b079,SYS.5.9.M2,SYS.5.9.M2 Terminaliserveri kasutuselevõtu kavandamine,"Vastutaja:  IT-juht 
 Elutsükli etapp:  Kavandamine 
   
 f. Terminaliserveri riistvara, tarkvara ja käitatavate rakenduste valikul on arvestatud kokkulepitud teenustaset ja samaaegsete terminaliserveri kasutajate eeldatavat hulka.",IT-juht,
78125cbbbd93278548f353a239d66fe0,SYS.5.9,SYS.5.9: Terminaliserver,3.2,3.2 Põhimeetmed,8a775a5db13435d8f92964108f567af0,SYS.5.9.M3,SYS.5.9.M3 Terminaliserveri pääsuõiguste haldus,"Vastutaja:  IT-juht 
 Elutsükli etapp:  Käitamine 
   
 a. Ühiskasutatavaid kontosid võib terminaliserverites kasutada ainult juhul kui sellega ei rikuta sise-eeskirju või tarkvara litsentsitingimusi. Ühiskasutava konto kasutuselevõtuks on vajalik kirjalik ja põhjendatud otsus. 
 b. Terminaliserveris kasutatavatele rakendustele antud pääsuõigused vastavad eelnevalt määratletud terminaliserveri kasutajate rollidele ja volitustele. 
 d. Kõigi järgnevate õiguste vajalikkust on hoolikalt kaalutud: 
 
 rakenduste käitamine eeliskasutaja õigustes; 
 juurdepääs operatsioonisüsteemi spetsiifilistele funktsioonidele; 
 juurdepääs terminaliserveri failisüsteemile; 
 juurdepääs klientarvuti liidestele ja failisüsteemile; 
 juurdepääs terminaliserveri rakenduste käitamist võimaldavatele tugiteenustele; 
 failiedastus klientarvuti ja terminaliserveri vahel (nt kliendi juures printimiseks); 
 klientarvuti välisseadmete ühendamine. 
 
 e. Terminaliserveri rakenduste litsentsiskeemid lubavad rakenduste kasutamist terminaliserverites.",IT-juht,
78125cbbbd93278548f353a239d66fe0,SYS.5.9,SYS.5.9: Terminaliserver,3.2,3.2 Põhimeetmed,bd032c6778c53d25d260c98b6a70a31e,SYS.5.9.M4,SYS.5.9.M4 Terminaliserveri turvaline konfiguratsioon,"Vastutaja:  IT-juht 
 Elutsükli etapp:  Käitamine 
   
 a. Terminaliserverile on kehtestatud ja dokumenteeritud rakenduste turva- ja funktsionaalsusnõuetest lähtuv tüüpkonfiguratsioon. 
 b. Terminaliserveri kasutuselevõtul on arvestatud riist- ja tarkvaratootjate soovitusi terminaliserveri turvaliseks konfigureerimiseks. 
 c. Terminaliserveri tüüpkonfiguratsioonis on arvestatud vähemalt järgmist: 
 
 krüpteerimine ja selle ulatus; 
 terminaliserveri andmevahetusprotokollid ja nende autentimisfunktsioonid; 
 terminaliserveri samaaegsete seansside vaheline andmevahetus; 
 andmevahetus terminaliserveri rakenduste ja terminaliserverist väljapoole jäävate rakenduste vahel; 
 andmevahetus terminaliserveri ja teiste serverite vahel. 
 
 d. Konfiguratsioonide asjakohasust ja nende korrektset rakendamist kontrollitakse regulaarselt.",IT-juht,
78125cbbbd93278548f353a239d66fe0,SYS.5.9,SYS.5.9: Terminaliserver,3.2,3.2 Põhimeetmed,eac00effe67efaabd013c0b0b8b58a76,SYS.5.9.M5,SYS.5.9.M5 Klientseadmetele esitatavad nõuded,"Vastutaja:  IT-juht 
 Elutsükli etapp:  Kavandamine 
   
 a. On määratud, mis klienttarkvara ja millistele terminaliserveritele juurdepääsuks on lubatud kasutada. 
 b. On määratud, millistele tingimustele peavad kliendid vastama, et terminaliserveriga ühenduda. Arvestatakse vähemalt järgmist: 
 
 õhukeste klientide (ingl  thin client ) või paksude klientide (ingl  fat client ) kasutamine; 
 nõuded klientseadme riistvarale; 
 klientseadmes kasutatavad operatsioonisüsteemid.",IT-juht,
78125cbbbd93278548f353a239d66fe0,SYS.5.9,SYS.5.9: Terminaliserver,3.2,3.2 Põhimeetmed,8ffa46b67e14b4232685cc04bfbef62c,SYS.5.9.M6,SYS.5.9.M6 Terminaliserveri võrgulahenduse kavandamine,"Vastutaja:  IT-juht 
 Elutsükli etapp:  Kavandamine 
   
 a. On kehtestatud nõuded andmesidevõrkudele, mille kaudu klient terminaliserveriga ühendub. Nõuetena on määratletud vähemalt järgnev: 
 
 eeldatav samaaegsete terminaliserveri seansside arv; 
 võrgu suutvus (ingl  network capacity ), 
 suurim lubatav paketikadu (ingl  packet loss ); 
 suurim lubatav pakettide edastushilistuse kõikumine (ingl  jitter ); 
 suurim lubatav latentsusaeg (ingl  latency ).",IT-juht,
78125cbbbd93278548f353a239d66fe0,SYS.5.9,SYS.5.9: Terminaliserver,3.2,3.2 Põhimeetmed,63c7c119fad62de4d805599b8b7d6c53,SYS.5.9.M7,SYS.5.9.M7 Terminaliserveri juurdepääsu turve,"Vastutaja:  IT-juht 
 Elutsükli etapp:  Käitamine 
   
 a. Terminaliserverisse on võimalik juurde pääseda ainult selleks otstarbeks lubatud võrkudest. 
 b. Andmesidekanalid on krüpteeritud. Kui terminaliserveri protokollid ei võimalda piisaval turvatasemel krüpteerimist, kaitstakse andmesidekanaleid täiendavate võrguturbemeetmetega. 
 c. Terminalserveri poole pöördumisel avaliku võrgu kaudu on ühenduse loomisel nõutav klientseadme ja terminaliserveri vastastikune autentimine.",IT-juht,
78125cbbbd93278548f353a239d66fe0,SYS.5.9,SYS.5.9: Terminaliserver,3.2,3.2 Põhimeetmed,ac2561c56c11ed6543ea6e8a527b4be2,SYS.5.9.M8,SYS.5.9.M8 Terminaliserveri turvaline määramine võrgusegmenti,"Vastutaja:  IT-juht 
 Elutsükli etapp:  Käitamine 
   
 a. Terminaliserver asub eraldi võrgusegmendis või on paigutatud terminaliserveri kliente sisaldavasse võrgusegmenti. 
 b. Terminaliserver on kättesaadav ainult määratud võrgusegmentidest. 
 c. Terminaliserveri abil ei ole võimalik mööda hiilida organisatsioonis kehtestatud võrkude eraldamise reeglitest.",IT-juht,
78125cbbbd93278548f353a239d66fe0,SYS.5.9,SYS.5.9: Terminaliserver,3.2,3.2 Põhimeetmed,08ddcfe73c17d6448802ccce91f328aa,SYS.5.9.M9,SYS.5.9.M9 Terminaliserveri kasutajate teadlikkuse tõstmine,"Vastutaja:  IT-juht 
 Elutsükli etapp:  Käitamine 
   
 a. Kõiki terminaliserverite kasutajaid on terminaliserverite turvalise kasutamise osas koolitatud. 
 b. Terminaliserveri kasutajaid on koolitatud vähemalt järgmises osas: 
 
 terminaliserveri põhifunktsioonid; 
 sidekvaliteedi mõju terminaliserveri kasutatavusele; 
 andmete võimalikud ja lubatavad salvestuskohad; 
 andmevahetus kliendi ja terminaliserveri vahel (nt lõikepuhvri abil); 
 ressursitarbimise mõju teistele samaaegsetele kasutajatele; 
 rollid ja volitused terminaliserverile juurdepääsuks; 
 kasutajate autentimine terminaliserveri rakendustes; 
 seansi pikim lubatud kestus ja väljalogimise kord (sh kasutajate automaatne väljalogimine).",IT-juht,
78125cbbbd93278548f353a239d66fe0,SYS.5.9,SYS.5.9: Terminaliserver,3.3,3.3 Standardmeetmed,bc05c265a60ac855d71d7feb4f8f2c5a,SYS.5.9.M10,SYS.5.9.M10 Keskne terminaliserveri identiteedi- ja volituste haldus,"Vastutaja:  IT-juht 
 Elutsükli etapp:  Käitamine 
   
 a. Terminaliserveri pääsuõiguste määratlemine ja andmine toimub läbi keskse kasutajaõiguste halduse süsteemi.",IT-juht,
78125cbbbd93278548f353a239d66fe0,SYS.5.9,SYS.5.9: Terminaliserver,3.3,3.3 Standardmeetmed,3aa025b142ea31031732d1fd588da4f1,SYS.5.9.M11,SYS.5.9.M11 Terminaliserveri turvalised kasutajaprofiilid,"Vastutaja:  IT-juht 
 Elutsükli etapp:  Käitamine 
   
 a. Terminaliserveri kasutaja ei saa muuta kasutajakohaseid seadistusi (kasutajaprofiile) määral, mis võiks ohustada terminaliserveri turvalisust või piirata terminaliserveri kasutamist. 
 b. Kasutajaprofiili parameetrid on antud terminaliserveri kasutamiseks sobivad.",IT-juht,
78125cbbbd93278548f353a239d66fe0,SYS.5.9,SYS.5.9: Terminaliserver,3.3,3.3 Standardmeetmed,4ba06998fb75992ee37da78e1a95852b,SYS.5.9.M12,SYS.5.9.M12 Jõudeolekus seansside automaatne lõpetamine,"Vastutaja:  IT-juht 
 Elutsükli etapp:  Käitamine 
   
 a. Terminaliserveri jõudeolekus (e passiivsed) seansid lõpetatakse eelnevalt määratud aja möödudes automaatselt. Ajavahemik, mille möödudes jõudeolekus seanss lõpetatakse, määratakse sõltuvalt kasutajarühmast. 
 b. Seansi automaatsest lõpetamisest teavitatakse sellest mõjutatud isikuid. 
 c. Seansi lõpetamisel logitakse kasutaja terminaliserveri operatsioonisüsteemist automaatselt välja. Erandi moodustavad olukorrad, kus aktiivne seanss operatsioonisüsteemis on vajalik rakenduste jätkuvaks käitamiseks.",IT-juht,
78125cbbbd93278548f353a239d66fe0,SYS.5.9,SYS.5.9: Terminaliserver,3.3,3.3 Standardmeetmed,6ad48e15fa2a53effd3c1b63afdbea05,SYS.5.9.M13,SYS.5.9.M13 Terminaliserveri toimingute logimine,"Vastutaja:  IT-juht 
 Elutsükli etapp:  Käitamine 
   
 a. Terminaliserverite puhul on määratud, millised sündmused edastatakse kesksesse logimissüsteemi. 
 b. Terminaliserveritest logitakse vähemalt järgmised sündmused: 
 
 kliendi välisseadme ühendamine terminaliserveri protokolliga; 
 eelisõigustega kasutaja toimingud terminaliserveris; 
 terminaliserveri teenuseid mõjutavad konfiguratsioonimuudatused.",IT-juht,
78125cbbbd93278548f353a239d66fe0,SYS.5.9,SYS.5.9: Terminaliserver,3.3,3.3 Standardmeetmed,4022f4ca403c45cc52e9cf781f6e3091,SYS.5.9.M14,SYS.5.9.M14 Terminaliserveri seire,"Vastutaja:  IT-juht 
 Elutsükli etapp:  Käitamine 
   
 a. Terminaliserver on hõlmatud kesksesse seiresse. 
 b. Terminaliserveris seiratakse vähemalt järgmisi parameetreid: 
 
 terminaliserveri ressursikasutus; 
 terminaliserveri võrguliideste koormatus; 
 võrgu läbilaskevõime (ingl bandwidth) ja terminaliserveri võrgukasutus; 
 võrguühenduste latentsus. 
 
 c. Seire tulemuste hindamiseks on terminaliserveri käideldavus- ja sooritusparameetrite läviväärtused eelnevalt määratletud.",IT-juht,
78125cbbbd93278548f353a239d66fe0,SYS.5.9,SYS.5.9: Terminaliserver,3.3,3.3 Standardmeetmed,1371e6b72e50041412bdbe3e00a18e97,SYS.5.9.M15,SYS.5.9.M15 Terminaliserveri tugevdamine,"Vastutaja:  IT-juht 
 Elutsükli etapp:  Käitamine 
   
 a. Terminaliserveri mittevajalikud rakendused ja tarbetud operatsioonisüsteemi komponendid on eemaldatud. Kui mittevajalike komponentide eemaldamine pole võimalik, blokeeritakse nende käitamine. 
 b. Terminaliserveri seansi käigus on välisseadmete kasutamine on piiratud, lubatud on ainult vajalikud välisseadmed.",IT-juht,
78125cbbbd93278548f353a239d66fe0,SYS.5.9,SYS.5.9: Terminaliserver,3.3,3.3 Standardmeetmed,5a2f97264ba06336290f8704490d1613,SYS.5.9.M16,SYS.5.9.M16 Andmetihenduse optimeerimine,"Vastutaja:  IT-juht 
 Elutsükli etapp:  Käitamine 
   
 a. Andmete terminalserveri ja kliendi vahel ülekandmisel kasutatakse andmete tihendamiseks optimaalset taset. Seejuures on arvestatud nõudeid graafiliste elementide täpsuse, värvitruuduse ja ekraani kaadrisageduse osas.",IT-juht,
78125cbbbd93278548f353a239d66fe0,SYS.5.9,SYS.5.9: Terminaliserver,3.4,3.4 Kõrgmeetmed,91e378764494930dc59ec2412630514d,SYS.5.9.M17,SYS.5.9.M17 Andmeedastuse täiendav krüpteerimine,"Vastutaja:  IT-juht 
 Elutsükli etapp:  Käitamine 
 Turvakomponent:  C; I 
   
 a. Kogu andmevahetus kliendi ja terminaliserveri vahel toimub läbi turvaliselt krüpteeritud andmevahetuskanalite.",IT-juht,
78125cbbbd93278548f353a239d66fe0,SYS.5.9,SYS.5.9: Terminaliserver,3.4,3.4 Kõrgmeetmed,7c4f906e2ded37c35dd644b0b6be7d0d,SYS.5.9.M18,SYS.5.9.M18 Ainult õhukeste klientide kasutamine,"Vastutaja:  IT-juht 
 Elutsükli etapp:  Kavandamine 
 Turvakomponent:  I; A 
   
 a. Terminaliserveri klientidena kasutatakse ainult tootja poolt terminaliserveriga ühildavaks tunnistatud füüsilisi terminale, nn õhukesi kliente (ingl  thin client ).",IT-juht,
78125cbbbd93278548f353a239d66fe0,SYS.5.9,SYS.5.9: Terminaliserver,3.4,3.4 Kõrgmeetmed,6f9b3b2c7a21d685e0c870f151c631ed,SYS.5.9.M19,SYS.5.9.M19 Terminaliserveri laiendatud seire,"Vastutaja:  IT-juht 
 Elutsükli etapp:  Käitamine 
 Turvakomponent:  C; I; A 
   
 b. Terminaliserveri turvasündmuste logimine on liidestatud olemasoleva turvateabe ja -sündmuste halduse (ingl  security information and event management , SIEM) süsteemiga. 
 c. Turvanõrkuste avastamiseks testitakse terminaliserverit regulaarselt.",IT-juht,
78125cbbbd93278548f353a239d66fe0,SYS.5.9,SYS.5.9: Terminaliserver,3.4,3.4 Kõrgmeetmed,31da45a349bff1d6dd54d8dba3854ee9,SYS.5.9.M20,SYS.5.9.M20 Terminaliserverite jaotus kasutuseesmärgi või kasutajagrupi põhiselt,"Vastutaja:  IT-juht 
 Elutsükli etapp:  Käitamine 
 Turvakomponent:  C; I; A 
   
 a. Organisatsiooni terminaliserverid on kasutuseesmärgi või kasutajagrupi põhiselt jaotatud mitmeteks, kitsast tööülesannet täitvateks terminaliserveriteks. 
 b. Konkreetse ülesande täitmiseks kohandatud terminaliserver on juurdepääsetav ainult volitatud kasutajatele.",IT-juht,
78125cbbbd93278548f353a239d66fe0,SYS.5.9,SYS.5.9: Terminaliserver,3.4,3.4 Kõrgmeetmed,818f67f2937f5e4fd6e2ad3bb339ebda,SYS.5.9.M21,SYS.5.9.M21 Terminaliserveri kõrgkäideldavuse tagamine,"Vastutaja:  IT-juht 
 Elutsükli etapp:  Kavandamine 
 Turvakomponent:  A 
   
 a. Terminaliserveri olulised riistvarakomponendid ja kasutatavad võrguühendused on dubleeritud. 
 b. Organisatsioonis on olemas asendusseadmed terminaliserveri ning klientide asendamiseks.",IT-juht,
78125cbbbd93278548f353a239d66fe0,SYS.5.9,SYS.5.9: Terminaliserver,3.4,3.4 Kõrgmeetmed,7a36d44506ddca7568189fd2ffc79dcb,SYS.5.9.M22,SYS.5.9.M22 Andmete edastamise blokeerimine,"Vastutaja:  IT-juht 
 Elutsükli etapp:  Käitamine 
 Turvakomponent:  I; A 
   
 a. Terminaliserveri rakenduses kasutatavate andmete edastamine kliendile on blokeeritud. 
 b. Andmeedastus lõikepuhvri (ingl  clipboard ) kaudu on blokeeritud.",IT-juht,
1d033ea93487767e90369ed47bd52f26,SYS.5.4,SYS.5.4: Veebirakendus,3.2,3.2 Põhimeetmed,84ab6309611a19ea76dd0dd735682e2b,SYS.5.4.M1,SYS.5.4.M1 Veebirakenduste kasutaja autentimine,"Vastutaja:  IT-juht 
 Elutsükli etapp:  Käitamine 
   
 a. Veebirakenduse mitteavalikele ressurssidele juurdepääs võimaldatakse ainult kasutaja turvalise autentimise kaudu. 
 d. Veebirakenduses on määratud ebaõnnestunud sisselogimiskatsete lubatud arv. Pärast ebaõnnestunud sisselogimiskatsete lubatud arvu ületamist kasutaja juurdepääs tõkestatakse määratud ajaks.",IT-juht,
1d033ea93487767e90369ed47bd52f26,SYS.5.4,SYS.5.4: Veebirakendus,3.2,3.2 Põhimeetmed,3d22f712ec21eb36ce7a539fd5670fe7,SYS.5.4.M4,SYS.5.4.M4 Andmete ja sisu kasutamise piiramine,"Vastutaja:  IT-juht 
 Elutsükli etapp:  Käitamine 
   
 a. Veebirakendus väljastab kasutajatele üksnes ettenähtud ja lubatavaid andmeid ja sisu. 
 b. Veebirakenduse failide üleslaadimise funktsioon ning failide käivitamisõigused on piiratud. Kasutaja saab salvestada faile ainult ettemääratud asukohta. 
 d. Veebirakendusest edasisuunamise sihtkohad asuvad usaldusväärses domeenis. Kasutaja lahkumisel usaldatavast domeenist kasutajat teavitatakse.",IT-juht,
1d033ea93487767e90369ed47bd52f26,SYS.5.4,SYS.5.4: Veebirakendus,3.2,3.2 Põhimeetmed,075a56a5478a55d2c6b27982de756379,SYS.5.4.M7,SYS.5.4.M7 Kaitse veebirakenduste automatiseeritud kasutamise eest,"Vastutaja:  IT-juht 
 Elutsükli etapp:  Käitamine 
   
 a. Veebirakendus on kaitstud volitamata automatiseeritud juurdepääsu eest. 
 b. Veebirakenduse RSS-söödete (ingl  RSS feed ) või teiste automatiseeritud funktsioonide olemasolul arvestatakse neid turvamehhanismide seadistamisel.",IT-juht,
1d033ea93487767e90369ed47bd52f26,SYS.5.4,SYS.5.4: Veebirakendus,3.2,3.2 Põhimeetmed,db4d4ab27b39c7cfd66c0b020080e234,SYS.5.4.M14,SYS.5.4.M14 Konfidentsiaalsete andmete kaitse,"Vastutaja:  IT-juht 
 Elutsükli etapp:  Käitamine 
   
 a. Konfidentsiaalseid andmeid kaitstakse nende edastamisel piisavalt tugeva krüpteeringuga. Ka ühendusvigade korral ei kasutata krüpteeritud kanali asemel krüpteerimata kanalit. 
 b. Klientarvutisse ei salvestata ega ajutiselt puhverdata tundlikke andmeid. 
 c. Vormidel olevaid konfidentsiaalseid andmeid ei hoita brauseris avateksti kujul. 
 d. Veebirakenduse pääsuandmeid on serveris kaitstud piisavalt tugeva krüpteeringuga. Parooliandmetest hoitakse serveris ainult parooli räsi. 
 e. Veebirakenduse lähtekoodi kaitstakse lubamatu juurdepääsu eest.",IT-juht,
1d033ea93487767e90369ed47bd52f26,SYS.5.4,SYS.5.4: Veebirakendus,3.3,3.3 Standardmeetmed,d32c9227a54fa218aeda4d3c549134a2,SYS.5.4.M8,SYS.5.4.M8 Veebirakenduse turvaline arhitektuur,"Vastutaja:  IT-juht 
 Elutsükli etapp:  Kavandamine 
   
 a. Veebirakenduse turvamehhanismide kavandamisel on arvestatud nende tulevikukindlusega. 
 b. Võrguarhitektuur on mitmekihiline. Veebi-, rakenduse- ja andmekihi turvamehhanismid on üksteisest eraldatud. 
 c. Tarkvaraarhitektuuri kavandamisel on arvestatud, milliste komponentide jaoks milliseid turvamehhanisme rakendatakse, kuidas veebirakendus on olemasolevasse taristusse integreeritud ning milliseid krüpteerimisfunktsioone ja -protseduure kasutatakse. 
 e. Veebirakenduse tarkvaraarhitektuur koos kõikide komponentide ja sõltuvustega on dokumenteeritud. Dokumentatsioonis on välja toodud ka rakendusevälised, kuid rakenduse tööks vajatavad komponendid.",IT-juht,
1d033ea93487767e90369ed47bd52f26,SYS.5.4,SYS.5.4: Veebirakendus,3.3,3.3 Standardmeetmed,b4d027051eefe8df5d57dacc5c668d53,SYS.5.4.M9,SYS.5.4.M9 Veebirakenduste hankimise kord,"Vastutaja:  Hankejuht 
 Elutsükli etapp:  Kavandamine 
   
 b. Veebirakenduste hankimisel on lisaks tarkvara hankimise üldistele aspektidele arvestatud vähemalt järgmist: 
 
 veebirakenduse sisendi valideerimine ja väljundi kodeerimine; 
 turvalised autentimisprotseduurid; 
 turvaline sessioonihaldus; 
 turvaliste krüptograafiliste mehhanismide kasutamine; 
 kasutajate pääsuõiguste haldus; 
 turvaline andmetalletus serveris; 
 piisav sündmuste logimine; 
 turvapaikade kättesaadavus ja paigaldamine; 
 kaitse veebirünnete vastu.",IT-juht,
1d033ea93487767e90369ed47bd52f26,SYS.5.4,SYS.5.4: Veebirakendus,3.3,3.3 Standardmeetmed,e4adc84d9058a7869ad85135d7a9e941,SYS.5.4.M11,SYS.5.4.M11 Komponentide turvaline andmevahetus,"Vastutaja:  IT-juht 
 Elutsükli etapp:  Käitamine 
   
 a. Infosüsteemi komponentide andmevahetus on lubatud vähima vajaduse põhimõttel. 
 b. Juurdepääs tagasüsteemidele on võimalik üksnes määratud liideste ja süsteemide kaudu ja minimaalselt vajalike õigustega. 
 c. Andmeliiklus kasutajate ja veebirakenduste või rakenduste ja teiste teenuste või taustsüsteemide vahel on reguleeritud turvalüüsidega. 
 d. Välisühenduse andmeliiklus on krüpteeritud ja toimub ainult autenditud sihtkohtade vahel.",IT-juht,
1d033ea93487767e90369ed47bd52f26,SYS.5.4,SYS.5.4: Veebirakendus,3.3,3.3 Standardmeetmed,9d10f8beb5952f70b72947273017ee35,SYS.5.4.M12,SYS.5.4.M12 Veebirakenduste turvaline konfigureerimine,"Vastutaja:  IT-juht 
 Elutsükli etapp:  Käitamine 
   
 a. Veebirakendus on konfigureeritud nii, et selle ressurssidele ja funktsioonidele on juurdepääs võimalik ainult määratud turvaliste sidekanalite kaudu. 
 b. Juurdepääs ebavajalikele ressurssidele ja funktsioonidele on veebirakenduses blokeeritud ja tarbetud HTTP-meetodid desaktiveeritud. 
 c. Küpsistele (ingl  cookie ) on seatud atribuudid  secure  ja  SameSite . Seansivõtme küpsisel on seatud atribuut  httponly . 
 d. Konfigureerimisel on võimalik seadistada ja piirata järgmisi veebirakenduse omadusi: 
 
 märgikoodide (ingl  character encoding ) ja automaattõlke kasutamine; 
 üleliigse turvateabe avaldamist veateadetes ja vastussõnumites; 
 konfiguratsioonifailide hoidmine väljaspool juurkataloogi; 
 ebaõnnestunud juurdepääsukatsete lubatav arv.",IT-juht,
1d033ea93487767e90369ed47bd52f26,SYS.5.4,SYS.5.4: Veebirakendus,3.4,3.4 Kõrgmeetmed,c98932df2f1477d1a56471e7a7108976,SYS.5.4.M20,SYS.5.4.M20 Veebitulemüür,"Vastutaja:  IT-juht 
 Elutsükli etapp:  Käitamine 
 Turvakomponent:  C; I; A 
   
 a. Andmete filtreerimiseks kõrgematel protokollitasemetel kasutatakse veebitulemüüre (ingl  web application firewall  -WAF). 
 b. Veebitulemüüri konfiguratsioon on kohandatud kaitstava veebirakendusega. 
 c. Pärast veebirakenduse uuendamist kontrollitakse ja vajadusel muudetakse veebitulemüüri konfiguratsiooni.",IT-juht,
4e6a27214561d2a4248678500b1c39fe,SYS.5.7,SYS.5.7: Veebiserver,3.2,3.2 Põhimeetmed,2494e6afef7512bdb4afbfd34cff665f,SYS.5.7.M1,SYS.5.7.M1 Veebiserveri turvaline konfigureerimine,"Vastutaja:  IT-juht 
 Elutsükli etapp:  Käitamine 
   
 a. Pärast veebiserveri installimist dokumenteeritakse veebiserveri konfiguratsioon. 
 b. Veebiserveri protsessi käitatakse minimaalsete õigustega kasutajakontoga. 
 c. Operatsioonisüsteemi poolse toe olemasolul käitatakse veebiserverit kapseldatud keskkonnas. Kui operatsioonisüsteem kapseldamist ei toeta, käitatakse igat veebiserverit eraldi virtuaalserveris või füüsiliselt eraldiseisvas serveris. 
 d. Veebiserveri teenusel puuduvad liigsed kirjutusõigused. 
 e. Veebiserveri tarbetud moodulid ja funktsioonid on desaktiveeritud.",IT-juht,
4e6a27214561d2a4248678500b1c39fe,SYS.5.7,SYS.5.7: Veebiserver,3.2,3.2 Põhimeetmed,1bdd0b0b0e1e6a51744e809474ad9891,SYS.5.7.M2,SYS.5.7.M2 Veebiserveri failide kaitse,"Vastutaja:  IT-juht 
 Elutsükli etapp:  Käitamine 
   
 a. Veebiserveri süsteemifailid (eelkõige skriptid ja konfiguratsioonifailid) on kaitstud lubamatu lugemise ja muutmise eest. 
 b. Veebirakendustel on juurdepääs üksnes ettenähtud kataloogipuus (veebi juurkataloogis) olevatele failidele. Väljaspool veebikataloogi paiknevaid ressursse ei saa linkida ega nendega ühenduda.",IT-juht,
4e6a27214561d2a4248678500b1c39fe,SYS.5.7,SYS.5.7: Veebiserver,3.2,3.2 Põhimeetmed,21c9a176d650e9ab56c3de5a890bcf70,SYS.5.7.M3,SYS.5.7.M3 Failide üles- ja allalaadimise turve,"Vastutaja:  IT-juht 
 Elutsükli etapp:  Käitamine 
   
 a. Veebiserveris avaldatud faile kontrollitakse enne nende avaldamist kahjurvara puudumise suhtes. 
 b. Avaldatavad dokumendid puhastatakse enne nende avaldamist jääkteabest. 
 d. Kasutaja poolt serverisse üleslaaditavatele failidele on määratud mahupiirang ning on arvestatud piisava salvestusruumiga.",IT-juht,
4e6a27214561d2a4248678500b1c39fe,SYS.5.7,SYS.5.7: Veebiserver,3.2,3.2 Põhimeetmed,93011a9894c34b50e8c11cf6fd9f2acf,SYS.5.7.M4,SYS.5.7.M4 Veebiserveri sündmuste logimine,"Vastutaja:  IT-juht 
 Elutsükli etapp:  Käitamine 
   
 a. Veebiserveris logitakse vähemalt järgmisi sündmusi: 
 
 edukas juurdepääs ressurssidele; 
 puudulike õiguste, puuduvate ressursside ja serveri vigade tõttu nurjunud juurdepääs ressurssidele; 
 üldised veateated. 
 
 b. Logiandmeid analüüsitakse regulaarselt.",IT-juht,
4e6a27214561d2a4248678500b1c39fe,SYS.5.7,SYS.5.7: Veebiserver,3.2,3.2 Põhimeetmed,80e97c748700a631001a88c736aceafb,SYS.5.7.M5,SYS.5.7.M5 Turvaline autentimine veebiserveris,"Vastutaja:  IT-juht 
 Elutsükli etapp:  Käitamine 
   
 a. Kasutaja ja serveri vaheliste autentimisinfot edastatakse krüpteeritud andmesidekanalis. 
 b. Parooliga autentimisel hoitakse parooliinfot serveris krüptograafiliselt kaitstult ja kaitstult lubamatu juurdepääsu eest.",IT-juht,
4e6a27214561d2a4248678500b1c39fe,SYS.5.7,SYS.5.7: Veebiserver,3.2,3.2 Põhimeetmed,550e26c461218caad3a9b9298697ad5b,SYS.5.7.M7,SYS.5.7.M7 Veebisisu avaldamise õiguspärasus,"Vastutaja:  IT-juht 
 Elutsükli etapp:  Kavandamine 
   
 a. Veebiserveri kaudu välistele pooltele sisu avaldamine on kooskõlas andmekaitse alase regulatsiooniga. 
 b. Veebisisu avaldamisel arvestatakse autoriõigustega. 
 c. Veebisisu avaldamine toimub kehtestatud korra kohaselt. Veebisisu korrektsuse eest on määratud vastutajad.",IT-juht,
4e6a27214561d2a4248678500b1c39fe,SYS.5.7,SYS.5.7: Veebiserver,3.2,3.2 Põhimeetmed,a2a982c1c332ade01b3502032e336581,SYS.5.7.M11,SYS.5.7.M11 Krüpteerimine TLS abil,"Vastutaja:  IT-juht 
 Elutsükli etapp:  Käitamine 
   
 a. Veebiserver võimaldab kõikide ühenduste krüpteerimist TLS abil. Välistes võrkudes kasutatakse andmeside kaitseks TLS-i ja protokolli HTTPS. 
 b. HTTPS-ühenduse korral kasutatakse HTTPS-i läbivalt, ilma eranditeta.",IT-juht,
4e6a27214561d2a4248678500b1c39fe,SYS.5.7,SYS.5.7: Veebiserver,3.3,3.3 Standardmeetmed,1a44df647e20cd63b29fcfe151ee79b8,SYS.5.7.M9,SYS.5.7.M9 Veebiserveri turvajuhend,"Vastutaja:  IT-juht 
 Elutsükli etapp:  Kavandamine 
   
 a. On kehtestatud veebiserveri turvajuhend, mis määrab vähemalt järgmise: 
 
 veebiserveri turvameetmed ja nende rakendamine; 
 veebiserveri turvaline integreerimine olemasoleva IT-taristuga; 
 veebiserveri tehnilise halduse ja meetmete rakendamise eest vastutajad; 
 teabe hankimine teadaolevate turvanõrkuste kohta; 
 veebiserveriga seotud intsidentide käsitluse kord.",IT-juht,
4e6a27214561d2a4248678500b1c39fe,SYS.5.7,SYS.5.7: Veebiserver,3.3,3.3 Standardmeetmed,805fee9b36f3f3df214479f8df84af40,SYS.5.7.M10,SYS.5.7.M10 Sobiv veebimajutaja,"Vastutaja:  IT-juht 
 Elutsükli etapp:  Käitamine 
   
 a. Organisatsioonil on sõlmitud leping välise teenuseandjaga, kus on kokku lepitud teenuse majutusteenuse andmise viis, teenustase ja poolte turbealased kohustused. 
 b. Teenuseandja on enda IT-süsteemi kaitseks kasutusele võtnud tehnilised ja korralduslikud turvameetmed. 
 c. Teenuseandja on kohustatud IT-süsteemide tehniliste probleemide tekkimisel ning kliendisüsteemide ohtu sattumisel viivitamatult reageerima.",IT-juht,
4e6a27214561d2a4248678500b1c39fe,SYS.5.7,SYS.5.7: Veebiserver,3.3,3.3 Standardmeetmed,4b96d8f4c1c5176e08fc4b822b12c0e3,SYS.5.7.M12,SYS.5.7.M12 Vigade ja veateadete käsitluse kord,"Vastutaja:  IT-juht 
 Elutsükli etapp:  Käitamine 
   
 a. HTTP-teabest ja veateadetest ei ilmne veebiserveri tarkvarakomponentide nime, versiooni ega konfiguratsiooni. 
 b. Veebiserver edastab üksnes kasutaja teavitamiseks vajalikke rakendusekohaseid veateateid.",IT-juht,
4e6a27214561d2a4248678500b1c39fe,SYS.5.7,SYS.5.7: Veebiserver,3.3,3.3 Standardmeetmed,7401f3f4a979616444651b0ccb3d8d23,SYS.5.7.M13,SYS.5.7.M13 Robotprogrammide juurdepääsu piiramine,"Vastutaja:  IT-juht 
 Elutsükli etapp:  Käitamine 
   
 a. Robotprogrammide ja otsingurobotite (ingl  bot ) juurdepääs veebisisule on robotikeelu protokolliga (ingl  Robot Exclusion Protocol ) kitsendatud. 
 b. Kasutaja päringute arv ajaühikus on piiratud. Korduvatele rikkujatele kehtestatakse ajutine blokeering. 
 c. Veebiserveri kaitseks on rakendatud veebitulemüür (ingl  Web Application Firewall , WAF). IP-aadressidele rakendatakse reputatsioonikontrolli. 
 d. Esmasel veebilehe poole pöördumisel kasutatakse robotilõksu ( CAPTCHAt ) või sarnast inimkasutajat tuvastada võimaldavat lahendust.",IT-juht,
4e6a27214561d2a4248678500b1c39fe,SYS.5.7,SYS.5.7: Veebiserver,3.3,3.3 Standardmeetmed,78f05964a866207c2a83d5829eb04a6d,SYS.5.7.M14,SYS.5.7.M14 Tervikluse kontroll ja kaitse kahjurvara eest,"Vastutaja:  IT-juht 
 Elutsükli etapp:  Käitamine 
   
 a. Lubamatute muudatuste avastamiseks kontrollitakse regulaarselt veebiserveri failide ja veebisisu terviklust. 
 b. Regulaarselt kontrollitakse kahjurvara esinemist failides.",IT-juht,
4e6a27214561d2a4248678500b1c39fe,SYS.5.7,SYS.5.7: Veebiserver,3.3,3.3 Standardmeetmed,d6dff8b6e07f697298f8cc4f8ca59d59,SYS.5.7.M18,SYS.5.7.M18 Kaitse ummistusrünnete eest,"Vastutaja:  IT-juht 
 Elutsükli etapp:  Käitamine 
   
 a. Ummistusrünnete avastamiseks rakendatakse veebiserveri pidevat seiret. 
 b. Kasutusel on meetmed ummistusrünnete tõrjeks ja leevendamiseks, nt kasutades spetsialiseeritud DDoS kaitse teenust. 
 c. Ummistusründe toimumisel on võimalik piirata ühe ja sama kliendi poolt tehtud paralleelsete sessioonide arvu ja määratud tüüpi päringuid. 
 d. Tulemüür tõkestab pahatahtlikud päringud võimalikult varajases staadiumis, ilma päringule vastust saatmata.",IT-juht,
4e6a27214561d2a4248678500b1c39fe,SYS.5.7,SYS.5.7: Veebiserver,3.4,3.4 Kõrgmeetmed,165d605b29a8881043d08c7d66884abc,SYS.5.7.M15,SYS.5.7.M15 Veebiserveri dubleerimine,"Vastutaja:  IT-juht 
 Elutsükli etapp:  Käitamine 
 Turvakomponent:  A 
   
 a. Veebiserverid ja nende võrguühendused on dubleeritud.",IT-juht,
82f25bbd285e88553742720c317033cf,SYS.5.12,SYS.5.12: Kataloogiteenus,3.2,3.2 Põhimeetmed,8570cc84b57429ac2924c7bde49d1904,SYS.5.12.M2,SYS.5.12.M2 Kataloogiteenuse kavandamine,"Vastutaja:  IT-juht 
 Elutsükli etapp:  Kavandamine 
   
 a. Kataloogiteenuse kavandamisel on lähtutud selle ühilduvusest kasutatavate rakendusega. 
 b. Kataloogiteenuse rakendamisel on dokumenteeritud: 
 
 kataloogiteenuse struktuur; 
 ettenähtud kasutusviisidega sobiv objektiklasside ja atribuuditüüpide mudel; 
 vajadustel põhinev pääsuõiguste haldusmudel. 
 
 c. On kavandatud ja dokumenteeritud turvameetmed takistamaks andmete volitamata kogumist kataloogiteenusest. 
 d. Isikuandmeid sisaldava kataloogiteenuse kavandamisel on kaasatud andmekaitsespetsialist.",IT-juht,
82f25bbd285e88553742720c317033cf,SYS.5.12,SYS.5.12: Kataloogiteenus,3.2,3.2 Põhimeetmed,1292f2ee5a6f718a2c52bc415c5d0173,SYS.5.12.M3,SYS.5.12.M3 Kataloogiteenuse pääsuõiguste korraldus,"Vastutaja:  IT-juht 
 Elutsükli etapp:  Käitamine 
   
 a. Kataloogiteenuse konfiguratsiooni ja -andmeid haldavad võimalusel erinevad haldurid. 
 b. Kasutajate ja haldurite pääsuõigused vastavad pääsuõiguste haldusmudelile. Pääsuõiguste haldusega seotud tegevused on jälitatavad. 
 c. Mitme kataloogiteenusepuu liitmisel kontrollitakse tegelikke koondõigusi. 
 d. Juurdepääs kataloogiteenuse andmetele lubatakse vaid vajadusepõhiselt.",IT-juht,
82f25bbd285e88553742720c317033cf,SYS.5.12,SYS.5.12: Kataloogiteenus,3.2,3.2 Põhimeetmed,b9c808347e8a85e2e9129a10444f11bb,SYS.5.12.M6,SYS.5.12.M6 Kataloogiteenuse turvaline käitus,"Vastutaja:  IT-juht 
 Elutsükli etapp:  Käitamine 
   
 a. Kataloogiteenuse halduse ja käituse protsessid on dokumenteeritud. 
 b. Kataloogiteenuse halduseks kasutatakse spetsiaalset kasutajakontot. Halduskontosid ei kasutata tavapäraseks igapäevatööks. 
 c. Juurdepääs haldusinstrumentidele on tavakasutajate jaoks blokeeritud. 
 d. Serverid ja klientarvutid salvestavad paroole üksnes räsikujul, kasutades piisavalt murdmiskindlat algoritmi.",IT-juht,
82f25bbd285e88553742720c317033cf,SYS.5.12,SYS.5.12: Kataloogiteenus,3.2,3.2 Põhimeetmed,e09df1eee217cf29a3d9414d9dbc5bb1,SYS.5.12.M17,SYS.5.12.M17 Kaitsevajadusega pääsuteabe turve,"Vastutaja:  IT-juht 
 Elutsükli etapp:  Käitamine 
   
 a. Juurdepääs kaitsevajadusega pääsuteavet sisaldavatele kataloogiteenuse atribuutidele (nt paroolid) on rangelt piiratud.",IT-juht,
82f25bbd285e88553742720c317033cf,SYS.5.12,SYS.5.12: Kataloogiteenus,3.2,3.2 Põhimeetmed,7fc07d883ce1e4f60a596b35cd820d3a,SYS.5.12.M22,SYS.5.12.M22 OpenLDAP-i turvaline konfiguratsioon,"Vastutaja:  IT-juht 
 Elutsükli etapp:  Käitamine 
   
 b. OpenLDAPi konfigureerimisseadete (direktiivide) väärtusi kontrollitakse ja vajadusel kohandatakse enne nende esmast jõustamist. 
 c. Konfigureerimisel on arvestatud OpenLDAP-i tagasüsteeme ja ülekatteid. 
 d. OpenLDAP-i otsingupäringute jaoks on määratud sobivad aja- ja mahupiirangud.",IT-juht,
82f25bbd285e88553742720c317033cf,SYS.5.12,SYS.5.12: Kataloogiteenus,3.2,3.2 Põhimeetmed,f8b72fb40b87db400aaed21ebb6306cf,SYS.5.12.M23,SYS.5.12.M23 OpenLDAP-i pääsuõiguste turvaline haldus,"Vastutaja:  IT-juht 
 Elutsükli etapp:  Käitamine 
   
 a. Pääsuloendis on kasutaja iga tegevus hõlmatud asjakohase direktiiviga, mis seob kasutaja, talle lubatud sihtobjektid ja kasutamisõiguse ulatuse. 
 b. Pääsuloendite määramisel on arvesse võetud, et OpenLDAP-i andmebaasidirektiivid (ingl  database directives ) kirjutavad üldised direktiivid (ingl  global directives ) üle.",IT-juht,
82f25bbd285e88553742720c317033cf,SYS.5.12,SYS.5.12: Kataloogiteenus,3.2,3.2 Põhimeetmed,5202ee1e41f0e16087d682c9ddf71c0f,SYS.5.12.M24,SYS.5.12.M24 Turvaline autentimine OpenLDAP-is,"Vastutaja:  IT-juht 
 Elutsükli etapp:  Käitamine 
   
 a. Kataloogiteenuse anonüümne juurdepääs on piiratud konfiguratsioonidirektiiviga  disallow bindanon . 
 b. Slapd-serveri ja sidepartneri vahelised autentimisandmed on krüpteeritud.",IT-juht,
82f25bbd285e88553742720c317033cf,SYS.5.12,SYS.5.12: Kataloogiteenus,3.3,3.3 Standardmeetmed,a6cf32a008c2b25d55a2d8d6609a1622,SYS.5.12.M8,SYS.5.12.M8 Kataloogiteenuse sektsioonimine,"Vastutaja:  IT-juht 
 Elutsükli etapp:  Kavandamine 
   
 a. Sektsioonimise (ingl  partitioning ) kavandamisel on arvestatud äriprotsesside kaitsetarbest tulenevat turvavajadust. 
 b. Kataloogiteenuse sektsioonimine on kavandatud nii, et see piiraks turvaintsidentide mõju ja võimaldaks kataloogiteenuse taastet sektsioonhaaval.",IT-juht,
82f25bbd285e88553742720c317033cf,SYS.5.12,SYS.5.12: Kataloogiteenus,3.3,3.3 Standardmeetmed,6a8cbb8b5f7560f874ca09fbafc2c3a2,SYS.5.12.M12,SYS.5.12.M12 Kataloogiteenuse seire,"Vastutaja:  IT-juht 
 Elutsükli etapp:  Käitamine 
   
 a. Kataloogiteenuse logiandmeid analüüsitakse regulaarselt, tuginedes organisatsioonis kehtestatud poliitikatele ja määratud kriteeriumitele. 
 b. Kataloogiteenuse seire hõlmab ka servereid, kus kataloogiteenust kasutatakse.",IT-juht,
82f25bbd285e88553742720c317033cf,SYS.5.12,SYS.5.12: Kataloogiteenus,3.3,3.3 Standardmeetmed,53895ab70dc7ea8fbb1380a644146cdd,SYS.5.12.M13,SYS.5.12.M13 Kataloogiteenuse andmevahetuse turve,"Vastutaja:  IT-juht 
 Elutsükli etapp:  Käitamine 
   
 a. Andmevahetuseks kataloogiteenuse serveri ja kliendi vahel kasutatakse turvalisi võrguprotokolle. 
 b. Juurdepääs kataloogiteenuse serverile Internetist on piiratud. 
 d. Teenusekeskse arhitektuuri (ingl  service-oriented architecture , SOA) kasutamisel teenuseregistri kaudu kontrollitakse kasutaja pääsuõiguste kehtivust.",IT-juht,
82f25bbd285e88553742720c317033cf,SYS.5.12,SYS.5.12: Kataloogiteenus,3.3,3.3 Standardmeetmed,369d12acb9750b18045b59d8d8484a15,SYS.5.12.M14,SYS.5.12.M14 Kataloogiteenuse kõrvaldamise kord,"Vastutaja:  IT-juht 
 Elutsükli etapp:  Kõrvaldamine 
   
 a. Kataloogiteenuse kasutamise lõpetamisel tagatakse kasutajatele antud õiguste jätkumine, kõik muu kustutatakse. 
 b. Kasutajaid teavitatakse kataloogiteenuse kasutamise lõpetamisest ennetavalt. 
 c. Üksikute sektsioonide kõrvaldamisel ei mõjutata teiste sektsioonide käideldavust.",IT-juht,
82f25bbd285e88553742720c317033cf,SYS.5.12,SYS.5.12: Kataloogiteenus,3.3,3.3 Standardmeetmed,6ac38fb839fa9e168d6f52b920dc285c,SYS.5.12.M15,SYS.5.12.M15 Kataloogiteenuse migratsiooni turve,"Vastutaja:  IT-juht 
 Elutsükli etapp:  Kavandamine 
   
 a. Kataloogiteenuse migreerimiseks koostatakse eelnevalt migratsioonikava. Kataloogiteenuse skeemi kavandatud muudatused dokumenteeritakse. 
 b. Kui migreerimiseks on pääsuõigusi ajutiselt suurendatud, siis pärast migratsiooni lõppu korralised õigused taastatakse. 
 c. Uude kataloogisüsteemi üle viidud kasutajate pääsuõigused ajakohastatakse.",IT-juht,
82f25bbd285e88553742720c317033cf,SYS.5.12,SYS.5.12: Kataloogiteenus,3.3,3.3 Standardmeetmed,7ed7514757684c1d67087d776777fcd3,SYS.5.12.M18,SYS.5.12.M18 Kataloogiteenuse dubleerimine,"Vastutaja:  IT-juht 
 Elutsükli etapp:  Käitamine 
   
 a. Kataloogiteenuse dubleerimise kavandamisel määratakse dubleerimise eesmärgid ning koostatakse rakendusstsenaariumit ja võrgutopoloogiat kirjeldav tegevusplaan. 
 b. Kui eesmärgiks ei ole seatud kogu kataloogiteenuse kõrgkäideldavus, dubleeritakse ainult vajalikud kataloogiteenuse komponendid. 
 c. Dubleerimise rakendamisel on arvestatud piisava jõudlusega.",IT-juht,
82f25bbd285e88553742720c317033cf,SYS.5.12,SYS.5.12: Kataloogiteenus,3.3,3.3 Standardmeetmed,3d69ed6f8b99091c679258badb0396ac,SYS.5.12.M19,SYS.5.12.M19 Kataloogiteenuse anonüümse juurdepääsu haldus,"Vastutaja:  IT-juht 
 Elutsükli etapp:  Käitamine 
   
 a. Kui anonüümsetele kasutajatele on kataloogipuu üksikutes sektsioonides vajalikud suuremad pääsuõigused, luuakse selleks spetsiaalne ajutine kasutajakonto (ingl  proxy user ). Kui kontot enam ei kasutata, tühistatakse pääsuõigus kataloogiteenusele täies ulatuses. 
 b. Kataloogiteenuse otsingufunktsioon on piiratud, et vältida tundlike kataloogiandmete leket.",IT-juht,
82f25bbd285e88553742720c317033cf,SYS.5.12,SYS.5.12: Kataloogiteenus,3.3,3.3 Standardmeetmed,12be4a6f4961e56df41366b36ba4a189,SYS.5.12.M25,SYS.5.12.M25 OpenLDAP-i atribuutide piiramine,"Vastutaja:  IT-juht 
 Elutsükli etapp:  Käitamine 
   
 a. OpenLDAP-i atribuutide piiramiseks, väärtuste unikaalsuse ja viiteatribuutide tervikluse tagamiseks on kasutatud ülekatteid. 
 b. OpenLDAP-i ülekatete kaudu seatud atribuudipiiranguid on rakendatud üksnes kasutajaandmetele.",IT-juht,
82f25bbd285e88553742720c317033cf,SYS.5.12,SYS.5.12: Kataloogiteenus,3.4,3.4 Kõrgmeetmed,de6635f19c2ee1ba37d5c56052713f06,SYS.5.12.M16,SYS.5.12.M16 Kataloogiteenuse toibumisplaan,"Vastutaja:  IT-juht 
 Elutsükli etapp:  Käitamine 
 Turvakomponent:  C; I; A 
   
 a. Talitluspidevuse tagamise raames on kehtestatud ja dokumenteeritud organisatsiooni vajadustele vastav kataloogiteenuse toibumisplaan. 
 b. Kataloogiteenuse toibumisplaan sisaldab kataloogiteenuse komponentide süsteemikonfiguratsioone ja taasteprotseduuride kirjeldust. 
 c. Kataloogiteenuse ja selle andmete taastamist testitakse regulaarselt.",IT-juht,
82f25bbd285e88553742720c317033cf,SYS.5.12,SYS.5.12: Kataloogiteenus,3.4,3.4 Kõrgmeetmed,9e31df63f51252595d5f249a687b85f6,SYS.5.12.M20,SYS.5.12.M20 Kataloogiteenuse dubleerimise turve,"Vastutaja:  IT-juht 
 Elutsükli etapp:  Käitamine 
 Turvakomponent:  C; I 
   
 a. Konfidentsiaalse sisuga kataloogiteenuse dubleerimisel andmed krüpteeritakse rakenduse- või transpordikihi tasemel (nt IPSec protokolliga).",IT-juht,
82f25bbd285e88553742720c317033cf,SYS.5.12,SYS.5.12: Kataloogiteenus,3.4,3.4 Kõrgmeetmed,32d872c9cd41ea05d96e3fd558af387c,SYS.5.12.M21,SYS.5.12.M21 Kataloogiteenuse kõrgkäideldavuse tagamine,"Vastutaja:  IT-juht 
 Elutsükli etapp:  Käitamine 
 Turvakomponent:  A 
   
 a. Kataloogiteenuse kõrgkäideldavuse tagamiseks on valitud sobiv strateegia (kas ""Master-Master"" või ""Master-Replica"" kordistamine). 
 b. On määratud, kuidas kataloogiteenus toimib erandjuhtudel, nt kui dubleeritud kataloogiteenuse osade vahel tekib sisuline vastuolu.",IT-juht,
b6bb401522fe575c59c915a4cf9702c1,SYS.5.14,SYS.5.14: X-tee turvaserver,3.2,3.2 Põhimeetmed,8222a1031fdbc687d60465d3e8d92bfd,SYS.5.14.M1,SYS.5.14.M1 Turvaserveri paigalduse kavandamine,"Vastutaja:  IT-juht 
 Elutsükli etapp:  Kavandamine 
   
 a. Turvaserveri suutvus- ning võrguühenduse omadused on tuletatud vahendatavate andmeteenuste käideldavuse ja läbilaskevõime nõuetest. 
 b. Turvaserveri sõnumilogi arhiveerimine on kavandatud vastavalt andmeteenuste eesmärkidele. 
 c. Turvaserveri tegevuslogide seire ja töötlus on kavandatud vastavalt organisatsiooni reeglitele ja turvaserveri teenuse eesmärkidele. 
 d. Turvaserveri tööks vajalikud ressursid (võrk, krüptomoodulid, andmebaasid, sõnumilogi arhiveerimisteenus) vastavad turvaserveri teenuse eesmärkidele.",IT-juht,
b6bb401522fe575c59c915a4cf9702c1,SYS.5.14,SYS.5.14: X-tee turvaserver,3.2,3.2 Põhimeetmed,08c03d1e8c5e2037c0958ea55dfe5eac,SYS.5.14.M2,SYS.5.14.M2 Turvaserveri krüptomooduli valik,"Vastutaja:  IT-juht 
 Elutsükli etapp:  Kavandamine 
   
 a. Signeerimisvõtmete jaoks kasutatava riistvaralise krüptomooduli (ingl  hardware security module , HSM) valikul on lähtutud vahendatavate andmeteenuste turvagarantiide nõuetest. 
 b. Krüptomooduli valikul on arvestatud järgmist: 
 
 kvalifitseeritud e-templi moodustamise ja privaatvõtme turvalise hoiustamise nõuded; 
 signeerimisvõtmete sertifitseerimiskeskuse (ingl  certification authority , CA) seatud tingimused HSM-ile ning selle turvasertifikaatidele; 
 planeeritava võtmeseadme jõudlus ning liidestusviis; 
 krüptomooduli suutvus, tõrkekindlus ning asendatavus avariiolukorras vastavad TS teenuse eesmärkidele. 
 
 c. Krüptomooduli aktiveerimisvahendid või -salasõnad vastavad organisatsiooni turvapoliitikatele.",IT-juht,
b6bb401522fe575c59c915a4cf9702c1,SYS.5.14,SYS.5.14: X-tee turvaserver,3.2,3.2 Põhimeetmed,ae798da1b90188a8f33e3af11717ce26,SYS.5.14.M4,SYS.5.14.M4 Usaldusteenuste lepingud,"Vastutaja:  Organisatsiooni juhtkond 
 Elutsükli etapp:  Käitamine 
   
 a. Organisatsioon on sõlminud usaldusteenuste lepingud. 
 c. Usaldusteenuste pakkuja juures registreeritud organisatsiooni administratiivsete ja tehniliste kontaktisikute andmed on ajakohased ja vastavad tegelikule olukorrale. 
 d. Usaldusteenuste teavituste saamiseks on määratud meiliaadress või meiligrupp, mida jälgib rohkem kui üks volitatud isik.",IT-juht,
b6bb401522fe575c59c915a4cf9702c1,SYS.5.14,SYS.5.14: X-tee turvaserver,3.2,3.2 Põhimeetmed,a9043ac31e25f0dbd68eed97ef6eb8f2,SYS.5.14.M5,SYS.5.14.M5 Turvaserveri sertifikaatide haldus,"Vastutaja:  IT-juht 
 Elutsükli etapp:  Käitamine 
   
 a. Turvaserveri signeerimis- ja autentimissertifikaatide uuendamine toimub õigeaegselt, vastavalt organisatsiooni kehtestatud korrale. 
 b. Sertifikaatide uuendamisel genereeritakse uued privaatvõtmed (ingl  private key ). Privaatvõtme korduv- ja mitmikkasutamine on keelatud. 
 c. Kasutuselt eemaldatud sertifikaatide tühistamise taotlus esitatakse usaldusteenuse pakkujale viivitamatult.",IT-juht,
b6bb401522fe575c59c915a4cf9702c1,SYS.5.14,SYS.5.14: X-tee turvaserver,3.2,3.2 Põhimeetmed,8665f402757924406775b9863ff459e6,SYS.5.14.M6,SYS.5.14.M6 X-tee usaldusankru kasutamine turvaserveris,"Vastutaja:  IT-juht 
 Elutsükli etapp:  Käitamine 
   
 a. Usaldusankur (ingl  trust anchor ) laetakse X-tee keskuse määratud allikast. 
 b. Usaldusankru allalaadimisel kontrollitakse terviklust e-allkirja verifitseerimisega. 
 c. Turvaserverisse laadimisel võrreldakse turvaserveri kasutajaliideses nähtavat räsi (ingl  hash ) X-tee keskuse poolt publitseeritud räsiga. 
 d. Usaldusankru ajakohasust kontrollitakse regulaarselt X-tee keskuse viimati publitseeritud usaldusankruga võrreldes. 
 e. Kui X-tee keskus teavitab turvaserveri omanikke usaldusankru uuendamisvajadusest, rakendatakse uus usaldusankur ettenähtud ajaperioodil.",IT-juht,
b6bb401522fe575c59c915a4cf9702c1,SYS.5.14,SYS.5.14: X-tee turvaserver,3.2,3.2 Põhimeetmed,9aad56715508c759fbcb2a9b5dd20d27,SYS.5.14.M7,SYS.5.14.M7 Ajatempliteenuse turvaline kasutamine,"Vastutaja:  IT-juht 
 Elutsükli etapp:  Käitamine 
   
 a. Turvaserveri ajatempliteenused on seadistatud vastavalt usaldusteenuste kokkulepetele ja vastavad andmeteenuste turvaeesmärkidele (käideldavus, ajatempliteenuse tase ). 
 b. Võimalusel rakendatakse turvaserveris rohkem kui ühte ajatempliteenust. 
 c. Kui X-tee keskus teavitab turvaserveri omanikke ajatempliteenuse detailide uuendamisvajadusest, rakendatakse uus seadistus ettenähtud ajaperioodil. 
 d. Ajatempliteenused, mille kasutamise kokkulepe on lõppenud, eemaldatakse seadistusest viivitamatult.",IT-juht,
b6bb401522fe575c59c915a4cf9702c1,SYS.5.14,SYS.5.14: X-tee turvaserver,3.2,3.2 Põhimeetmed,70eb63dab0ccf0658976a9a1a69f9783,SYS.5.14.M8,SYS.5.14.M8 X-tee andmeteenuste turvaline liidestamine,"Vastutaja:  IT-juht 
 Elutsükli etapp:  Käitamine 
   
 a. Turvaserveri ja andmeteenuse vahel on rakendatud vastastikku autenditud TLS ühendus, mille turvaserveri ja infosüsteemi TLS sertifikaate verifitseeritakse. 
 b. Autentimata ja/või krüpteerimata protokollide kasutamisel rakendatakse täiendavaid konfidentsiaalsust ja terviklust tagavaid turvameetmeid. 
 c. Andmeteenuse kasutamine on võimalik ainult volitatud turvaserveri vahendusel.",IT-juht,
b6bb401522fe575c59c915a4cf9702c1,SYS.5.14,SYS.5.14: X-tee turvaserver,3.2,3.2 Põhimeetmed,31aaef674c6c669a148d2908c413e46c,SYS.5.14.M10,SYS.5.14.M10 X-tee turvaserveri sõnumilogi turvaline arhiveerimine,"Vastutaja:  IT-juht 
 Elutsükli etapp:  Käitamine 
   
 a. Sõnumilogi arhiveeritakse ja säilitatakse turvalisel viisil. Sõnumilogide säilitustähtajad tulenevad õigusaktidest ning andmeomanike määratud eesmärkidest. 
 b. Turvaserveris hoitakse ainult kokkulepitud perioodi sõnumilogi. 
 c. Juurdepääs nii turvaserveri kui arhiivi sõnumilogile on piiratud andmeomanike eesmärkidest lähtuvalt.",IT-juht,
b6bb401522fe575c59c915a4cf9702c1,SYS.5.14,SYS.5.14: X-tee turvaserver,3.2,3.2 Põhimeetmed,7e6874725d0d8061abfb01743b6cfe3b,SYS.5.14.M11,SYS.5.14.M11 Turvaserveri krüptomoodulite turvaline käitus,"Vastutaja:  IT-juht 
 Elutsükli etapp:  Käitamine 
   
 a. Krüptomooduli aktiveerimiseks vajalikud vahendid (tooken, PIN vms) on juurdepääsetavad ainult volitatud isikutele. 
 b. Krüptomooduli aktiveerimise võimekus on tagatud ka töövälisel ajal ning avariiolukorras. 
 c. Krüptomooduli aktiveerimiseks vajalike vahendite turvaomadused tagavad piisava turvalisuse. 
 d. Võrgu vahendusel kasutatava krüptomooduli juurdepääs on kaitstud tulemüüriga, lubades ainult ülesande täitmiseks vajalikke lähteaadresse. 
 e. Krüptomooduli või võtme kompromiteerimise tuvastamisel või võtme kasutuselt eemaldamisel teavitatakse viivitamatult usaldusteenuse andjat asjassepuutuvate sertifikaatide tühistamiseks.",IT-juht,
b6bb401522fe575c59c915a4cf9702c1,SYS.5.14,SYS.5.14: X-tee turvaserver,3.2,3.2 Põhimeetmed,d4ab43ae2f1a71424a96fd8dfad6c6f1,SYS.5.14.M12,SYS.5.14.M12 Turvaserveri võrguturve,"Vastutaja:  IT-juht 
 Elutsükli etapp:  Käitamine 
   
 a. Turvaserver on eraldatud avalikust ning kasutajavõrkudest tulemüüriga, lubades sisenevat liiklust Internetist ainult X-tee transpordiprotokollile. 
 b. Turvaserveri administreerimisliidestele on juurdepääs ainult volitatud võrkudest. 
 c. Turvaserveri teenusliidestele on juurdepääs ainult turvaserveri teenuse tarbijatele üksik- või võrguaadresside alusel.",IT-juht,
b6bb401522fe575c59c915a4cf9702c1,SYS.5.14,SYS.5.14: X-tee turvaserver,3.2,3.2 Põhimeetmed,c7c7f61a8571322ea6d119ec5c54d51b,SYS.5.14.M13,SYS.5.14.M13 Turvaserveri tarkvara uuendamine,"Vastutaja:  IT-juht 
 Elutsükli etapp:  Käitamine 
   
 a. Turvaserveri X-Road tarkvara parandus- või uuendusversioonide välja laskmisel uuendatakse turvaserveri tarkvara X-tee keskuse määratud perioodi jooksul. 
 b. Uuendite hankimiseks kasutatakse X-tee keskuse heakskiidetud repositooriumit. 
 c. Regulaarselt kontrollitakse repositooriumi aadresside ning autentimisvõtmete ajakohasust.",IT-juht,
b6bb401522fe575c59c915a4cf9702c1,SYS.5.14,SYS.5.14: X-tee turvaserver,3.2,3.2 Põhimeetmed,0affab17cf1622ab2b9f258d8f174fad,SYS.5.14.M14,SYS.5.14.M14 Turvaserveri kellaaja sünkroniseerimine,"Vastutaja:  IT-juht 
 Elutsükli etapp:  Käitamine 
   
 a. Turvaserveri arvutikell on sünkroniseeritud usaldatud NTP serveritega.",IT-juht,
b6bb401522fe575c59c915a4cf9702c1,SYS.5.14,SYS.5.14: X-tee turvaserver,3.2,3.2 Põhimeetmed,156507dd8d9327db208e60210fc2bc0b,SYS.5.14.M15,SYS.5.14.M15 Turvaserveri seadistuste varundamine ja taastamine,"Vastutaja:  IT-juht 
 Elutsükli etapp:  Käitamine 
   
 a. Turvaserveri seadistusi varundatakse regulaarselt. 
 b. Varukoopiate tegemise sagedus ning säilitustähtajad vastavad turvaserveri teenuse tingimustele. 
 c. Juurdepääs varukoopiatele on ainult volitatud isikutel. 
 d. Varukoopiast taastamisel veendutakse, et varundusest kasutusele võetud konfiguratsioon vastab tegelikule vajadusele ning selles pole aegunud või puuduolevaid elemente (nt tarbijate definitsioonid, pääsunimekirjad, teenuste seadistused).",IT-juht,
b6bb401522fe575c59c915a4cf9702c1,SYS.5.14,SYS.5.14: X-tee turvaserver,3.2,3.2 Põhimeetmed,91d68ec5e615d337b5e1d0f059c3784d,SYS.5.14.M16,SYS.5.14.M16 Turvaserveri ainuotstarbeline kasutus,"Vastutaja:  IT-juht 
 Elutsükli etapp:  Käitamine 
   
 a. Turvaserveris käivitatakse ainult turvaserveri tööks vajalikke programme ja teenuseid.",IT-juht,
b6bb401522fe575c59c915a4cf9702c1,SYS.5.14,SYS.5.14: X-tee turvaserver,3.2,3.2 Põhimeetmed,7e2c4c51a4d18f3c451d40e6b957eaec,SYS.5.14.M17,SYS.5.14.M17 Turvaserveri halduse API kasutamine,"Vastutaja:  IT-juht 
 Elutsükli etapp:  Käitamine 
   
 a. Turvaserveri halduse rakendusliidese (ingl  application programming interface , API) võtmete haldus vastab organisatsiooni nõuetele. 
 b. API võtmetele kinnistatud rollid vastavad minimaalsuse printsiibile. 
 c. API väljakutseid tegevas süsteemis tagatakse tegevuse seostamine tegeliku kasutaja identifikaatoriga. 
 d. API võtmed, mille salajasus on kaheldav või mille kasutust enam ei vajata, kõrvaldatakse kasutuselt viivitamatult.",IT-juht,
b6bb401522fe575c59c915a4cf9702c1,SYS.5.14,SYS.5.14: X-tee turvaserver,3.2,3.2 Põhimeetmed,d2536ba6be59c158964a1cfbac5d9f64,SYS.5.14.M19,SYS.5.14.M19 Turvaserveri kasutuselt kõrvaldamine,"Vastutaja:  IT-juht 
 Elutsükli etapp:  Kõrvaldamine 
   
 a. Enne turvaserveri kasutuselt kõrvaldamist teavitatakse turvaserveri tarbijaid ja turvaserveri omanikku. 
 b. Esitatakse taotlus kõrvaldatava turvaserveri sertifikaatide, aadresside, kasutuseta jäävad alamsüsteemide jms tühistamiseks. 
 c. Tagatakse kõikide sõnumilogide säilitamine või üle andmine vastavatele turvaserveri tarbijatele. 
 d. Tagatakse turvaserveri töölogide säilitamine. 
 e. Tühistatakse turvaserveri ning turvaserveri tarbijate sertifikaadid. 
 f. Krüptovõtmed hävitatakse vastavalt krüptomooduli olemusele ning tootja juhistele.",IT-juht,
b6bb401522fe575c59c915a4cf9702c1,SYS.5.14,SYS.5.14: X-tee turvaserver,3.2,3.2 Põhimeetmed,273e35139d53371ef8c3cc404a6b7110,SYS.5.14.M20,SYS.5.14.M20 Turvaserveri tarbimise turvaline lõpetamine,"Vastutaja:  IT-juht 
 Elutsükli etapp:  Kõrvaldamine 
   
 a. Kõrvaldatava turvaserveri tarbijatega seotud konfiguratsioonielemendid eemaldatakse kasutuselt. 
 b. Turvaserveri tarbimise lõpetamisel tagatakse sõnumilogide säilitamine vastavalt turvaserveri tarbija nõuetele. 
 c. Veendutakse, et turvaserveri omanik on eemaldanud turvaserveri tarbimise konfiguratsioonielemendid ning võtmed.",IT-juht,
b6bb401522fe575c59c915a4cf9702c1,SYS.5.14,SYS.5.14: X-tee turvaserver,3.2,3.2 Põhimeetmed,4e78cc4d86ed273cde45dfca3d13a8b8,SYS.5.14.M28,SYS.5.14.M28 X-tee turvaserveri sõnumilogi arhiveerimine,"Vastutaja:  IT-juht 
 Elutsükli etapp:  Käitamine 
   
 a. Turvaserveri omanikuga on sõlmitud teenusleping, mis sisaldab: 
 
 sõnumilogi arhiveerimist turvaserveri omaniku infrastruktuuris; 
 või sõnumilogi transporti ning arhiveerimist turvaserveri tarbija infrastruktuuris. 
 
 b. On määratud sõnumilogi säilitamistähtajad ning logidele juurdepääsu kord.",IT-juht,
b6bb401522fe575c59c915a4cf9702c1,SYS.5.14,SYS.5.14: X-tee turvaserver,3.3,3.3 Standardmeetmed,ec2e9a122dab28397222aa026cd5bc52,SYS.5.14.M21,SYS.5.14.M21 Turvaserveri haldus turvaserveri omanikuna,"Vastutaja:  IT-juht 
 Elutsükli etapp:  Käitamine 
   
 a. On kehtestatud turvaserveri teenuse standardtingimused, mis sisaldavad vähemalt järgmist: 
 
 kvalifitseeritud e-templite koostamise, nõuetekohase HSM olemasolu ning vastavate usaldusteenuste kasutamise võimekus; 
 ajatembelduse sagedus ning suurim lubatud viivitus; 
 teenustaseme, sh käideldavuse eesmärgid; 
 X-tee turvaserveri sõnumilogi talletamise, arhiveerimise, säilitamise, juurdepääsu, hävitamise tavatingimused; 
 teenussoovide vastuvõtmise ja töötlemise kord. 
 
 b. Teenussoovid ning tehtud muutused teenuse tarbijat puudutavates seadistustes dokumenteeritakse. 
 c. Tagatud on teenuse tarbijate teenussoovidele reageerimine vastavalt teenuse standardtingimustele ja/või tarbijaga sõlmitud kokkuleppele. 
 d. Teenuse tarbijat teavitatakse õigeaegselt: 
 
 organisatsiooni signeerimissertifikaatide uuendamisvajadusest, 
 tehniliste parameetrite muutustest. 
 
 e. Teenuskokkuleppe lõppemisel, krüptovõtme või võtmete konfidentsiaalsuse rikke või volitamata kasutamise korral viivitamatult: 
 
 takistatakse (nt deaktiveerimise, süsteemist eemaldamise teel) vastava võtme kasutamist, 
 teavitatakse vastavat usaldusteenuse andjat sertifikaadi tühistamiseks, 
 teavitatakse teenusetarbijat teda puudutavatest asjaoludest ja läbiviidud tegevustest.",IT-juht,
b6bb401522fe575c59c915a4cf9702c1,SYS.5.14,SYS.5.14: X-tee turvaserver,3.3,3.3 Standardmeetmed,5e1f201539cc2b556603c67878188ed6,SYS.5.14.M22,SYS.5.14.M22 Turvaserveri toibumisplaan,"Vastutaja:  IT-juht 
 Elutsükli etapp:  Käitamine 
   
 a. X-tee keskuse ja usaldusteenuste avarii- ja halduskontaktid ning vajalikud autentimisvahendid on avariiolukorras kiirelt kättesaadavad. 
 b. Krüptomoodulite asendamine on tagatud tagavaraseadmete, hoolduslepingute ja vastavate avariijuhenditega.",IT-juht,
b6bb401522fe575c59c915a4cf9702c1,SYS.5.14,SYS.5.14: X-tee turvaserver,3.3,3.3 Standardmeetmed,82b0b2ecb698fea7df2ec3142e464942,SYS.5.14.M30,SYS.5.14.M30 Turvaserveri teenuseleping,"Vastutaja:  IT-juht 
 Elutsükli etapp:  Kavandamine 
   
 a. Turvaserveri teenuse tarbimiseks on sõlmitakse turvaserveri omaniku ja turvaserveri tarbija vaheline teenuseleping. Teenuseleping põhineb turvaserveri teenuse standardtingimustel kuid võib sisaldada täiendavaid tingimusi. 
 b. Teenuseleping sisaldab vähemalt järgmist: 
 
 volitatud kontaktisikud ja vastavad kontaktandmed; 
 andmete ülevaatuse ja uuendamise kord; 
 kokkulepitud suhtlusteed, teenussoovide volituskontrollid ning reageerimisajad; 
 turvaserveri omaniku volitamine organisatsiooni e-templi võtmete hoidmiseks ning aktiveerimiseks; 
 vajadusel turvaserveri omaniku volitamine suhtluseks usaldusteenuse andjaga (e-templi sertifikaatide taotlemiseks ning vajadusel tühistamiseks); 
 vastastikune kohustus turvaserveri teenusega seotud andmeid (sh teenuse andmed, sõnumilogid) töödelda vastavalt andmete kaitsetarbele (konfidentsiaalsus, terviklikus, käideldavus); 
 sõnumilogide ning teenuspäringute logide juurdepääsu, säilitamise ja kliendile üleandmise kord. 
 teenustasemelepe teenuste mahu, iseloomu, käideldavusnõuete kohta. 
 teenusetarbija(te) volitatud otspunktide (IP-aadressid, teenusekirjeldused) turvanõuded ja nõuete ülevaatamise kord.",IT-juht,
b6bb401522fe575c59c915a4cf9702c1,SYS.5.14,SYS.5.14: X-tee turvaserver,3.4,3.4 Kõrgmeetmed,eed7aa037477ce8f5e6a011c3c948c3d,SYS.5.14.M24,SYS.5.14.M24 Andmevahetuse laiendatud seire,"Vastutaja:  IT-juht 
 Elutsükli etapp:  Käitamine 
 Turvakomponent:  I 
   
 a. Võimalike kõrvalekallete tuvastamiseks seiratakse andmevahetuste metaandmeid ja kasutusmustreid.",IT-juht,
b6bb401522fe575c59c915a4cf9702c1,SYS.5.14,SYS.5.14: X-tee turvaserver,3.4,3.4 Kõrgmeetmed,60a8122b616e5e10da6f1dd22574113b,SYS.5.14.M25,SYS.5.14.M25 Turvaserveri väliste võrguühenduse piiramine,"Vastutaja:  IT-juht 
 Elutsükli etapp:  Käitamine 
 Turvakomponent:  C; A 
   
 a. Sisenev liiklus X-tee transpordiprotokollile (vaikimisi TCP 5500 ja TCP 5577) on avatud ainult volitatud turvaserverite aadressidele. Volitatud turvaserveriteks võivad olla kas kõik vastavas X-tee eksemplaris registreeritud või eraldi kokkuleppes määratletud klient-turvaserverid.",IT-juht,
b6bb401522fe575c59c915a4cf9702c1,SYS.5.14,SYS.5.14: X-tee turvaserver,3.4,3.4 Kõrgmeetmed,cfebf20db1b71cef32bb86adc1600da4,SYS.5.14.M26,SYS.5.14.M26 Turvaserveri kõrgkäideldavus,"Vastutaja:  IT-juht 
 Elutsükli etapp:  Kavandamine 
 Turvakomponent:  A 
   
 a. Turvaserveri teenuse tõrkekindluse tagamiseks ja/või koormusjaotuseks käitatakse turvaservereid mitmes eksemplaris.",IT-juht,
b6bb401522fe575c59c915a4cf9702c1,SYS.5.14,SYS.5.14: X-tee turvaserver,3.4,3.4 Kõrgmeetmed,e6685062c388c5f1caab175cd6accc55,SYS.5.14.M27,SYS.5.14.M27 Kvalifitseeritud e-templite kasutamine,"Vastutaja:  IT-juht 
 Elutsükli etapp:  Käitamine 
 Turvakomponent:  C; I 
   
 a. Kõik signeerimisvõtmed on loodud ning hoitakse ainult eIDAS määruse kvalifitseeritud võtmeseadme nõuetele vastavas krüptomoodulis. 
 b. Signeerimissertifikaadid on hangitud kvalifitseeritud usaldusteenuse pakkujalt. 
 c. Ajatembelduseks kasutatakse kvalifitseeritud ajatempli teenust.",IT-juht,
a4e76a69f6f3a3dec3c51f754c9a5c35,SYS.5.15,SYS.5.15: Tehisarusüsteem,3.2,3.2 Põhimeetmed,e1503af19ca505d04d13289158354d31,SYS.5.15.M1,SYS.5.15.M1 Tehisarusüsteemi kavandamine,"Vastutaja:  Organisatsiooni juhtkond 
 Elutsükli etapp:  Kavandamine 
   
 a. Kavandatavale tehisarusüsteemile on määratud kasutuseesmärk, kasutajad, kasutusviisid ja kasutuse ulatus. 
 b. Tehisarusüsteemis kasutavate andmete põhjal hinnatakse: 
 
 kas ja mil määral on lubatud avalike keelemudelite (ingl  Large Language Model, LLM ) kasutamine; 
 kas kõikide andmete töötlemiseks eksisteerib õiguslik alus; 
 kas tehisaru kasutusviis vastab kehtivatele eetikanormidele ja headele tavadele (ingl  best practice ); 
 kuidas hinnatakse tehisaru kasutamisega seotud riske; 
 kuidas tehisarusüsteemi kasutamist ja tulemusi kontrollitakse.",IT-juht,
a4e76a69f6f3a3dec3c51f754c9a5c35,SYS.5.15,SYS.5.15: Tehisarusüsteem,3.2,3.2 Põhimeetmed,8405a85d23bf542f0837ec18dd4a492f,SYS.5.15.M6,SYS.5.15.M6 Tehisarusüsteemi turvaline arendamine,"Vastutaja:  IT-juht 
 Elutsükli etapp:  Käitamine 
   
 b. Tehisarusüsteemi arendamisel arvestatakse lõimitud andmekaitse (ingl  data protection by design ) ja vaikimisi andmekaitse (ingl  data protection by default ) põhimõtteid. 
 c. Tehisarusüsteemi arendamisel kasutatakse ainult turvalistest allikatest saadud tarkvarateeke.",IT-juht,
a4e76a69f6f3a3dec3c51f754c9a5c35,SYS.5.15,SYS.5.15: Tehisarusüsteem,3.2,3.2 Põhimeetmed,4927b79975d26e6d50c253cf58ae20de,SYS.5.15.M11,SYS.5.15.M11 Tehisarumudeli sisendite ja väljundite valideerimine,"Vastutaja:  IT-juht 
 Elutsükli etapp:  Käitamine 
   
 a. Tehisarumudeli arhitektuur ja treenimiseks kasutatavad andmeallikad (ingl  data source ) ning hüperparameetrid on dokumenteeritud ja valideeritud. 
 b. Andmevalimite koostamise (ingl  data sampling ) ja andmete eeltöötluse (nt andmete puhastamise ja normaliseerimise) meetodid ja protsessid on dokumenteeritud. 
 c. Sisenditena kasutatakse ainult lubatud andmetüüpe, võimalusel on vabavormiliste sisendväljade kasutamine piiratud. 
 d. Tehisarumudeli toimimisest huvitatud osapooled on teadlikud tehisarumudeli arhitektuurist ja mudeli võimalikest piirangutest ning osalevad tehisarumudeli sisendite ja väljundite valideerimisel.",IT-juht,
a4e76a69f6f3a3dec3c51f754c9a5c35,SYS.5.15,SYS.5.15: Tehisarusüsteem,3.2,3.2 Põhimeetmed,648c1bdced0bdf4f7e1d246fa99ab03e,SYS.5.15.M16,SYS.5.15.M16 Tehisarusüsteemi tarneahela turvalisuse tagamine,"Vastutaja:  IT-juht 
 Elutsükli etapp:  Käitamine 
   
 a. Organisatsioon on kaardistanud kõik tehisarusüsteemiga seotud välised teenuseandjad, tarnijad ja teised välised osapooled. 
 b. Enne tehisarumudeli ja/või treenitud andmete hankimist väljastpoolt organisatsiooni veendutakse teenuseandja ja tarnija usaldusväärsuses ja mudeli võimekuses püstitatud eesmärke saavutada. 
 c. Väljastpoolt hangitud tehisarusüsteemi komponendid on ajakohased, omavad viimaseid turvauuendeid ja nende autentsust ja päritolu on võimalik tõendada (kas SBOMi ( Software Bill of Materials ) või seda asendava meetodiga). 
 d. Väljastpoolt organisatsiooni hangitud treeningandmete või tehisarumudeli vastu võtmisel veendutakse saadetise autentsuses ja tervikluses. 
 e. Organisatsioon on analüüsinud tehisarusüsteemi sõltuvust teistest IT-süsteemidest, taristukomponentidest ja välistest teenuseandjatest ning rakendanud meetmeid võimalike käideldavushäirete tagajärgede leevendamiseks. 
 f. Tehisarusüsteemi andmetele juurdepääsu omavate väliste osapooltega on sõlmitud sobivad konfidentsiaalsus- ja teenustasemelepped. 
 g. Väline teenuseandja töötleb andmeid ainult teenuse osutamiseks, mitte oma andmemudeli treenimise eesmärgil.",IT-juht,
a4e76a69f6f3a3dec3c51f754c9a5c35,SYS.5.15,SYS.5.15: Tehisarusüsteem,3.2,3.2 Põhimeetmed,e2aff6f0102b3419361715d2e498d756,SYS.5.15.M17,SYS.5.15.M17 Konfidentsiaalsete andmete kaitse,"Vastutaja:  IT-juht 
 Elutsükli etapp:  Käitamine 
   
 a. Tehisarumudeli treenimiseks kasutatud isikuandmed ja võimaluse korral ka tehisarusüsteemi väljundis sisalduvad isikuandmed on pseudonüümitud või anonüümitud. 
 b. Konfidentsiaalseid andmeid hoitakse (ingl  data at rest ) ja transporditakse (ingl  data in motion ) krüpteeritult. 
 c. Kui vajadus andmete edasiseks hoidmiseks puudub, eemaldatakse tehisarumudeli treenimiseks kasutatud konfidentsiaalsed andmed.",IT-juht,
a4e76a69f6f3a3dec3c51f754c9a5c35,SYS.5.15,SYS.5.15: Tehisarusüsteem,3.3,3.3 Standardmeetmed,63f4ae653d696c16986dfd8014b6da5c,SYS.5.15.M3,SYS.5.15.M3 Tehisarusüsteemi riskide kaalutlemine ja mõjuhinnangu läbiviimine,"Vastutaja:  IT-juht 
 Elutsükli etapp:  Kavandamine 
   
 a. On teostatud mõjuhinnang, kuidas tehisarusüsteem mõjutab äriprotsesside toimimist ja milline on tehisarusüsteemi turvalisuse riivest tulenev maksimaalne võimalik kahju. 
 b. On analüüsitud, milline on tehisarusüsteemi poolt tehtud otsuste mõju inimeste põhiõigustele või ühiskonnale tervikuna. 
 c. Isikuandmeid sisaldavate tehisarusüsteemide suhtes on läbi viidud andmekaitsealane mõjuhinnang. 
 d. Enne tehisarusüsteemi kasutuselevõttu on läbi viidud sellega seotud riskide kaalutlemine. Lisaks tüüpsetele tehnilistele ja korralduslikele ohtudele arvestatakse täiendavalt järgmiseid tehisarusüsteemi ohte: 
 
 läbipaistvuse kadu; 
 tulemite selgitamatus; 
 inimjärelvalve kadumine; 
 vastutuse puudumine; 
 tulemite ebaõigsus; 
 tehisarusüsteemi manipuleerimine; 
 ebapiisav arvutusjõudlus; 
 mittevastavus õigusaktide nõuetele. 
 
 e. Eksisteerib tegevuskava tehisarusüsteemidega seotud riskide käsitlemiseks. Jääkriskid on tippjuhtkonna poolt aktsepteeritud.",IT-juht,
a4e76a69f6f3a3dec3c51f754c9a5c35,SYS.5.15,SYS.5.15: Tehisarusüsteem,3.3,3.3 Standardmeetmed,6f7f1ac93e18e70ad3977e1be0c0534e,SYS.5.15.M4,SYS.5.15.M4 Vastutus tehisarusüsteemide eest,"Vastutaja:  Organisatsiooni juhtkond 
 Elutsükli etapp:  Kavandamine 
   
 a. Organisatsioon on määranud tehisarusüsteemidega seotud rollid ja otsustusmudelid kogu tehisarusüsteemi elutsükli ulatuses. 
 b. Igale tehisarusüsteemile on määratud andmete omanik ja konkreetse äriprotsessiga seotud tooteomanik. 
 c. On loodud juhtkonna tasemel tehisaru juhtrühm, kus regulaarselt vaadatakse üle tehisarusüsteemide arendusprojekte, seiratakse tehisarusüsteemidele seatud eesmärkide täitmist ning vastavust kehtestatud poliitikatele.",IT-juht,
a4e76a69f6f3a3dec3c51f754c9a5c35,SYS.5.15,SYS.5.15: Tehisarusüsteem,3.3,3.3 Standardmeetmed,2cd990ccd7209465fe1e80419110f710,SYS.5.15.M5,SYS.5.15.M5 Tehisarusüsteemide vastavus seadusandlusele,"Vastutaja:  IT-juht 
 Elutsükli etapp:  Kavandamine 
   
 a. Organisatsioon on määratlenud seadusandlusest tulenevad nõuded ja piirangud tehisarusüsteemide kasutuselevõtuks. 
 b. Organisatsioon on tehisarusüsteemi kavandamise käigus analüüsinud, et süsteemis kasutatavad andmed ja tarkvara ei riku intellektuaalomandi kaitset, autoriõigusi ega toodete litsentsitingimusi. Analüüsi tulem on dokumenteeritud. 
 c. Organisatsioon on arvestanud EL tehisintellektisüsteemide määrusest tulenevaid piiranguid tehisarusüsteemide kasutusviisidele. 
 d. Kui tehisarusüsteem liigitub tehisintellektisüsteemide määruse artikkel 6 kohaselt suure riskiga tehisintellektisüsteemiks, täidab organisatsioon kõiki määrusest tulenevaid nõudeid suure riskiga tehisarusüsteemide kavandamiseks, andmekvaliteedi tagamiseks, mudelite treenimiseks, testimiseks ja käitamiseks kogu toote elutsükli jooksul. 
 e. Isikuandmete töötlemine tehisarusüsteemis on vastavuses EL isikuandmete kaitse üldmääruse ja isikuandmete kaitse seaduse nõuetega. Eriliigilisi isikuandmeid kasutav tehisarusüsteem liigitub suure riskiga tehisintellektisüsteemiks, mille suhtes on kohustus rakendada täiendavaid turvameetmeid.",IT-juht,
a4e76a69f6f3a3dec3c51f754c9a5c35,SYS.5.15,SYS.5.15: Tehisarusüsteem,3.3,3.3 Standardmeetmed,e777de5e69f5d064b8f6818c82b1bc6b,SYS.5.15.M8,SYS.5.15.M8 Algandmete kvaliteedi tagamine,"Vastutaja:  IT-juht 
 Elutsükli etapp:  Käitamine 
   
 a. Organisatsioon on valinud andmemudelisse andmekoosseisu, mis on asjakohane, usaldusväärne ning piisav tehisarusüsteemi kasutuselevõtu eesmärkide saavutamiseks. Andmemudelis kasutatavad andmed on võimalikult täpsed, ajakohased ja terviklikud. 
 b. Kasutatakse ainult usaldusväärseid andmeallikaid. 
 c. Algandmete võimaliku manipuleerimise tõkestamiseks on juurdepääs andmetele piiratud. Algandmeid hoitakse ja algandmete komplekte transporditakse koos selle terviklust tõendava räsiga (ingl  hash ). 
 d. Eksisteerib protsess algandmetest vigaste kirjete avastamiseks, käsitlemiseks ja korrigeerimiseks. Andmete kvaliteeti kontrollitakse regulaarselt. 
 e. Algandmete saneerimise (ingl  data sanitization ) käigus tuvastatakse ja vajadusel eemaldatakse andmetest anomaalsed ja teistest analoogilistest andmetest tunduvalt erinevad andmepunktid. 
 f. Organisatsioon on koostanud andmesõnastiku (ingl  data dictionary ) ja dokumenteerinud metaandmete ning erinevate andmetüüpide salvestamise, vormindamise ja taasesitamise reeglid. 
 g. Andmemudelis kasutatavad andmed on klassifitseeritud vastavalt organisatsiooni teabehalduse korrale, arvestades teabe sensitiivsust ja võimalikke kasutuspiiranguid.",IT-juht,
a4e76a69f6f3a3dec3c51f754c9a5c35,SYS.5.15,SYS.5.15: Tehisarusüsteem,3.3,3.3 Standardmeetmed,08c4f53d5c0db9f0202de30471e63afd,SYS.5.15.M9,SYS.5.15.M9 Tehisarumudeli treenimine,"Vastutaja:  IT-juht 
 Elutsükli etapp:  Käitamine 
   
 a. Treenimiseks kasutatavad algandmed ja testimisel kasutatavad andmevalimid kajastavad võimalikult suurel määral reaalelulisi andmeid. 
 c. Tehisarumudeli treenimise kõigis etappides osaleb inimene ( human-in-the-loop principle ). 
 d. Tehisarumudeli treenimisel arvestatakse, kuidas mõjutavad tehisarumudeli tööd andmete eeldatavaid piirväärtusi ületavad erindid (ingl  outlier ). Võimalusel kasutatakse treenimisel statistilisi meetodeid (nt mediaanarvutus, Huber Loss funktsioon), mis vähendavad erindite mõju tehisarumudeli tulemustele. 
 e. Määratud ajavahemiku möödudes treenitakse tehisarumudel uuesti, kasutades selleks uusi, eelnevalt valideeritud lähteandmeid.",IT-juht,
a4e76a69f6f3a3dec3c51f754c9a5c35,SYS.5.15,SYS.5.15: Tehisarusüsteem,3.3,3.3 Standardmeetmed,54c3212e24031fa7398af536afa11bf2,SYS.5.15.M10,SYS.5.15.M10 Tehisarumudeli testimine,"Vastutaja:  IT-juht 
 Elutsükli etapp:  Käitamine 
   
 a. Tehisarumudeli treenimise ja testimise meetodid (nt A/B testimine), testistsenaariumid ja testitulemused on dokumenteeritud. 
 b. Testistsenaariumid ja -kriteeriumid on seostatud tehisarusüsteemi eesmärkide ja tehisarusüsteemile püstitatud nõuetega. 
 c. On testitud, et tahtlikult manipuleeritud või eeldatavaid piirväärtusi ületavad sisendandmed ei mõjuta tehisarusüsteemi jõudlust ega tekita käideldavushäireid. 
 d. On testitud vastavate näidisandmetega, milline on tehisarumudeli vastupanuvõime ummistusründe (ingl  denial of service attack ) ja sisendi süstimise (ingl  prompt injection ) ründe vastu.",IT-juht,
a4e76a69f6f3a3dec3c51f754c9a5c35,SYS.5.15,SYS.5.15: Tehisarusüsteem,3.3,3.3 Standardmeetmed,a86d5ad61facea0a51668e2250a89c56,SYS.5.15.M12,SYS.5.15.M12 Tehisarusüsteemi tulemuste õigsuse ja läbipaistvuse tagamine,"Vastutaja:  IT-juht 
 Elutsükli etapp:  Käitamine 
   
 a. Mõjuanalüüsis tulemustest lähtuvalt on koostatud tegevuskava tehisarusüsteemi tulemuste õigsuse ja läbipaistvuse regulaarseks hindamiseks. 
 b. Võimaliku andmemürgituse avastamiseks treenitakse tehisarumudeleid lähteandmete erinevate andmete alamhulkadega ning võrreldakse saadud tulemusi omavahel. 
 c. Kõrge riskiga kasutusjuhtudel valideerib ja kinnitab kõik tehisarusüsteemi poolt tehtud esialgsed otsused inimene. 
 d. Tehisarumudeli dokumentatsioon on piisava detailsusega ning võimaldab ka kõrvalseisjal aru saada, kuidas mudel on projekteeritud, treenitud ja millele tuginedes otsused tehakse. 
 e. Tehisarusüsteemi käitamise tulemused logitakse. Eksisteerib võimalus kontrollida, millised parameetrid, kuidas ja mis ajahetkel on tehisarusüsteemi otsuseid mõjutanud.",IT-juht,
a4e76a69f6f3a3dec3c51f754c9a5c35,SYS.5.15,SYS.5.15: Tehisarusüsteem,3.3,3.3 Standardmeetmed,ef71ea1a7d69e5e09ac28c4372c54bad,SYS.5.15.M13,SYS.5.15.M13 Tehisarusüsteemi seire,"Vastutaja:  IT-juht 
 Elutsükli etapp:  Käitamine 
   
 a. Tehisarusüsteemi toimimisega seonduvaid tehnilisi näitajaid seiratakse. Ootamatu muutus tehisarusüsteemi jõudluses võib viidata võimalikule andmemürgitusele või teenusetõkestusründele. 
 b. Viiakse läbi seiret, kuidas tehisarusüsteem käitub tavalisest erinevate sisendandmete puhul. Analüüsitakse, kas ja milline on erindite mõju tehisarusüsteemi jõudlusnäitajatele ja väljunditele. 
 c. Seire käigus tuvastatakse ka juhud, kui tehisarusüsteem on käideldav, aga annab soovimatuid tulemusi (nt andmemürgituse tagajärjel).",IT-juht,
a4e76a69f6f3a3dec3c51f754c9a5c35,SYS.5.15,SYS.5.15: Tehisarusüsteem,3.3,3.3 Standardmeetmed,4125979246e7663377d17239ac2c2e4d,SYS.5.15.M19,SYS.5.15.M19 Täiendavate tehniliste turvameetmete rakendamine,"Vastutaja:  Infoturbejuht 
 Elutsükli etapp:  Käitamine 
   
 b. Tehisarusüsteemile on sisendandmeid võimalik anda ainult usaldusväärsete ja kontrollitud andmevahetusliideste kaudu. Autentimata allikatest pärinevad sisendandmed on tõkestatud. 
 c. Kui tehisarusüsteemi tulem on mõne teise tagasüsteemi (ingl  backend system ) sisendiks, rakendatakse andmevahetusel nullusaldusmudeli (ingl  zero trust security model ) põhimõtteid. Tehisarusüsteemi väljundit valideeritakse võimalike süstimisrünnete avastamiseks. 
 e. Teenusetõkestusründe (ingl  denial-of-service attack ) ärahoidmiseks piiratakse ühe päringu töötlemiseks eraldatavaid ressursse ning ühe kasutaja poolt järjestikku tehtavate päringute arvu. 
 f. Andmete konsistentsuse ja tervikluse kontrollimiseks kasutatakse automatiseeritud skripte ja tööriistu.",IT-juht,
a4e76a69f6f3a3dec3c51f754c9a5c35,SYS.5.15,SYS.5.15: Tehisarusüsteem,3.4,3.4 Kõrgmeetmed,9f7ca96c49786d9bef82f9b988b4f067,SYS.5.15.M20,SYS.5.15.M20 Tehisarusüsteemi regulaarne hindamine,"Vastutaja:  IT-juht 
 Elutsükli etapp:  Käitamine 
 Turvakomponent:  C; I 
   
 a. Tehisarusüsteemi tulemite õigsust, õiglust ja erapooletust hinnatakse regulaarselt. 
 b. Tehisarusüsteemide poolt tehtud olulise mõjuga otsuste õigsuse, õigluse ja erapooletuse hindamist viib läbi organisatsioonist sõltumatu kolmas osapool.",IT-juht,
a4e76a69f6f3a3dec3c51f754c9a5c35,SYS.5.15,SYS.5.15: Tehisarusüsteem,3.4,3.4 Kõrgmeetmed,00ecfc1f1e0854a9c83e652cf49a90bf,SYS.5.15.M22,SYS.5.15.M22 DLP tööriistade kasutamine,"Vastutaja:  IT-juht 
 Elutsükli etapp:  Käitamine 
 Turvakomponent:  C 
   
 a. Konfidentsiaalsete andmete kaitseks rakendatakse andmekaotõrje (ingl  Data Loss Prevention , DLP) tööriistu. 
 b. DLP lahenduse seireks on määratud vastutajad ja loodud protseduur DLP alarmidele reageerimiseks ning seotud intsidentide lahendamiseks.",IT-juht,
c60f6f16692a7aa69246948c2d82693f,SYS.5.10,SYS.5.10: E-posti server,3.2,3.2 Põhimeetmed,9e5272d60c96cbfcdd1cc0ef8a9f0195,SYS.5.10.M1,SYS.5.10.M1 E-posti serveri kasutuselevõtu kavandamine,"Vastutaja:  IT-juht 
 Elutsükli etapp:  Kavandamine 
   
 a. E-posti serveri valikul arvestatakse vähemalt järgmist: 
 
 kasutajate arv; 
 postkasti keskmine ja maksimaalne maht; 
 vajatav funktsionaalsus (säilitamine, jagatud postkastid, postituslistid, aliased jne); 
 andmekaitse nõuded; 
 integratsioon AD ja teiste IT-süsteemidega (nt koosolekukutsed, piletisüsteem, sõnumirakendused). 
 
 b. On määratud e-posti teenuse kasutusmudel (kas paigaldatud organisatsiooni taristusse, kasutusel pilvteenusena või hübriidlahendusena).",IT-juht,
c60f6f16692a7aa69246948c2d82693f,SYS.5.10,SYS.5.10: E-posti server,3.2,3.2 Põhimeetmed,339b383ac0d6283eadbb63ceb66f6942,SYS.5.10.M2,SYS.5.10.M2 E-posti serveri turvaline käitus,"Vastutaja:  IT-juht 
 Elutsükli etapp:  Käitamine 
   
 a. On rakendatud meetmed e-posti serveri ummistusrünnete tõrjeks. 
 b. E-posti serveri ja klientide vaheline andmeside nii sise- kui välisvõrgus on krüpteeritud. 
 c. E-kirjade edasisaatmine ebaturvaliste ning krüpteerimata andmesideühenduste kaudu on keelatud. 
 d. On koostatud kirjalik loend konkreetses e-posti serveris lubatud protokollidest ja teenustest. 
 e. E-posti serveri kasutus spämmi vahendamiseks on välistatud. 
 f. Kasutajate postkastidele on seatud mahupiirang.",IT-juht,
c60f6f16692a7aa69246948c2d82693f,SYS.5.10,SYS.5.10: E-posti server,3.2,3.2 Põhimeetmed,7db0502691900fd189e533ee908856bc,SYS.5.10.M3,SYS.5.10.M3 E-kirjade andmevarundus ja arhiveerimine,"Vastutaja:  IT-juht 
 Elutsükli etapp:  Käitamine 
   
 a. E-kirjade varundamine ja arhiveerimine toimub kehtestatud korra alusel, milles on selgelt eristatud varundamise ja arhiveerimise eesmärgid ja kasutusjuhtumid. 
 b. E-posti serveris paiknevaid e-kirju ja metaandmeid varundatakse regulaarselt viisil, mis võimaldab andmete taastamist teenusekatkestuse, andmekao või turvaintsidendi korral. 
 c. Varundatud ja arhiveeritud e-kirju hoitakse turvaliselt, tagades nende konfidentsiaalsuse, tervikluse ja kättesaadavuse ning piirates juurdepääsu ainult volitatud isikutele. 
 d. Varukoopiate ja arhiveeritud andmete säilitustähtajad, kustutamise kord ja ligipääsuõigused on määratletud ning kooskõlas õigusaktide ja organisatsiooni andmekaitsenõuetega. 
 e. Varundatud e-kirjade taastatavust testitakse regulaarselt, et tagada varundusmeetmete toimivus.",IT-juht,
c60f6f16692a7aa69246948c2d82693f,SYS.5.10,SYS.5.10: E-posti server,3.2,3.2 Põhimeetmed,08d9e8057b813ef45856335b41bb23c7,SYS.5.10.M4,SYS.5.10.M4 E-posti serveri spämmi- ja viirusetõrje,"Vastutaja:  IT-juht 
 Elutsükli etapp:  Käitamine 
   
 a. E-posti serveril rakendatakse skaneerimisrakendust koos viirusetõrje tarkvaraga, millega sisenevatest ja väljuvatest e-kirjadest ja e-kirja manustest tuvastada spämmi ja kahjursisu. 
 b. Kui skanner ei ole võimeline krüpteeritud e-kirju skaneerimiseks dekrüpteerima, on rakendatud kompenseerivaid turvameetmeid.",IT-juht,
c60f6f16692a7aa69246948c2d82693f,SYS.5.10,SYS.5.10: E-posti server,3.3,3.3 Standardmeetmed,97ef9a4cf4f1a3df6ad5fd723b22f45a,SYS.5.10.M9,SYS.5.10.M9 Laiendatud turvameetmed e-posti serveril,"Vastutaja:  IT-juht 
 Elutsükli etapp:  Käitamine 
   
 a. E-posti serveril rakendatakse e-kirja saatnud serveri ehtsuse kontrollimise ja autentimise mehhanisme SPF (ingl  Sender Policy Framework ), DKIM (ingl  DomainKeys Identified Mail ) ja DMARC (ingl  Domain-based Message Authentication, Reporting and Conformance ). 
 b. SPF SoftFail (""~"") parameetrit kasutatakse ainult testimisotstarbel. 
 c. DMARC on seadistatud tõrke korral e-kirju karantiini panema või tagasi lükkama. 
 d. DMARC ründetuvastusraporteid vaadatakse üle regulaarselt. 
 e. E-posti serverite vahelise andmeside kaitseks on rakendatud MTA-STS ja/või DANE turvamehhanismid.",IT-juht,
c60f6f16692a7aa69246948c2d82693f,SYS.5.10,SYS.5.10: E-posti server,3.3,3.3 Standardmeetmed,3cce6457ee13a133fe3d1ef005e9172a,SYS.5.10.M20,SYS.5.10.M20 TLS-raportite kasutamine e-posti edastuse seireks,"Vastutaja:  IT-juht 
 Elutsükli etapp:  Käitamine 
   
 a. Organisatsioon kasutab e-posti edastamisel krüpteerimistõrgete tuvastamiseks TLS-raportite mehhanismi (TLS-RPT). 
 b. TLS-raportite kaudu saadud teavet kasutatakse e-posti krüpteerimise konfiguratsiooni ja töökindluse parandamiseks. 
 c. Asjakohastel juhtudel jagatakse TLS-raportite koondandmeid seotud osapooltega, arvestades infoturbe ja andmekaitse nõudeid.",IT-juht,
c60f6f16692a7aa69246948c2d82693f,SYS.5.10,SYS.5.10: E-posti server,3.4,3.4 Kõrgmeetmed,3ab48d056c49e8f0b265d1417f18fb58,SYS.5.10.M11,SYS.5.10.M11 E-posti serveri liiasus,"Vastutaja:  IT-juht 
 Elutsükli etapp:  Käitamine 
 Turvakomponent:  A 
   
 a. E-posti serverid on rakendatud liiasusega, samaaegselt on kasutuses mitu e-posti serverit. 
 b. On kindlaks määratud ja rakendatud reeglid e-posti serverite omavaheliseks sünkroonimiseks.",IT-juht,
79fb39d97846425d30944991d03749ec,SYS.5.11,SYS.5.11: Microsoft Exchange,3.2,3.2 Põhimeetmed,9fcb9bc60784345b8b4b70b212ca6148,SYS.5.11.M1,SYS.5.11.M1 Microsoft Exchange'i rakendamise kava,"Vastutaja:  IT-juht 
 Elutsükli etapp:  Kavandamine 
   
 a.  Microsoft Exchange 'i rakendamise kava koostamisel on arvestatud vähemalt järgmist: 
 
 meilitaristu struktuur; 
 Microsoft Exchange 'iga ühenduvad klient- ja serversüsteemid; 
 funktsioonilaienduste kasutamine; 
 kasutatavad protokollid. 
 
 b. Microsoft Exchange versioonivalikul on arvestatud tootjapoolse toe olemasolu ja turvauuendite saadavusega.",IT-juht,
79fb39d97846425d30944991d03749ec,SYS.5.11,SYS.5.11: Microsoft Exchange,3.2,3.2 Põhimeetmed,6a0d522bace571cb738749fb81a39339,SYS.5.11.M2,SYS.5.11.M2 Microsoft Exchange'iga sobiv taristu,"Vastutaja:  IT-juht 
 Elutsükli etapp:  Kavandamine 
   
 a. Rakendamise kavale tuginedes on valitud sobivad  Microsoft Exchange 'i taristu komponendid, loodud taristu struktuur ja otsustatud, millises järjekorras taristu teostatakse. 
 b. On tehtud põhjendatud valik pilv- ja lokaalteenuse vahel.",IT-juht,
79fb39d97846425d30944991d03749ec,SYS.5.11,SYS.5.11: Microsoft Exchange,3.2,3.2 Põhimeetmed,6ff195c370d4195e56a0fcf2b46cb534,SYS.5.11.M3,SYS.5.11.M3 Microsoft Exchange'i pääsuõiguste haldus,"Vastutaja:  IT-juht 
 Elutsükli etapp:  Käitamine 
   
 a.  Microsoft Exchange 'i taristu süsteemide jaoks on koostatud ja dokumenteeritud pääsuõiguste halduse kord. 
 b. IT-talitus kasutab  Microsoft Exchange 'i poole pöördumiseks serveripoolseid kasutajaprofiile. 
 c. NTFS tüüpõigused on seatud nii, et  Microsoft Exchange 'i kataloogi juurdepääs on ainult volitatud halduritel ja vajalikel süsteemikontodel.",IT-juht,
79fb39d97846425d30944991d03749ec,SYS.5.11,SYS.5.11: Microsoft Exchange,3.2,3.2 Põhimeetmed,041a6df67f2bc06b054997e4a2d08865,SYS.5.11.M5,SYS.5.11.M5 Microsoft Exchange'i varundus,"Vastutaja:  IT-juht 
 Elutsükli etapp:  Käitamine 
   
 a.  Microsoft Exchange 'i andmeid varundatakse regulaarselt. 
 b.  Microsoft Exchange 'i andmebaase varundatakse lisaks veel enne uuendite installimist ja enne konfiguratsiooni muudatusi. 
 c. Kustutatud  Microsoft Exchange 'i objektid eemaldatakse andmebaasist lõplikult alles pärast määratud aja möödumist.",IT-juht,
79fb39d97846425d30944991d03749ec,SYS.5.11,SYS.5.11: Microsoft Exchange,3.3,3.3 Standardmeetmed,85505c1b87a76b1290a3748229a6d93d,SYS.5.11.M7,SYS.5.11.M7 Microsoft Exchange'i migreerimise kava,"Vastutaja:  IT-juht 
 Elutsükli etapp:  Kavandamine 
   
 a. Migreerimise etapid on hoolikalt kavandatud ja dokumenteeritud. Migreerimise kavas on arvestatud postkastide, objektide, turvapoliitikate,  Active Directory Domain Service  ülesehituse, meilisüsteemide ning  Microsoft Exchange 'i ja meilikliendi versioonide funktsioonide erinevustega. 
 b. Enne installimist töökeskkonda on uut süsteemi testitud eraldi testimisvõrgus. Testimise tulemused on dokumenteeritud.",IT-juht,
79fb39d97846425d30944991d03749ec,SYS.5.11,SYS.5.11: Microsoft Exchange,3.3,3.3 Standardmeetmed,4ab08db13a07fff8139d3f6c94785bf5,SYS.5.11.M9,SYS.5.11.M9 Microsoft Exchange'i serveri turvaline konfiguratsioon,"Vastutaja:  IT-juht 
 Elutsükli etapp:  Käitamine 
   
 a.  Microsoft Exchange 'I serveri konfigureerimisel arvestatakse tootja antud soovitusi turvalisuse parendamiseks. 
 b.  Microsoft Exchange 'i konnektorite konfiguratsioon on turvaline. Konnektorite konfiguratsiooni muudatused dokumenteeritakse. 
 c.  Microsoft Exchange 'i tegevuste logimine on aktiveeritud. 
 d. Funktsioonilaienduste (nt  Microsoft Exchange ActiveSync , pordi peegeldamine, spämmifilter,  Outlook Web App  või lekketõrje) kasutuselevõtul on arvestatud nende turvaaspekte.",IT-juht,
79fb39d97846425d30944991d03749ec,SYS.5.11,SYS.5.11: Microsoft Exchange,3.3,3.3 Standardmeetmed,919a478f5f15b52d68c2b2d48e376886,SYS.5.11.M11,SYS.5.11.M11 Microsoft Exchange'i ühenduste turve,"Vastutaja:  IT-juht 
 Elutsükli etapp:  Käitamine 
   
 a. On määratud ja dokumenteeritud, milliste turvamehhanismidega suhtlust Microsoft Exchange'i süsteemidega kaitstakse. 
 b. On rakendatud meetmed järgmiste komponentide kaitseks: 
 
 haldusliidesed; 
 klient-server-suhtlus; 
 olemasolevad  WebDAV -liidesed; 
 serveritevaheline suhtlus ja sõnumside; 
 avaliku võtme taristu, millel  Outlooki  e-kirjade krüpteerimine põhineb (S/MIME).",IT-juht,
79fb39d97846425d30944991d03749ec,SYS.5.11,SYS.5.11: Microsoft Exchange,3.3,3.3 Standardmeetmed,95066248b0edca2d4784f663a50e4feb,SYS.5.11.M12,SYS.5.11.M12 Microsoft Exchange'i juurdepääsu turve,"Vastutaja:  IT-juht 
 Elutsükli etapp:  Käitamine 
   
 a.  Outlook Anywhere ,  MAPI over HTTP ja Outlook Web App  on konfigureeritud vastavalt organisatsiooni turvanõuetele ja  Microsoft Exchange 'i turvaeeskirjale. 
 b.  Microsoft Exchange 'i juurdepääs Interneti kaudu on antud ainult põhjendatud vajaduse alusel määratud kasutajatele.",IT-juht,
79fb39d97846425d30944991d03749ec,SYS.5.11,SYS.5.11: Microsoft Exchange,3.4,3.4 Kõrgmeetmed,190183d25091ab9835fe2dd5d39b62f3,SYS.5.11.M17,SYS.5.11.M17 Microsoft Exchange'i süsteemi andmebaaside krüpteerimine,"Vastutaja:  IT-juht 
 Elutsükli etapp:  Käitamine 
 Turvakomponent:  C 
   
 a. On dokumenteeritud juhend PST-failide ja  Managed Store 'i krüpteerimiseks. 
 b. Kasutajaid on koolitatud PST-failide krüpteerimise ja turvamehhanismide kasutamise alal. 
 c. Lokaalse arvuti PST-failis hoitavate e-kirjade turbe tagamiseks kasutatakse kas failisüsteemi põhist krüpteeringut (nt  Encrypting File System , EFS) või kõvaketta krüpteerimist (nt  Windows BitLocker ).",IT-juht,
5c956ab8a98e6fb0c9ebbf9369df9205,SYS.5.18,SYS.5.18: Töölaua virtualiseerimine,3.2,3.2 Põhimeetmed,9d976fcfeb19a5caf3df7f5674063928,SYS.5.18.M1,SYS.5.18.M1 Virtuaalklientide kasutuselevõtu kavandamine,"Vastutaja:  IT-juht 
 Elutsükli etapp:  Kavandamine 
   
 a. Organisatsioon on määratlenud, mis eesmärgil virtuaalse töölaua süsteemi (inglise keeles  Virtual Desktop Infrastructure , VDI) kasutatakse ja milliseid rakendusi selleks virtuaalklientides vajatakse. 
 b. On analüüsitud rakenduste nõudeid virtualiseerimistaristule ja mis tahes täiendavale riistvarale (nt graafikakaartidele). 
 c. Virtualiseerimisserveris on virtuaalklientide kasutuselevõtuks piisavad protsessori-, mälu- ja andmesalvestusressursid.",IT-juht,
5c956ab8a98e6fb0c9ebbf9369df9205,SYS.5.18,SYS.5.18: Töölaua virtualiseerimine,3.2,3.2 Põhimeetmed,625ce345fa513fac76b4aede85d6c1ba,SYS.5.18.M2,SYS.5.18.M2 Virtuaalklientide võrguarhitektuuri kavandamine,"Vastutaja:  IT-juht 
 Elutsükli etapp:  Kavandamine 
   
 a. Virtuaalklientide võrguühendus ning virtuaalklientide kasutamiseks vajalikud võrguteenused on teostatud piisava jõudlusvaruga. 
 b. Virtuaalkliendid ja virtuaalserverid on paigaldatud erinevatesse võrgusegmentidesse. 
 c. On analüüsitud, kas ja mil määral tuleb piirata virtuaalklientide suhtlust ebausaldusväärsete võrkudega.",IT-juht,
5c956ab8a98e6fb0c9ebbf9369df9205,SYS.5.18,SYS.5.18: Töölaua virtualiseerimine,3.2,3.2 Põhimeetmed,87c5baff665e84e55f77e101e78d6991,SYS.5.18.M3,SYS.5.18.M3 Virtuaalkliendi kaitse kahjurvara eest,"Vastutaja:  IT-juht 
 Elutsükli etapp:  Käitamine 
   
 a. Virtuaalklientides on rakendatud kahjurvara vastased kaitsemeetmed. 
 b. Kahjurvaratõrje tarkvara on rakendatud keskselt kogu virtualiseerimistaristule, detsentraliseeritult virtuaalklientides või segavormis.",IT-juht,
5c956ab8a98e6fb0c9ebbf9369df9205,SYS.5.18,SYS.5.18: Töölaua virtualiseerimine,3.3,3.3 Standardmeetmed,08dc470006cbf0271e56d53fc3aaf92e,SYS.5.18.M5,SYS.5.18.M5 Täiendav võrgu segmentimine,"Vastutaja:  IT-juht 
 Elutsükli etapp:  Käitamine 
   
 a. Virtuaalkliendid on paigaldatud erinevatesse võrgusegmentidesse, kui neid eristavad järgmised kriteeriumid: 
 
 virtuaalse töölaua kasutusstsenaariumid; 
 virtuaalklientide kasutajagrupid ja kasutajate pääsuõigused; 
 virtuaalklientidesse installitud ja kasutajatele kättesaadavaks tehtud rakendused; 
 töödeldavate andmete kaitsevajadus; 
 virtuaalklientide toimimiseks vajalikud võrguühendused.",IT-juht,
5c956ab8a98e6fb0c9ebbf9369df9205,SYS.5.18,SYS.5.18: Töölaua virtualiseerimine,3.3,3.3 Standardmeetmed,a15ae15ff245e78b4f5d9873c4f4bbd6,SYS.5.18.M6,SYS.5.18.M6 Virtuaalklientide kohaliku andmesalvestuse keelamine,"Vastutaja:  IT-juht 
 Elutsükli etapp:  Käitamine 
   
 a. Kasutajate loodud või töödeldud andmed salvestatakse väljaspool virtuaalklienti asuvasse salvestuskohta. 
 b. Virtuaalkliendi kasutaja ei saa andmeid virtuaalkliendist oma kohalikesse IT-süsteemidesse üle kanda. Kui selline ülekanne on vajalik, on piirdutud vajaliku miinimumiga.",IT-juht,
5c956ab8a98e6fb0c9ebbf9369df9205,SYS.5.18,SYS.5.18: Töölaua virtualiseerimine,3.3,3.3 Standardmeetmed,dda67d3e5dfe362b769b92b8dad37d35,SYS.5.18.M7,SYS.5.18.M7 Seansside automaatne lukustamine ja ühenduse katkestamine,"Vastutaja:  Kasutaja 
 Elutsükli etapp:  Käitamine 
   
 a. Pärast kliendipoolset terminaliserveri seansi sulgemist virtuaalkliendi aktiivne seanss lukustatakse. 
 b. Pärast eelnevalt määratletud pikkusega passiivsusperioodi katkestatakse automaatselt kliendi ja virtuaalkliendi vaheline ühendus. Kui vastava virtuaalkliendi kasutusotstarve seda võimaldab, viiakse virtuaalklient pärast ühenduse katkestamist mitteaktiivsesse olekustaatusesse.",IT-juht,
5c956ab8a98e6fb0c9ebbf9369df9205,SYS.5.18,SYS.5.18: Töölaua virtualiseerimine,3.3,3.3 Standardmeetmed,a4b06854ade1abfd9fff826039c750e9,SYS.5.18.M8,SYS.5.18.M8 Virtuaalklientide tugevdamismeetmete rakendamine,"Vastutaja:  Kasutaja 
 Elutsükli etapp:  Käitamine 
   
 a. Virtuaalklientide tugevdamisel (ingl  hardening ) on arvestatud järgmisi võimalusi: 
 
 andmeedastuse piiramine juurdepääsu- ja virtuaalklientide vahel; 
 juurdepääsu piiramine välisseadmetele ja välistele andmekandjatele; 
 rakenduse käitamine ainult vastavasisulise loa alusel; 
 virtualiseerimistaristu mittevajalike võrguteenuste keelamine.",IT-juht,
5c956ab8a98e6fb0c9ebbf9369df9205,SYS.5.18,SYS.5.18: Töölaua virtualiseerimine,3.3,3.3 Standardmeetmed,0d7b09c8f99822a5769fae890a346cde,SYS.5.18.M9,SYS.5.18.M9 Virtuaalklientide integreerimine keskse paiga- ja muudatusehaldusega,"Vastutaja:  IT-juht 
 Elutsükli etapp:  Käitamine 
   
 a. Virtuaalklientide rakenduste paigaldamine toimub keskselt hallatavalt. 
 b. Virtuaalklientide kettatõmmisefaile (ingl  image file ) hallatakse keskses asukohas. 
 c. Virtuaalklientide kettatõmmisefaile uuendatakse ja testitakse regulaarselt.",IT-juht,
5c956ab8a98e6fb0c9ebbf9369df9205,SYS.5.18,SYS.5.18: Töölaua virtualiseerimine,3.3,3.3 Standardmeetmed,d8b8aa71fc3188f65f16e134c2179c9e,SYS.5.18.M10,SYS.5.18.M10 Vajaduspõhine riistvararessursside jaotamine,"Vastutaja:  IT-juht 
 Elutsükli etapp:  Käitamine 
   
 a. Virtuaalkliendi kasutajarollide ja kasutaja tööks vajalike tegevuste alusel on määratud erinevate kasutajarühmade jõudlusnõuded. 
 b. Määratud jõudlusnõudeid kasutatakse selleks, et otsustada, kui palju ressursse igale virtuaalkliendile kättesaadavaks tehakse. 
 c. Täiendavaid ressursse võimaldatakse ainult vastava vajaduse korral.",IT-juht,
5c956ab8a98e6fb0c9ebbf9369df9205,SYS.5.18,SYS.5.18: Töölaua virtualiseerimine,3.3,3.3 Standardmeetmed,e7762c4e17290dada9141037e28a4d3f,SYS.5.18.M11,SYS.5.18.M11 Virtuaalmasinate loomise keelamine virtuaalklientides,"Vastutaja:  IT-juht 
 Elutsükli etapp:  Käitamine 
   
 a. Virtuaalklientidele täiendavate virtuaalsete IT-süsteemide (nt virtuaalmasinate) loomine on keelatud. 
 b. Kui virtuaaltaristus on funktsioone, mis võimaldavad tehniliselt virtuaalkliendis virtuaalmasinate loomist piirata, on need funktsioonid aktiveeritud.",IT-juht,
5c956ab8a98e6fb0c9ebbf9369df9205,SYS.5.18,SYS.5.18: Töölaua virtualiseerimine,3.3,3.3 Standardmeetmed,eb40287ba23483419566968a86e871ed,SYS.5.18.M15,SYS.5.18.M15 Virtuaalklientide seire,"Vastutaja:  IT-juht 
 Elutsükli etapp:  Käitamine 
   
 a. Virtuaalklientide toimimist seiratakse keskselt. 
 b. Virtuaalklientide seirel vaadeldakse järgmisi parameetreid: 
 
 virtuaalklientide kättesaadavus kõigi ettenähtud võrguliideste kaudu; 
 virtuaalklientide protsessori kasutus; 
 virtuaalklientide mälu kasutusmaht; 
 virtuaalklientide vaba kõvaketta maht; 
 juurdepääsuks kasutatavate terminaliserveri teenuste käideldavus.",IT-juht,
5c956ab8a98e6fb0c9ebbf9369df9205,SYS.5.18,SYS.5.18: Töölaua virtualiseerimine,3.4,3.4 Kõrgmeetmed,6ec80bcf56af7b956417c9e70518a055,SYS.5.18.M13,SYS.5.18.M13 Virtuaalklientide omavahelise andmevahetuse piiramine,"Vastutaja:  IT-juht 
 Elutsükli etapp:  Käitamine 
 Turvakomponent:  C; I 
   
 a. Virtuaalklientide omavaheline andmevahetus OSI mudeli 2. kihi (OSI  data link layer ) virtuaalsete kommutaatorite kaudu on blokeeritud.",IT-juht,
5c956ab8a98e6fb0c9ebbf9369df9205,SYS.5.18,SYS.5.18: Töölaua virtualiseerimine,3.4,3.4 Kõrgmeetmed,4102130a1f4006d41e175336c32890e9,SYS.5.18.M14,SYS.5.18.M14 Virtuaalklientide täiendavad turvameetmed,"Vastutaja:  IT-juht 
 Elutsükli etapp:  Käitamine 
 Turvakomponent:  C; I; A 
   
 a. On kasutusele võetud virtuaalklientide mikrosegmentimine. 
 b. Virtuaaltaristule on rakendatud sissetungituvastuse süsteem (ingl  intrusion detection system , IDS) või sissetungitõrje süsteem (ingl  intrusion prevention system , IPS).",IT-juht,
5c956ab8a98e6fb0c9ebbf9369df9205,SYS.5.18,SYS.5.18: Töölaua virtualiseerimine,3.4,3.4 Kõrgmeetmed,ad8a993bdbc6a23b13f281eabc801820,SYS.5.18.M16,SYS.5.18.M16 Virtuaalklientide täiendav logimine,"Vastutaja:  IT-juht 
 Elutsükli etapp:  Käitamine 
 Turvakomponent:  C; I; A 
   
 a. Keskses logiserveris talletatakse vähemalt järgmised virtuaalklientide sündmused: 
 
 haldustoimingud; 
 teostatud konfiguratsioonimuudatused; 
 tarkvara installimine; 
 edukad ja ebaõnnestunud tarkvarauuendused; 
 kahjurvaratõrje tarkvara teated.",IT-juht,
5c956ab8a98e6fb0c9ebbf9369df9205,SYS.5.18,SYS.5.18: Töölaua virtualiseerimine,3.4,3.4 Kõrgmeetmed,88a0ea521404907423fd2fec9b0b3073,SYS.5.18.M17,SYS.5.18.M17 Virtuaalklientide sündmuste lisamine turvasündmuste seiresse,"Vastutaja:  IT-juht 
 Elutsükli etapp:  Käitamine 
 Turvakomponent:  C; I; A 
   
 a. Virtuaalklientide turvasündmused on lisatud kesksesse turvateabe ja -sündmuste halduse süsteemi (ingl  security information and event management , SIEM). 
 b. Virtuaalklientidele kohaldatakse regulaarseid ning automaatseid turvanõrkuste olemasolu kontrolle.",IT-juht,
5c956ab8a98e6fb0c9ebbf9369df9205,SYS.5.18,SYS.5.18: Töölaua virtualiseerimine,3.4,3.4 Kõrgmeetmed,ec91a33debef06b50933bbe33b603b5a,SYS.5.18.M18,SYS.5.18.M18 Kõrgkäideldav virtualiseerimistaristu,"Vastutaja:  IT-juht 
 Elutsükli etapp:  Käitamine 
 Turvakomponent:  A 
   
 a. Virtualiseerimistaristu tagab virtuaalklientide kõrgkäideldavuse. 
 b. Virtualiseerimisserverid on rajatud liiasusega (ingl  redundancy ). 
 c. Virtualiseerimisserveri käideldavushäire või tuvastatud ressursipuuduse korral viiakse virtuaalkliendid automaatselt üle või käivitatakse uuesti teises virtualiseerimisserveris.",IT-juht,
74092a3aaa4f2da2f72d9cbc220efd73,SYS.5.13,SYS.5.13: Microsoft Active Directory Domain Services,3.2,3.2 Põhimeetmed,466bd9b1befcb5aa8045f258827feaf0,SYS.5.13.M1,SYS.5.13.M1 AD DS kavandamine,"Vastutaja:  IT-juht 
 Elutsükli etapp:  Kavandamine 
   
 a. AD DS struktuur põhineb AD metsa ja domeenide funktsionaaltasemel, mis on teadaolevalt turvaline ja vastab tootja poolt toetatud lahendustele. 
 b. On kehtestatud vajaduse- ja rollipõhine AD õiguste määramise ja delegeerimise kord. 
 c. AD DS kavandamisel on dokumenteeritud: 
 
 AD struktuur ning AD domeenide jaotus AD puudesse (ingl  AD tree ) ja AD metsadesse (ingl  AD forest ); 
 AD liidendusteenuse (ingl  Active Directory Federation Service - ADFS) kasutamine ja usaldusseosed; 
 kasutajate ja arvutite kuuluvus domeenidesse. 
 
 d. Iga domeeni kohta on otsustatud: 
 
 vajalikud AD objektid ja nende hierarhia; 
 arvuti- ja kasutajatüüpidest sõltuvad turvasätted; 
 rühmapoliitikad (ingl Group Policy); 
 vajaduspõhised AD andmete juurdepääsu subjektid ja liidesed; 
 automaatselt genereeritavad ja muud usaldusseosed. 
 
 e. Iga AD-objekti kohta dokumenteeritakse järgmised andmed: 
 
 nimetus ja asukoht AD puus; 
 otstarve; 
 AD-objektile kehtestatud haldusjuurdepääsuõigused; 
 õiguste pärilikkuse konfiguratsioon; 
 seos rühmapoliitikaga.",IT-juht,
74092a3aaa4f2da2f72d9cbc220efd73,SYS.5.13,SYS.5.13: Microsoft Active Directory Domain Services,3.2,3.2 Põhimeetmed,66e9a367938c266c807c55552ff639ce,SYS.5.13.M3,SYS.5.13.M3 Rühmapoliitikad tööks Windowsiga,"Vastutaja:  IT-juht 
 Elutsükli etapp:  Kavandamine 
   
 a. Konfiguratsioonisätete (sh turvasätete) kogumiku rakendamine objektirühmadele toimub dokumenteeritud rühmapoliitikate alusel. 
 b. Rühmapoliitika objektide (ingl  Group Policy Object , GPO) parameetrid määratakse vastavalt kavandatud rühmapoliitikatele. Erandid dokumenteeritakse. 
 c. Kõikidele rühmapoliitika objektidele on määratud vajaduspõhised juurdepääsupiirangud. 
 d. Igasse organisatsiooniüksuse (ingl  Organizational Unit  - OU) objektide rühmitusse kuuluvad ainult ühesuguse poliitikaga objektid. 
 e. Juurdepääs rühmapoliitikate konfigureerimisele on vajaduspõhiselt piiratud. 
 f. Rühmapoliitika konfiguratsiooniga on määratud: 
 
 paroolireeglid; 
 konto blokeerimise kriteeriumid; 
 Kerberose kasutamine; 
 seire; 
 kasutajaõiguste andmine; 
 turvamehhanismide konfiguratsioon; 
 vastavushalduri (ingl  Security Compliance Manager , SCM) kasutamine.",IT-juht,
74092a3aaa4f2da2f72d9cbc220efd73,SYS.5.13,SYS.5.13: Microsoft Active Directory Domain Services,3.2,3.2 Põhimeetmed,7b0cb81d01087110a1e6356a2b13b086,SYS.5.13.M5,SYS.5.13.M5 Domeenikontrolleri turvalisuse tõstmine,"Vastutaja:  IT-juht 
 Elutsükli etapp:  Käitamine 
   
 a. Domeenikontrolleri (ingl  Domain Controller , DC) vaikekontod on kaitstud piisavalt tugevate paroolidega ja neid kasutatakse üksnes avariikontodena. 
 b. Domeenikontrollerid on turvameetmetega kaitstud nii operatsioonisüsteemi kui AD tasemel. 
 c. Domeenikontrolleri logidele määratud suurus on vastavuses logimist ja infoturvasündmuste tuvastamist käsitlevatele poliitikatele ja eeskirjadele. 
 d. Domeenikontrollerisse tohivad lokaalselt sisse logida vaid domeenihaldurid. Tavakasutajate tegevused domeenikontrolleris on blokeeritud. 
 e. Domeenikontroller ei anna peale domeenikontrolleri jaoks vajalike standardteenuste (nt Active Directory, Kerberos ja DNS) lisaks rakendusteenuseid (nt DFS, DHCP). 
 f. Domeenikontroller ei jaga faile ühiskasutusse. 
 g. Domeenikontrollerit ei kasutata arvutitöökohana (Interneti ja väliste andmekandjate kasutamine on keelatud). 
 i. Domeenikontrollerist tehakse regulaarselt varukoopiaid. 
 j. Domeenikontrolleri jaoks on koostatud taasteplaan. Ühe taastevõimalusena on võimalik domeenikontroller buutida AD taasterežiimis (ingl  Directory Services Restore Mode , DSRM). 
 k. AD taasterežiim on kaitstud sobiva parooliga. Sellel režiimil tohib toiminguid teha ainult nelja silma põhimõtte kohaselt. 
 l. Domeenikontrollerit kaitstakse volitamata taaskäivituse eest.",IT-juht,
74092a3aaa4f2da2f72d9cbc220efd73,SYS.5.13,SYS.5.13: Microsoft Active Directory Domain Services,3.2,3.2 Põhimeetmed,34d93258a90cdc59017c78f79d1f7403,SYS.5.13.M6,SYS.5.13.M6 Active Directory Domain Service käituse turve,"Vastutaja:  IT-juht 
 Elutsükli etapp:  Käitamine 
   
 a. AD domeenide ja AD metsade (ingl  AD forest ) usaldusseoseid analüüsitakse regulaarselt. 
 b. Kui domeen ei vaja kahesuunalisi usaldusseoseid teiste samasse AD metsa kuuluvate domeenidega, paigutatakse see domeen ümber eraldi AD metsa. 
 c. Domeenidevahelistes usaldusseostes filtreeritakse ja anonüümitakse õiguste andmed. 
 d. Usaldusseoste turbe tõstmiseks kasutatakse turvavõtmete (ingl  Security Identifier  + SID) põhist juurdepääsu filtreerimist. 
 e. Regulaarselt ajakohastatakse AD olulisemaid konfiguratsiooniparameetreid, sealhulgas vähemalt: 
 
 rühmapoliitika objektid; 
 usaldussuhted; 
 domeenikontrollerite struktuur; 
 dubleerimise topoloogia; 
 andmebaasi omadused; 
 domeenikontrolleris paigaldatud turvauuendid; 
 varuandmekandjad.",IT-juht,
74092a3aaa4f2da2f72d9cbc220efd73,SYS.5.13,SYS.5.13: Microsoft Active Directory Domain Services,3.2,3.2 Põhimeetmed,afe3e78eeca4ebc4e151cba79a959007,SYS.5.13.M7,SYS.5.13.M7 Active Directory Domain Service turvaline haldus,"Vastutaja:  IT-juht 
 Elutsükli etapp:  Käitamine 
   
 a. Teenusehalduskontosid haldavad üksnes teenusehaldurite rühma liikmed. 
 b. Enne konto lisamist eelmääratud AD DS kontorühma kontrollitakse, kas kõik rühmale antud õigused on kontoga seotud tegevuste jaoks tarvilikud. 
 c. Skeemihaldurite rühma (ingl  Schema-Admins ) lisatakse haldurid üksnes ajutiselt, skeemimuudatuste ajaks. Pärast skeemi muutmist liikmed eemaldatakse rühmast. 
 d. Haldurite rühmadesse (ingl  Domain Admins ) kuuluvaid eelisõigustega kasutajakontosid kasutatakse ainult vajaduspõhiselt. 
 e. Andmepääsude reguleerimiseks globaalses kataloogis ei kasutata domeenipõhiseid rühmi, vaid globaalseid või universaalseid rühmi.",IT-juht,
74092a3aaa4f2da2f72d9cbc220efd73,SYS.5.13,SYS.5.13: Microsoft Active Directory Domain Services,3.2,3.2 Põhimeetmed,15b8593914e9f048a9a73d0e1a6e1681,SYS.5.13.M16,SYS.5.13.M16 AD DS kontode tugevdamine,"Vastutaja:  IT-juht 
 Elutsükli etapp:  Käitamine 
   
 a. AD DS vaikekontodele on seatud keerukad ja kordumatud paroolid. 
 b. Integreeritud ""külalise"" (ingl  Guest ) konto on suletud. 
 c. Kasutajarühma ""igaüks"" (ingl  Everyone ) pääsuõigused on vajaduspõhiselt piiratud. 
 d. Eeliskontod (ingl  privileged accounts ) kuuluvad rühma  Protected Users . 
 e. Teenusekontod kuuluvad rühma  Managed Service Accounts . 
 f. Juurdepääs AD objektile  AdminSDHolder  on piiratud. 
 g. Kontosid kustutatakse ainult juhul, kui konto kasutamise ajaloo vaatamise ja logide hoidmise tähtajad möödunud. 
 h. Kontodele on rakendatud järgmised piirangud: 
 
 Deny access to this computer from the network; 
 Deny log on as a batch job; 
 Deny log on as a service; 
 Deny log on through Remote Desktop Services.",IT-juht,
74092a3aaa4f2da2f72d9cbc220efd73,SYS.5.13,SYS.5.13: Microsoft Active Directory Domain Services,3.2,3.2 Põhimeetmed,c5e8d400d595ce3d15e2184d50719787,SYS.5.13.M17,SYS.5.13.M17 AD metsa halduskontode kasutamise piiramine,"Vastutaja:  IT-juht 
 Elutsükli etapp:  Käitamine 
   
 a. Laialdaste pääsuõigustega AD metsa ja domeenide halduskontode kasutamine on lubatud ainult vajalikes IT-süsteemides. 
 b. Kasutajarühmadesse  Schema Admins ,  Enterprise Admins  ja  Domain Admins  kuuluvad kontod saavad sisse logida ainult domeenikontrollerisse.",IT-juht,
74092a3aaa4f2da2f72d9cbc220efd73,SYS.5.13,SYS.5.13: Microsoft Active Directory Domain Services,3.2,3.2 Põhimeetmed,570f0eee6555b0339fe455e3c236c545,SYS.5.13.M18,SYS.5.13.M18 AD arvutiobjektide domeeni lisamise piiramine,"Vastutaja:  IT-juht 
 Elutsükli etapp:  Käitamine 
   
 a. AD arvutiobjekte (tööjaamu ja teisi IT-seadmeid) saavad domeeni juurde lisada ainult vastavate halduskontode kasutajad.",IT-juht,
74092a3aaa4f2da2f72d9cbc220efd73,SYS.5.13,SYS.5.13: Microsoft Active Directory Domain Services,3.3,3.3 Standardmeetmed,bc2efb59c46195bf65869739a63c6156,SYS.5.13.M8,SYS.5.13.M8 Turvalise kanali konfigureerimine Windowsis,"Vastutaja:  IT-juht 
 Elutsükli etapp:  Käitamine 
   
 a. Windowsis on tundlike andmete edastuseks konfigureeritud turvanõuetele ja rühmapoliitika parameetritele vastav turvaline ja krüpteeritud andmevahetuskanal (ingl  Secure Channel ). 
 b. Turvalise kanali kasutamine on aktiveeritud kõikides domeeni klientsüsteemides.",IT-juht,
74092a3aaa4f2da2f72d9cbc220efd73,SYS.5.13,SYS.5.13: Microsoft Active Directory Domain Services,3.3,3.3 Standardmeetmed,c9cb15080e151e4d08b8fa7550aa9fed,SYS.5.13.M9,SYS.5.13.M9 Turvaline autentimine AD DS keskkonnas,"Vastutaja:  IT-juht 
 Elutsükli etapp:  Käitamine 
   
 a. AD keskkonnas kasutatakse võimalusel Kerberose autentimisprotokolli turvaseadistuses AES256_HMAC_SHA1 või AES128_HMAC_SHA1. 
 b. Autentimine LM-i ja NTLMv1-i kaudu on blokeeritud. Kui pärandsüsteemide tõttu pole veel võimalik Kerberost kasutada, siis minnakse esmalt üle vähemalt NTLMv2-le ja koostatakse kava ning määratakse tähtajad Kerberose kasutuselevõtuks. 
 c. Domeenikontrollerite vaheline ning domeenikontrollerite ja domeeni klientarvutite vaheline SMB-liiklus on signeeritud. SMBv1 protokolli kasutamine on blokeeritud. 
 d. Anonüümne juurdepääs domeenikontrolleritele on blokeeritud. 
 e. LDAP sessioonid on signeeritud, kasutusele on võetud  Channel Binding Token , CBT.",IT-juht,
74092a3aaa4f2da2f72d9cbc220efd73,SYS.5.13,SYS.5.13: Microsoft Active Directory Domain Services,3.3,3.3 Standardmeetmed,989ece47984efd84d1e0637d79341d57,SYS.5.13.M12,SYS.5.13.M12 Domeenikontrolleri andmete varundamine,"Vastutaja:  IT-juht 
 Elutsükli etapp:  Käitamine 
   
 a. Domeenikontrolleri andmevarunduseks on loodud eraldi teenusehalduskontod, mille õigused kehtivad ainult ühes domeenis. Varundushaldurite rühma liikmete arv on piiratud miinimumini. 
 b. Pääsuõigusi konteinerobjekti õiguste salvestamiseks (ingl  AdminSDHolder ) reguleeritakse võimalikult rangelt. 
 c. Domeenikontrollerite andmeid varundatakse regulaarselt. 
 d. Domeenikontrolleritest varundatud andmeid kaitstakse samaväärsete turvameetmetega kui on kehtestatud domeenikontrollerite kaitseks. 
 e. Domeenikontrollerite andmete varundamise ja taaste protseduuride toimimist kontrollitakse regulaarselt. Domeenikontrollerite taastamisel eelistatakse varukoopiale teisest domeenikontrollerist andmete dubleerimist.",IT-juht,
74092a3aaa4f2da2f72d9cbc220efd73,SYS.5.13,SYS.5.13: Microsoft Active Directory Domain Services,3.4,3.4 Kõrgmeetmed,e16fdc44b3a280af1d696cae95be9008,SYS.5.13.M15,SYS.5.13.M15 Domeenide halduse viimine eraldiseisvasse AD metsa,"Vastutaja:  IT-juht 
 Elutsükli etapp:  Käitamine 
 Turvakomponent:  C; I; A 
   
 a. Domeenihalduse kontod ja IT-süsteemid on paigaldatud eraldiseisvasse AD metsa (ingl  AD forest ), millel on ühepoolne usaldusseos (töökeskkond usaldab halduskeskkonda). 
 b. Eelisõiguste täpseks haldamiseks ja eelistoimingute logimiseks kasutatakse täiendavaid tehnoloogiaid (nt ingl  Privileged Access Management , PAM).",IT-juht,
74092a3aaa4f2da2f72d9cbc220efd73,SYS.5.13,SYS.5.13: Microsoft Active Directory Domain Services,3.4,3.4 Kõrgmeetmed,20f999b9c61e0958be9ff6db0686f3d1,SYS.5.13.M19,SYS.5.13.M19 Virtualiseeritud domeenikontrollerite turvaline kasutamine,"Vastutaja:  IT-juht 
 Elutsükli etapp:  Käitamine 
 Turvakomponent:  C; I; A 
   
 a. Virtualiseeritud domeenikontrollerid asuvad teistest virtuaalsetest IT-süsteemidest eraldiseisvas füüsilises hostis. 
 b. Virtualiseerimismasin, virtualiseerimise haldusega seotud IT-süsteemid ja virtualiseerimiskihi halduskontod asuvad virtualiseeritud domeenikontrollerist eraldiseisvas AD metsas.",IT-juht,
74092a3aaa4f2da2f72d9cbc220efd73,SYS.5.13,SYS.5.13: Microsoft Active Directory Domain Services,3.4,3.4 Kõrgmeetmed,30496e7c4c2ad188eeb2abe05d740905,SYS.5.13.M20,SYS.5.13.M20 Organisatsiooniüksuste segmentimine,"Vastutaja:  IT-juht 
 Elutsükli etapp:  Käitamine 
 Turvakomponent:  C; I; A 
   
 a. Infoturbe või muudel põhjustel sõltumatust vajavad organisatsiooniüksused (ingl  Organizational Unit  - OU) on paigutatud erinevatesse AD metsadesse.",IT-juht,
74092a3aaa4f2da2f72d9cbc220efd73,SYS.5.13,SYS.5.13: Microsoft Active Directory Domain Services,3.4,3.4 Kõrgmeetmed,486bc25f07f118589d42820dc9a9306d,SYS.5.13.M21,SYS.5.13.M21 Mitmekihiline AD DS struktuurimudel,"Vastutaja:  IT-juht 
 Elutsükli etapp:  Käitamine 
 Turvakomponent:  C; I; A 
   
 a. AD metsa struktuur on jagatud IT-süsteemide ja rakenduste kaitsevajadustest tulenevatesse eritasemelistesse kihtidesse. 
 b. Kõik AD metsa kontod, IT-süsteemid ja rakendused asuvad vajalike volituste ulatusest tulenevas AD metsa kihis. 
 c. Kõrgema kihi kontodel puudub õigus sisse logida madalama astme ressurssidesse. 
 d. Madalama kihi kontodel puudub kontroll kõrgema kihi kontode ja ressursside üle.",IT-juht,
74092a3aaa4f2da2f72d9cbc220efd73,SYS.5.13,SYS.5.13: Microsoft Active Directory Domain Services,3.4,3.4 Kõrgmeetmed,47689fd54b0467f09e949ed15f6a583a,SYS.5.13.M22,SYS.5.13.M22 Halduskontode kasutuse ajaline piiramine,"Vastutaja:  IT-juht 
 Elutsükli etapp:  Käitamine 
 Turvakomponent:  C; I; A 
   
 a. Halduskontodele antakse haldustegevuste läbiviimiseks vajalikud volitused ainult tõendatud vajaduse alusel ja piiratud ajavahemikuks.",IT-juht,
74092a3aaa4f2da2f72d9cbc220efd73,SYS.5.13,SYS.5.13: Microsoft Active Directory Domain Services,3.4,3.4 Kõrgmeetmed,9cef6d2714217804cfd33cac3164be2d,SYS.5.13.M23,SYS.5.13.M23 Pääsuõiguste ja võimalike ründevektorite regulaarne analüüs,"Vastutaja:  IT-juht 
 Elutsükli etapp:  Käitamine 
 Turvakomponent:  C; I; A 
   
 a. Organisatsioon analüüsib regulaarselt AD DS volitusstruktuuride ja kontode pääsuõiguste asjakohasust ja ulatust. Kui IT-süsteemi uuendi paigaldamine võib mõjutada AD DS-is määratud pääsuõigusi, tehakse vastav analüüs ka pärast IT-süsteemide uuendamist. 
 b. AD DS-iga integreeritud rakendustele antud volitused on vähendatud minimaalselt vajalikuni. 
 c. Organisatsioon analüüsib AD DS-i konto ülevõtmisest tulenevaid AD domeeni või kogu metsa turvalisust ohustavaid ründevektoreid ning piirab nende realiseerumist. 
 d. Turvakriitiliste kontodega tehtavaid tegevusi seiratakse võimalike rünnete toimepaneku seisukohast.",IT-juht,
dd073f683444540d92e9c4c14817ac0e,SYS.5.20,SYS.5.20: Keskne logitaristu,3.2,3.2 Põhimeetmed,1fb9de7a80d39cb9a6c57e48b7809eee,SYS.5.20.M1,SYS.5.20.M1 Keskse logitaristu kasutuselevõtu kavandamine,"Vastutaja:  IT-juht 
 Elutsükli etapp:  Kavandamine 
   
 a. Organisatsioon on määranud keskse logitaristuga liidestatavad IT-süsteemid. 
 b. Keskse logitaristu kavandamisel arvestatakse vähemalt järgmist: 
 
 andmemahud ja laiendatavus; 
 nõuded käideldavusele; 
 haldus- ja seiretööriistade funktsionaalsus; 
 andmete varunduse ja taastamise võimekus; 
 kaitse võimalike DDoS ja logiflooding rünnete vastu; 
 tootetugi ja hooldustoe olemaolu.",IT-juht,
dd073f683444540d92e9c4c14817ac0e,SYS.5.20,SYS.5.20: Keskne logitaristu,3.2,3.2 Põhimeetmed,a222562cd4b8ea513cae01c12792f8cd,SYS.5.20.M2,SYS.5.20.M2 Keskse logitaristu kasutamine,"Vastutaja:  IT-juht 
 Elutsükli etapp:  Käitamine 
   
 a. Organisatsioon on koostanud juhendid keskse logitaristu kasutamiseks, logiandmete analüüsimiseks ja haldustööde teostamiseks. 
 b. Keskse logitaristu dokumentatsioon on ajakohane.",IT-juht,
dd073f683444540d92e9c4c14817ac0e,SYS.5.20,SYS.5.20: Keskne logitaristu,3.2,3.2 Põhimeetmed,bdb5dc088e590008a2843ffbf3e1ba2d,SYS.5.20.M3,SYS.5.20.M3 Keskse logitaristu varundus,"Vastutaja:  IT-juht 
 Elutsükli etapp:  Käitamine 
   
 a. Keskne logitaristu on varustatud varundus- ja taastamislahendustega. 
 b. Varundatud logiandmete taastamist testitakse regulaarselt.",IT-juht,
dd073f683444540d92e9c4c14817ac0e,SYS.5.20,SYS.5.20: Keskne logitaristu,3.2,3.2 Põhimeetmed,b27e27f98009bd81c868707dbb795801,SYS.5.20.M4,SYS.5.20.M4 Keskse logitaristu seire,"Vastutaja:  IT-juht 
 Elutsükli etapp:  Käitamine 
   
 a. Keskse logitaristu puhul seiratakse vähemalt: 
 
 teenuse kättesaadavust; 
 kasutuskoormust; 
 piisavat salvestusmahu varu; 
 liidestatud teenustele seatud logide mahupiirangute täitumist.",IT-juht,
dd073f683444540d92e9c4c14817ac0e,SYS.5.20,SYS.5.20: Keskne logitaristu,3.3,3.3 Standardmeetmed,515642ba3a042c6c1dcf59b195109214,SYS.5.20.M5,SYS.5.20.M5 Keskse logitaristu täiendav turve,"Vastutaja:  IT-juht 
 Elutsükli etapp:  Käitamine 
   
 a. Logiserver asub eraldatud võrgusegmendis ja on kaitstud tulemüüriga.",IT-juht,
dd073f683444540d92e9c4c14817ac0e,SYS.5.20,SYS.5.20: Keskne logitaristu,3.3,3.3 Standardmeetmed,70a1cff3e0dd8f3f8a952721ad37b20d,SYS.5.20.M6,SYS.5.20.M6 Keskse logitaristu varunduse täiendav turve,"Vastutaja:  IT-juht 
 Elutsükli etapp:  Käitamine 
   
 a. Logid varundatakse eraldi asukohtades, millest vähemalt üks on ei ole varundussüsteemiga pidevalt ühendatud (ingl off-site). 
 b. Logide varunduse taastamist kõigist asukohtadest testitakse regulaarselt.",IT-juht,
dd073f683444540d92e9c4c14817ac0e,SYS.5.20,SYS.5.20: Keskne logitaristu,3.3,3.3 Standardmeetmed,b34fde196bbaa5bf80d53d0f30aa138f,SYS.5.20.M7,SYS.5.20.M7 Logide kaitse,"Vastutaja:  IT-juht 
 Elutsükli etapp:  Käitamine 
   
 a. Kasutatakse WORM-põhised (ingl Write Once Read Many) logitalletuslahendusi.",IT-juht,
dd073f683444540d92e9c4c14817ac0e,SYS.5.20,SYS.5.20: Keskne logitaristu,3.3,3.3 Standardmeetmed,cd7117b0be5a68e570cf401e9a34725c,SYS.5.20.M8,SYS.5.20.M8 Regulaarne läbivaatus ja testimine,"Vastutaja:  IT-juht 
 Elutsükli etapp:  Käitamine 
   
 a. Keskne logitaristu läbib perioodiliselt läbivaatuse ja turvatesti. 
 b. Logide õigsust ja terviklust kontrollitakse pisteliselt.",IT-juht,
dd073f683444540d92e9c4c14817ac0e,SYS.5.20,SYS.5.20: Keskne logitaristu,3.4,3.4 Kõrgmeetmed,022ccadc66a158e141a229500bb5c07a,SYS.5.20.M9,SYS.5.20.M9 Logide tervikluse kaitse,"Vastutaja:  IT-juht 
 Elutsükli etapp:  Käitamine 
   
 a. Logikirjed aheldatakse järjepidevuse tagamiseks. 
 b. Iga kokkulepitud perioodi, näiteks päeva, logikirjete paki jaoks genereeritakse SHA-256 räsi ja salvestada see eraldiseisvasse andmebaasi. 
 c. Logikirjete terviklust kontrollitakse automaatselt vähemalt kord ööpäevas. 
 d. Logiandmebaas krüpteeritakse vastavalt organisatsioonis kokkulepitud metoodikale. Logikirjete varundus krüpteeritakse analoogselt.",IT-juht,
e234d2dc5e8db3c1bb040d68077e1c59,SYS.6.2,SYS.6.2: Pilvteenus,3.2,3.2 Põhimeetmed,81ddcf5c8c981bb1d7605b1f88ed0639,SYS.6.2.M1,SYS.6.2.M1 Pilvteenuse turvaline seadistus,"Vastutaja:  IT-juht 
 Elutsükli etapp:  Käitamine 
   
 a. Enne pilvteenuse kasutuselevõttu määratakse pilvteenuse turvanõuded, lähtudes teenuse eesmärgist, kaitsetarbest, töödeldavatest andmetest, liidestustest, kasutajarollidest ja sõltuvustest. 
 b. Pilvteenuse turvaliseks seadistuseks koostatakse ja dokumenteeritakse nõutavad konfiguratsioonid, mis hõlmavad vähemalt: 
 
 identiteedi- ja pääsuhaldust; 
 mitmikautentimist; 
 võrkude ja liideste turvet; 
 logimist ja seiret; 
 krüpteerimist; 
 varundust ja taastevõimekust; 
 turvalisi vaikeväärtusi ja tarbetute funktsioonide keelamist. 
 
 c. Enne pilvteenuse tootmiskeskkonnas kasutusele võtmist kontrollitakse, et teenus on seadistatud kooskõlas kehtestatud turvanõuetega ning tootja või teenuseandja soovitatud turvapraktikatega. 
 d. Pilvteenuse konfiguratsioonimuudatused dokumenteeritakse, kooskõlastatakse ja vajaduse korral testitakse enne nende jõustamist.",IT-juht,
e234d2dc5e8db3c1bb040d68077e1c59,SYS.6.2,SYS.6.2: Pilvteenus,3.2,3.2 Põhimeetmed,4e10e3deb0a9188ba09d2990273b50b2,SYS.6.2.M2,SYS.6.2.M2 Pilvteenuse identiteedi- ja õiguste haldus,"Vastutaja:  IT-juht 
 Elutsükli etapp:  Käitamine 
   
 a. Pilvteenus on integreeritud organisatsiooni keskse identiteedihaldusega. 
 b. Pilvteenuse kohalikud teenusesisesed kasutajakontod on keelatud. 
 c. Administraatori õigused on antud eraldi halduskontole, mida igapäevase töö tegemiseks ei kasutata. 
 d. Teenuskontod ja API-võtmed on loodud minimaalsete õigustega ja säilitatud organisatsiooni saladustehoidlas.",IT-juht,
e234d2dc5e8db3c1bb040d68077e1c59,SYS.6.2,SYS.6.2: Pilvteenus,3.2,3.2 Põhimeetmed,7e0152e0f7c74685a3c8f0b885aeec54,SYS.6.2.M3,SYS.6.2.M3 Pilvteenuse komponentide turve,"Vastutaja:  IT-juht 
 Elutsükli etapp:  Käitamine 
   
 a. Lubatud on ainult organisatsiooni poolt heaks kiidetud integratsioonid ja komponendid. Kasutajate omavolilised integratsioonid (ingl  shadow integrations ) ja pilvteenuse komponendid on keelatud. 
 b. Kõik pilvteenuses kasutatavad komponendid on ajakohaselt dokumenteeritud.",IT-juht,
e234d2dc5e8db3c1bb040d68077e1c59,SYS.6.2,SYS.6.2: Pilvteenus,3.3,3.3 Standardmeetmed,ea755b7534b7648f3c1a41e730a7667b,SYS.6.2.M4,SYS.6.2.M4 Pilvteenuse turvanõrkuste haldus,"Vastutaja:  IT-juht 
 Elutsükli etapp:  Käitamine 
   
 a. Organisatsioon jälgib teenusepakkuja turvateateid ja reageerib konfiguratsioonitasandi haavatavustele. 
 b. On määratud vastutav isik teenusepakkuja turvateadete, RSS-kanalite, teenuse olekulehe jms jälgimiseks.",IT-juht,
e234d2dc5e8db3c1bb040d68077e1c59,SYS.6.2,SYS.6.2: Pilvteenus,3.3,3.3 Standardmeetmed,b9c20c4a8c8b628e3ac7128284166557,SYS.6.2.M5,SYS.6.2.M5 Pilvteenuse logimine,"Vastutaja:  IT-juht 
 Elutsükli etapp:  Käitamine 
   
 a. Pilvteenuse auditi- ja tegevuslogid on aktiveeritud ja suunatud kesksesse logihaldussüsteemi.",IT-juht,
e234d2dc5e8db3c1bb040d68077e1c59,SYS.6.2,SYS.6.2: Pilvteenus,3.3,3.3 Standardmeetmed,8627211d365c98f24478587c0de1adeb,SYS.6.2.M6,SYS.6.2.M6 Pilvteenuses kasutatavate isikuandmete kaitse,"Vastutaja:  IT-juht 
 Elutsükli etapp:  Käitamine 
   
 a. Pilvteenuses töödeldavad isikuandmed on tuvastatud ja dokumenteeritud. 
 b. Isikuandmete eksport on piiratud ainult volitatud rollidega. 
 c. Andmete krüpteerimine puhkeolekus (ingl  encryption at rest ) ja edastamisel (ingl  encryption in transit ) on aktiveeritud.",IT-juht,
e234d2dc5e8db3c1bb040d68077e1c59,SYS.6.2,SYS.6.2: Pilvteenus,3.3,3.3 Standardmeetmed,c7eed49be92b9c4bb72119b80428694e,SYS.6.2.M7,SYS.6.2.M7 Pilvteenuse andmete varundus ja taaste,"Vastutaja:  IT-juht 
 Elutsükli etapp:  Käitamine 
   
 a. Teenuses olevad andmed ja teenuse konfiguratsiooni varundatakse. 
 b. On hinnatud, kas teenusepakkuja pakutav varundus katab organisatsiooni varundusvajadused. Vajadusel rakendatakse täiendav kolmanda osapoole varundus. 
 c. Teenuse kriitilised andmed varundatakse organisatsiooni hallatavasse asukohta mis on teenusepakkujast sõltumatu. 
 d. Teenuse kriitilised andmed varundatakse organisatsiooni hallatavasse asukohta mis on teenusepakkujast sõltumatu. 
 e. Varundusandmed krüpteeritakse ja varundusele juurdepääs on piiratud. 
 f. Varundusest taastamist testitakse kokkulepitud regulaarsusega.",IT-juht,
e234d2dc5e8db3c1bb040d68077e1c59,SYS.6.2,SYS.6.2: Pilvteenus,3.3,3.3 Standardmeetmed,1e444d2795f85da3401d6c0055f1390f,SYS.6.2.M8,SYS.6.2.M8 Pilvteenuse intsidentide käsitlemine,"Vastutaja:  IT-juht 
 Elutsükli etapp:  Käitamine 
   
 a. Teenusepakkujaga on kokku lepitud intsidentide käsitlemise eskalatsiooniprotseduur: kes võtab ühendust, keda ja millisel kanali kaudu teavitatakse. 
 b. Teenusepakkuja lähtub intsidentide lahendamisel teenusetasemeleppe (SLA) tingimustest.",IT-juht,
e234d2dc5e8db3c1bb040d68077e1c59,SYS.6.2,SYS.6.2: Pilvteenus,3.3,3.3 Standardmeetmed,8c8978a64b56a706364afdf620f42633,SYS.6.2.M9,SYS.6.2.M9 Pilvteenuse regulaarne ülevaatus,"Vastutaja:  IT-juht 
 Elutsükli etapp:  Käitamine 
   
 a. Organisatsioon jälgib pidevalt pilvteenuses tehtud muudatusi ja hindab muudatuste mõju. 
 b. Teenusepakkuja poolt väljastatud muudatusteadete (ingl  changelog ) ja turvaraportitega tutvutakse koheselt pärast nende avaldamist. 
 c. Pilvteenuse regulaarse ülevaatuse käigus kontrollitakse vähemalt järgmist: 
 
 teenuse konfiguratsioon; 
 aktiivsed kasutajad, rollid ja õigused; 
 aktiivsed integratsioonid ja OAuth-ühendused.",IT-juht,
e234d2dc5e8db3c1bb040d68077e1c59,SYS.6.2,SYS.6.2: Pilvteenus,3.4,3.4 Kõrgmeetmed,694cd789234b9fef4fc3cd2eb90d4be3,SYS.6.2.M10,SYS.6.2.M10 Pilvteenuse API-de ja integratsioonide turve,"Vastutaja:  IT-juht 
 Elutsükli etapp:  Käitamine 
 Turvakomponent:  C; I; A 
   
 a. Organisatsioon on pilvteenuse API-de ja integratsioonide kaitseks rakendanud järgmisi meetmeid: 
 
 API-lüüs (ingl  API gateway ); 
 sertifikaadi kinnistamine (ingl  certificate pinning ); 
 API-päringute piiramine (ingl  rate limiting ); 
 sertifikaadi kinnistamine (ingl  certificate pinning ); 
 API-päringute piiramine (ingl  rate limiting ). 
 
 b. Sertifikaadi kinnistamine (ingl certificate pinning). 
 c. API-päringute piiramine (ingl rate limiting).",IT-juht,
e234d2dc5e8db3c1bb040d68077e1c59,SYS.6.2,SYS.6.2: Pilvteenus,3.4,3.4 Kõrgmeetmed,0172a8c166c9da88c6a27966ef545670,SYS.6.2.M11,SYS.6.2.M11 Volitamata pilvteenuste piiramine,"Vastutaja:  IT-juht 
 Elutsükli etapp:  Käitamine 
 Turvakomponent:  C 
   
 a. Organisatsioon on rakendanud tehnilised kontrollid volitamata pilvteenuste tuvastamiseks (nt CASB, DNS-logimine, proxy-analüüs).",IT-juht,
6fd27c8a7c55d5e094e52313863e231c,SYS.5.16,SYS.5.16: IP-telefonside server,3.2,3.2 Põhimeetmed,375b886d1a65f1c29edead9ce0743fe6,SYS.5.16.M1,SYS.5.16.M1 VoIP-põhise sidesüsteemi kasutuselevõtu kava,"Vastutaja:  IT-juht 
 Elutsükli etapp:  Kavandamine 
   
 a. Enne IP-telefonide kasutuselevõttu on koostatud VoIP-põhise sidesüsteemi kasutuselevõtu kava. 
 b. On otsustatud, kas IP-telefone hakatakse kasutama täielikult või osaliselt ning kuidas VoIP-põhine sidesüsteem ühendatakse avaliku (andme)sidevõrguga. 
 c. VoIP-põhise sidesüsteemi kasutuselevõtu kavas määratakse: 
 
 soovitavad funktsioonid; 
 nõuded käideldavusele, terviklusele ja konfidentsiaalsusele; 
 signaalimis- ja transpordiprotokollid; 
 eeldatava kasutajate arv; 
 krüpteerimise ulatuse ja krüptomehhanismid; 
 komponentide valimise põhimõtted; 
 konfigureerimine ja haldus; 
 logimise korraldus. 
 
 d. Kasutuselevõtu kavas on arvestatud olemasolevate andmesidevõrkude jõudlust ja ülesehitust.",IT-juht,
6fd27c8a7c55d5e094e52313863e231c,SYS.5.16,SYS.5.16: IP-telefonside server,3.2,3.2 Põhimeetmed,838003dd7d0582e82c9540c8f4026707,SYS.5.16.M4,SYS.5.16.M4 VoIP-põhisele sidesüsteemile juurdepääsu kitsendamine,"Vastutaja:  IT-juht 
 Elutsükli etapp:  Kavandamine 
   
 b. Kui VoIP-põhisest sidesüsteemist ühendutakse otse avalikku andmesidevõrku, edastatakse kõik signaalimis- ja kõneandmed üksnes demilitariseeritud tsoonis asuva kontsentraatori kaudu.",IT-juht,
6fd27c8a7c55d5e094e52313863e231c,SYS.5.16,SYS.5.16: IP-telefonside server,3.2,3.2 Põhimeetmed,fbe03684069bbcf5a8a30d4cff97fcf3,SYS.5.16.M5,SYS.5.16.M5 Vahetarkvara turvaline seadistamine,"Vastutaja:  IT-juht 
 Elutsükli etapp:  Käitamine 
   
 a. VoIP-põhise sidesüsteemi komponentide ja vahetarkvara (ingl  middleware ) vaikekonfiguratsioon on enne kasutuselevõttu kohandatud lähtuvalt teabevahetuse kaitsetarbest. 
 c. Konfigureerimise automatiseerimise makrod on põhjalikult testitud ja dokumenteeritud. 
 d. Kõik VoIP-põhise sidesüsteemi vahetarkvara tarbetud teenused on desaktiveeritud.",IT-juht,
6fd27c8a7c55d5e094e52313863e231c,SYS.5.16,SYS.5.16: IP-telefonside server,3.3,3.3 Standardmeetmed,40a0804b208c623eddcdd7da1d365f93,SYS.5.16.M7,SYS.5.16.M7 VoIP-põhise sidesüsteemi turvajuhend,"Vastutaja:  Infoturbejuht 
 Elutsükli etapp:  Kavandamine 
   
 a. Organisatsiooni üldise turvapoliitika alusel on kehtestatud VoIP-põhise sidesüsteemi turvajuhend, mis esitab VoIP-põhise sidesüsteemi komponentide käitus- ja kasutusnõuded. 
 b. VoIP-põhise sidesüsteemi turvajuhend reguleerib vähemalt järgmist: 
 
 VoIP-põhise sidesüsteemi kasutamise võimalikud riskid; 
 IP-telefonide turvalise kasutamise nõuded; 
 lubatavad funktsioonid, teenused, protokollid ja ühendused; 
 rollid, õigused ja kohustused; 
 VoIP-põhise sidesüsteemi halduse, hoolduse ja auditeerimise korraldus; 
 komponentide hankimise ja uuendamise nõuded; 
 toimingute dokumenteerimise nõuded. 
 
 c. Kõik VoIP-põhise sidesüsteemi haldajad järgivad VoIP-põhise sidesüsteemi turvajuhendit.",IT-juht,
6fd27c8a7c55d5e094e52313863e231c,SYS.5.16,SYS.5.16: IP-telefonside server,3.3,3.3 Standardmeetmed,c55808ddd77738dd5bfef6367746b38f,SYS.5.16.M8,SYS.5.16.M8 VoIP-side krüpteerimine,"Vastutaja:  IT-juht 
 Elutsükli etapp:  Kavandamine 
   
 a. On määratud, millistel juhtudel on VoIP-side krüpteerimine kohustuslik. 
 b. Kogu turvalisest kohtvõrgust väljuv IP-telefoni side on krüpteeritud sobivate turvamehhanismidega (SRTP, TLS). 
 c. Kui VoIP-sidet ei krüpteerita, on kasutajad sellest teadlikud ja väldivad konfidentsiaalse teabe edastamist.",IT-juht,
6fd27c8a7c55d5e094e52313863e231c,SYS.5.16,SYS.5.16: IP-telefonside server,3.3,3.3 Standardmeetmed,88ebcd8c52e6ca5d8704344fa3c801aa,SYS.5.16.M12,SYS.5.16.M12 VoIP-põhise sidesüsteemi komponentide turvaline kõrvaldamine,"Vastutaja:  IT-juht 
 Elutsükli etapp:  Kõrvaldamine 
   
 a. Enne VoIP-põhise sidesüsteemi komponentide kasutuselt kõrvaldamist kustutatakse neist turvaliselt kõik tundlikud andmed. 
 b. Pärast andmete kustutamist ja komponentide tehaseseadete taastamist kontrollitakse, kas andmete kustutamine õnnestus. 
 c. Enne IP-telefonide kõrvaldamist eemaldatakse nendelt tundlikku teavet sisaldavad sildid ja märgised.",IT-juht,
6fd27c8a7c55d5e094e52313863e231c,SYS.5.16,SYS.5.16: IP-telefonside server,3.3,3.3 Standardmeetmed,98f47806881fb5231f794a380cb98ae1,SYS.5.16.M13,SYS.5.16.M13 IP-telefoni tulemüür,"Vastutaja:  IT-juht 
 Elutsükli etapp:  Käitamine 
   
 a. VoIP-põhise sidesüsteemi kavandamisel otsustatakse, kas piisab olemasoleva tulemüüri VoIP-side tarbeks kohandamisest või hangitakse ja paigaldatakse täiendav tulemüür. 
 b. RTP-liikluse filtreerimiseks kasutatakse rakenduslüüsi (ingl  Application Level Gateway ) funktsionaalsusega tulemüüri.",IT-juht,
6fd27c8a7c55d5e094e52313863e231c,SYS.5.16,SYS.5.16: IP-telefonside server,3.4,3.4 Kõrgmeetmed,d930f3fa130f6e5e6711a5f5db5b7e42,SYS.5.16.M14,SYS.5.16.M14 Signaalimise krüpteerimine,"Vastutaja:  IT-juht 
 Elutsükli etapp:  Käitamine 
 Turvakomponent:  C; I 
   
 a. VoIP-põhise sidesüsteemi tervikluse ja konfidentsiaalsuse tagamiseks edastatakse signaalimisteave krüpteeritud VPN-kanalite kaudu või selliste signaalimisprotokollidega, millel on oma turvamehhanismid (SIP, H.225). 
 b. Kui signaalimisprotokollil pole piisavaid turvamehhanisme, rakendatakse rakenduskihist madalamate kihtide (transpordi- või võrgukihi) turvamehhanisme. 
 c. SIP signaalimisprotokolli (ingl  Session Initialization Protocol , SIP) kasutatakse koos TLS protokolliga.",IT-juht,
6fd27c8a7c55d5e094e52313863e231c,SYS.5.16,SYS.5.16: IP-telefonside server,3.4,3.4 Kõrgmeetmed,28942272aea2153352c6b7ce88e1e3bb,SYS.5.16.M15,SYS.5.16.M15 SRTP protokolli turve,"Vastutaja:  IT-juht 
 Elutsükli etapp:  Käitamine 
 Turvakomponent:  C; I 
   
 a. VoIP-põhise sidesüsteemi transpordiprotokollid RTP (ingl  real-time transport protocol , RTP) ja RTCP (ingl  RTP Control Protocol , RTCP) on kaitstud protokollide krüpteeritud versioonidega SRTP ja SRTCP. 
 b. SRTP (ingl  secure real-time transport protocol , SRTP) krüpteerimise ja autentimise alusvõti (ingl  master key ) on vähemalt 128-bitine ja on genereeritud turvaliste vahenditega (nt MIKEY võtmehaldusprotokolliga). 
 c. RTP-sõnumite autentsust ja terviklust kaitseb piisavalt tugev räsifunktsioon (nt HMAC-SHA2). 
 d. On kasutusel autentsete SRTP-pakettide loendur. Taasesitusründe (ingl  replay attack ) puhul jäetakse korduvad paketid kõrvale. 
 e. Krüptomehhanismide ja -parameetrite ning räsialgoritmi valik ja põhjendus on dokumenteeritud.",IT-juht,
6fd27c8a7c55d5e094e52313863e231c,SYS.5.16,SYS.5.16: IP-telefonside server,3.4,3.4 Kõrgmeetmed,87c7221f9c4d816d433676f93307dae7,SYS.5.16.M16,SYS.5.16.M16 Andmesidevõrgu ja VoIP-võrgu eraldamine,"Vastutaja:  IT-juht 
 Elutsükli etapp:  Käitamine 
 Turvakomponent:  C; I; A 
   
 a. VoIP-võrk on andmesidevõrgust tulemüüridega füüsiliselt või vähemalt virtuaalse kohtvõrguga (VLAN) lahutatud. 
 c. VoIP-võrgu kommutaatori IP-telefoniga ühendatud pordis on lubatud ainult IP-telefoni ühendused. 
 d. Olenevalt kaitsetarbest rakendatakse VoIP-võrgu turbeks täiendavaid meetmeid (nt IEEE 802.1X vastavat autentimist). 
 e. Grupitöö tarkvara meediumivoogude ülekandmisel kõneteenuste võrku on lüüsis (ingl  gateway ) aktiveeritud seansipiirikontroller (ingl  sessioon border controller , SBC).",IT-juht,
5c1b425fa95c861d4ce0f05367a344cb,SYS.5.17,SYS.5.17: Virtualiseerimissüsteem,3.2,3.2 Põhimeetmed,37f60383320856c858c6cd34a7dbe352,SYS.5.17.M2,SYS.5.17.M2 Virtualiseerimissüsteemi turvaline rakendamine,"Vastutaja:  IT-juht 
 Elutsükli etapp:  Käitamine 
   
 c. Virtualiseerimissüsteemi host-serveril on: 
 
 piisavad andmesideühendused; 
 täidetud jagatavate ressursside eraldamise ja kapseldamise nõuded; 
 piisavalt jõudlust käideldavuse nõuete tagamiseks.",IT-juht,
5c1b425fa95c861d4ce0f05367a344cb,SYS.5.17,SYS.5.17: Virtualiseerimissüsteem,3.2,3.2 Põhimeetmed,ee7cbfe387efcd1e34039509e8b355cc,SYS.5.17.M3,SYS.5.17.M3 Virtualiseerimissüsteemi turvaline konfiguratsioon,"Vastutaja:  IT-juht 
 Elutsükli etapp:  Käitamine 
   
 a. Virtualiseerimisserverile ehk hostsüsteemile (ingl  Host ) on juurdepääs külalissüsteemidest (ingl  Guest ) blokeeritud. 
 b. Virtuaalsete külalissüsteemide ja nendes asuvate IT-süsteemide konfiguratsioon ja turve vastab organisatsiooni turvapoliitikale.",IT-juht,
5c1b425fa95c861d4ce0f05367a344cb,SYS.5.17,SYS.5.17: Virtualiseerimissüsteem,3.2,3.2 Põhimeetmed,3b1ed03f8cb2ac020ad41d938f10b2b7,SYS.5.17.M4,SYS.5.17.M4 Virtualiseerimissüsteemi turvaline võrgukonfiguratsioon,"Vastutaja:  IT-juht 
 Elutsükli etapp:  Käitamine 
   
 a. Virtuaalserveri andmeside läbib virtualiseerimissüsteemi võrguühenduse turvamehhanisme (nt tulemüür) ja seiresüsteeme. 
 c. Virtuaalsete ja riistvaraliste IT-süsteemide andmesideliidesed vastavad organisatsiooni turvapoliitikale.",IT-juht,
5c1b425fa95c861d4ce0f05367a344cb,SYS.5.17,SYS.5.17: Virtualiseerimissüsteem,3.2,3.2 Põhimeetmed,d7bf3dd75fa00d333c67e70427e39cda,SYS.5.17.M5,SYS.5.17.M5 Virtualiseerimissüsteemi haldusliideste turve,"Vastutaja:  IT-juht 
 Elutsükli etapp:  Käitamine 
   
 b. Virtualiseerimiskeskkonna haldusliidestele puudub juurdepääs ebausaldatavatest võrkudest. 
 c. Virtualiseerimisserveri haldusjuurdepääsuks kasutatakse turvalisi protokolle.",IT-juht,
5c1b425fa95c861d4ce0f05367a344cb,SYS.5.17,SYS.5.17: Virtualiseerimissüsteem,3.2,3.2 Põhimeetmed,51fd45ee705bf95d1f15f7f99a9f0806,SYS.5.17.M16,SYS.5.17.M16 Virtuaalmasinate isoleerimine virtualiseerimissüsteemis,"Vastutaja:  IT-juht 
 Elutsükli etapp:  Käitamine 
   
 b. Külalissüsteemide võrguühendused on virtualiseerimissüsteemis turvaliselt eraldatud. 
 c. Virtuaalmasinate vaheline andmete ülekandmise võimalus ""kopeeri-kleebi"" (ingl  Copy-Paste ) meetodil on desaktiveeritud.",IT-juht,
5c1b425fa95c861d4ce0f05367a344cb,SYS.5.17,SYS.5.17: Virtualiseerimissüsteem,3.3,3.3 Standardmeetmed,6ec738d4436ae111efcae80526d93334,SYS.5.17.M9,SYS.5.17.M9 Virtualiseerimissüsteemi võrguarhitektuuri kavandamine,"Vastutaja:  IT-juht 
 Elutsükli etapp:  Kavandamine 
   
 b. On määratletud loodavad võrgusegmendid (nt haldusvõrk, salvestusvõrk) ning kavandatud nende turve. 
 c. Virtualiseerimissüsteemi haldusvõrk on töövõrgust eraldatud. 
 d. Võrguarhitektuur tagab virtualiseeritud IT-süsteemide nõutava käideldavuse.",IT-juht,
5c1b425fa95c861d4ce0f05367a344cb,SYS.5.17,SYS.5.17: Virtualiseerimissüsteem,3.3,3.3 Standardmeetmed,dca1e3d189ca92f9c5f47e3af8453d91,SYS.5.17.M11,SYS.5.17.M11 Virtualiseerimissüsteemi kaughaldus,"Vastutaja:  IT-juht 
 Elutsükli etapp:  Käitamine 
   
 a. Virtualiseerimissüsteemi hallatakse eraldi haldusvõrgu kaudu. 
 b. Autentimiseks, tervikluse tagamiseks ja krüpteerimiseks kasutatavate haldusprotokollide turvamehhanismid on kasutusele võetud.",IT-juht,
5c1b425fa95c861d4ce0f05367a344cb,SYS.5.17,SYS.5.17: Virtualiseerimissüsteem,3.3,3.3 Standardmeetmed,a1148452429c75da8842bd38a02bba6d,SYS.5.17.M12,SYS.5.17.M12 Virtualiseerimissüsteemi halduse õigused ja rollid,"Vastutaja:  IT-juht 
 Elutsükli etapp:  Käitamine 
   
 a. On kehtestatud virtualiseerimissüsteemi halduseks vajalikud õigused ja rollid. 
 b. Keskne identiteedi ja õiguste halduse protsess hõlmab ka virtualiseerimissüsteemi komponente. 
 c. Virtuaalserverite haldurid ja virtualiseerimisserveri ning hüperviisori administraatorid on eraldi isikud ja neil on erinevad pääsuõigused. 
 d. Halduskeskkond võimaldab virtuaalmasinaid rühmitada, et kehtestada haldurite rollijaotusega sobiv hierarhiline struktuur.",IT-juht,
5c1b425fa95c861d4ce0f05367a344cb,SYS.5.17,SYS.5.17: Virtualiseerimissüsteem,3.3,3.3 Standardmeetmed,02644d841d44ed1e4162d4503d483dbb,SYS.5.17.M19,SYS.5.17.M19 Virtualiseerimissüsteemi regulaarsed läbivaatused,"Vastutaja:  IT-juht 
 Elutsükli etapp:  Käitamine 
   
 a. Regulaarsete läbivaatuste käigus kontrollitakse, kas virtualiseerimissüsteemi seisund vastab kavandatule. 
 b. Kontrollitakse regulaarselt, kas virtuaalsete komponentide konfiguratsioon vastab ettenähtud tüüpkonfiguratsioonile. 
 c. Läbivaatuste tulemused dokumenteeritakse ja tuvastatud lahknevused kõrvaldatakse esimesel võimalusel.",IT-juht,
5c1b425fa95c861d4ce0f05367a344cb,SYS.5.17,SYS.5.17: Virtualiseerimissüsteem,3.3,3.3 Standardmeetmed,bf4f5cf6971c5e941977458cb6c1f30a,SYS.5.17.M21,SYS.5.17.M21 Külalissüsteemide turvaline konfigureerimine,"Vastutaja:  IT-juht 
 Elutsükli etapp:  Käitamine 
 Turvakomponent:  I; A 
   
 a. Külalissüsteemidele ressursside eraldamisel ei reserveerita ressursse summaarselt rohkem kui on füüsilisi ressursse. 
 b. Ressursside kattuvust võimaldav funktsionaalsus (ingl  Overprovisioning ) on desaktiveeritud.",IT-juht,
5c1b425fa95c861d4ce0f05367a344cb,SYS.5.17,SYS.5.17: Virtualiseerimissüsteem,3.4,3.4 Kõrgmeetmed,fb1d392307feec5b18c2d83ab54c2d73,SYS.5.17.M22,SYS.5.17.M22 Virtualiseerimisserveri tugevdamine,"Vastutaja:  IT-juht 
 Elutsükli etapp:  Käitamine 
 Turvakomponent:  C; I 
   
 a. Virtualiseerimisserverit ja hüperviisorit on tugevdatud (ingl  hardening ). 
 b. Virtuaalsete IT-süsteemide kapselduseks ning üksteisest ja virtualiseerimisserverist eraldamiseks kasutatakse MAC-i (ingl  mandatory access control , MAC).",IT-juht,
5c1b425fa95c861d4ce0f05367a344cb,SYS.5.17,SYS.5.17: Virtualiseerimissüsteem,3.4,3.4 Kõrgmeetmed,ac65478f9cac051c40630f32bbed888c,SYS.5.17.M25,SYS.5.17.M25 Virtualiseerimissüsteemi konsoolpääsu minimaalne kasutamine,"Vastutaja:  IT-juht 
 Elutsükli etapp:  Käitamine 
 Turvakomponent:  A 
   
 a. Juurdepääs virtualiseerimissüsteemi emuleeritud konsoolidele on piiratud miinimumini.",IT-juht,
5c1b425fa95c861d4ce0f05367a344cb,SYS.5.17,SYS.5.17: Virtualiseerimissüsteem,3.4,3.4 Kõrgmeetmed,61a5ee67268c9f7bb94a66036994b2b9,SYS.5.17.M26,SYS.5.17.M26 Avaliku võtme taristu kasutamine,"Vastutaja:  IT-juht 
 Elutsükli etapp:  Käitamine 
 Turvakomponent:  C; I; A 
   
 a. Virtualiseerimissüsteemi komponentide vahelise side krüpteerimisel kasutatakse võtmesertifikaate avaliku võtme taristust (ingl  public key infrastructure , PKI).",IT-juht,
5c1b425fa95c861d4ce0f05367a344cb,SYS.5.17,SYS.5.17: Virtualiseerimissüsteem,3.4,3.4 Kõrgmeetmed,badb111d39881a362ac481a2da46f1ef,SYS.5.17.M27,SYS.5.17.M27 Sertifitseeritud virtualiseerimistarkvara kasutamine,"Vastutaja:  IT-juht 
 Elutsükli etapp:  Kavandamine 
 Turvakomponent:  C; I; A 
   
 a. Virtualiseerimistarkvara on ISO/IEC 15408 kohaselt sertifitseeritud, soovituslik tase on EAL 4 või kõrgem.",IT-juht,
7e31450e0ae56c9df44baea710462ac3,SYS.7.2,SYS.7.2: Tööstusautomaatika,3.2,3.2 Põhimeetmed,471f96e00347a592003630e6e9b99645,SYS.7.2.M1,SYS.7.2.M1 Tööstusautomaatika komponentide juurdepääsu kitsendamine,"Vastutaja:  Haldusjuht 
 Elutsükli etapp:  Käitamine 
   
 a. Tööstusautomaatika (ing  industrial automation and control system ) komponentide konfigureerimis- ja hooldeliidestele on juurdepääs ainult volitatud töötajatel. 
 b. Tööstusautomaatika süsteemide vaikekontod (ing  default account ) on blokeeritud ja vaikeparoolid on vahetatud. 
 c. Tööstusautomaatika komponentide konfiguratsiooni saab muuta selleks volitatud ja autenditud töötaja. Konfiguratsioonimuudatused dokumenteeritakse.",Haldusjuht,
7e31450e0ae56c9df44baea710462ac3,SYS.7.2,SYS.7.2: Tööstusautomaatika,3.2,3.2 Põhimeetmed,3bc5eac7b46f93ee9bcfa9a909c34f07,SYS.7.2.M4,"SYS.7.2.M4 Tarbetute teenuste, funktsioonide ja liideste desaktiveerimine või desinstallimine","Vastutaja:  Haldusjuht 
 Elutsükli etapp:  Käitamine 
   
 a. Kõik tööstusautomaatika komponentide tarbetud teenused, funktsioonid ja liidesed on desaktiveeritud või desinstallitud.",Haldusjuht,
7e31450e0ae56c9df44baea710462ac3,SYS.7.2,SYS.7.2: Tööstusautomaatika,3.2,3.2 Põhimeetmed,e56cd3956cb97c9be8f3a47b7a356934,SYS.7.2.M6,SYS.7.2.M6 Tööstusautomaatika süsteemide isoleerimine,"Vastutaja:  Haldusjuht 
 Elutsükli etapp:  Käitamine 
   
 a. Tööstusautomaatika komponendid on lahutatud kontori IT-süsteemidest. 
 b. Tööstusautomaatika komponentide töö sõltuvused võrguteenustest on dokumenteeritud. 
 c. Tööstusautomaatika komponentide suhtlus teiste komponentidega on vajaduspõhine ja võimalikult minimaalne.",Haldusjuht,
7e31450e0ae56c9df44baea710462ac3,SYS.7.2,SYS.7.2: Tööstusautomaatika,3.2,3.2 Põhimeetmed,39cd365e9675c5f216ee83598201a2e5,SYS.7.2.M11,SYS.7.2.M11 Automaatikakomponentide turvauuendite paigaldamine,"Vastutaja:  Haldusjuht 
 Elutsükli etapp:  Käitamine 
   
 a. Uued ja kinnitatud turvauuendid installitakse tööstusautomaatika komponentide korralise hoolduse käigus. 
 b. Operatsioonisüsteemi uuendid installitakse töökeskkonna komponendile ainult pärast komponendi valmistajalt kinnituse saamist ning testimist oma testimiskeskkonnas. 
 c. Kriitiliste turvauuendite ilmnemisel tehakse nende paigaldamiseks hooldus esimesel võimalusel.",Haldusjuht,
7e31450e0ae56c9df44baea710462ac3,SYS.7.2,SYS.7.2: Tööstusautomaatika,3.3,3.3 Standardmeetmed,85a8f9b7d64f6fd23887b10c8f241aff,SYS.7.2.M13,SYS.7.2.M13 Automaatikakomponentide käikuandmise kord,"Vastutaja:  Haldusjuht 
 Elutsükli etapp:  Käitamine 
   
 a. Tööstusautomaatika komponendid kinnitatakse kasutamiseks ainult siis, kui nende püsivara, tarkvara ja turvauuendid vastavad hetkenõuetele. 
 b. Tööstusautomaatika komponendid on integreeritud käituse, seire ja infoturbe halduse protsessidesse. Eelkõige hõlmab see: 
 
 muudatuste ja õiguste haldust; 
 nõrkuste haldust; 
 kahjurvaratõrjet; 
 käituse seiret; 
 taasteplaane; 
 regulaarset süsteemide turvaläbivaatust.",Haldusjuht,
7e31450e0ae56c9df44baea710462ac3,SYS.7.2,SYS.7.2: Tööstusautomaatika,3.3,3.3 Standardmeetmed,acc4ddfb1ac18fc59e5933f2a8c34096,SYS.7.2.M17,SYS.7.2.M17 Tööstusautomaatika süsteemide mõõte- ja juhtimisandmete kaitsmine,"Vastutaja:  Haldusjuht 
 Elutsükli etapp:  Käitamine 
   
 a. Tööstusautomaatika süsteemides edastatavaid juhtimisandmeid kaitstakse volitamata juurdepääsu eest. 
 b. Reaalajas avalikult andmeid edastavate tööstusautomaatika süsteemide mõõteandmeid kaitstakse volitamata muudatuste eest.",Haldusjuht,
7e31450e0ae56c9df44baea710462ac3,SYS.7.2,SYS.7.2: Tööstusautomaatika,3.4,3.4 Kõrgmeetmed,c0ad7d0f4edd89bc08f3949c9c1d9c3d,SYS.7.2.M19,SYS.7.2.M19 Tööstusautomaatika süsteemide turvatestimine,"Vastutaja:  Haldusjuht 
 Elutsükli etapp:  Käitamine 
 Turvakomponent:  C; I; A 
   
 a. Tööstusautomaatika süsteemide tehniliste turvameetmete toimivust kontrollitakse regulaarsete turvatestimistega. 
 b. Testimised plaanitakse hooldusaegadele ja neid ei tehta töötavatel seadmetel. 
 c. Testimistulemused dokumenteeritakse, tuvastatud riske analüüsitakse ja käsitletakse.",Haldusjuht,
7e31450e0ae56c9df44baea710462ac3,SYS.7.2,SYS.7.2: Tööstusautomaatika,3.4,3.4 Kõrgmeetmed,a99b21142f5da5714b11ed40f05047a3,SYS.7.2.M20,SYS.7.2.M20 Tööstusautomaatika süsteemide usaldusväärne programmikood,"Vastutaja:  Haldusjuht 
 Elutsükli etapp:  Käitamine 
 Turvakomponent:  I; A 
   
 a. Tööstusautomaatika süsteemide uuendatud juhtprogrammid ja komponentide püsivara uuendid installitakse alles pärast nende tervikluses ja autentsuses veendumist.",Haldusjuht,
033b7d50e956ef674807ecf0affaf7cb,SYS.7.3,SYS.7.3: Autonoomsed süsteemid,3.2,3.2 Põhimeetmed,b18f4d606d54dfae53b7855f4b1fdb6e,SYS.7.3.M1,SYS.7.3.M1 Andurite ja robotseadmete valimine ja paigaldamine,"Vastutaja:  Haldusjuht 
 Elutsükli etapp:  Käitamine 
   
 a. Andurite ja robotseadmete valimisel ja hankimisel on arvestatud seadme valmistaja ja tema allhankijate usaldusväärsust. 
 b. Andurid ja robotseadmed on paigaldatud ja installitud vastavalt valmistaja nõuetele. 
 c. On arvestatud andurite ja robotseadmete sobivust antud keskkonnatingimustele (temperatuur, tolm, vibratsioon, korrosioon jms).",Haldusjuht,
033b7d50e956ef674807ecf0affaf7cb,SYS.7.3,SYS.7.3: Autonoomsed süsteemid,3.2,3.2 Põhimeetmed,26558cf41d7e477b2701407b46972b36,SYS.7.3.M4,SYS.7.3.M4 Tootja tehtava kaughoolduse turve,"Vastutaja:  Haldusjuht 
 Elutsükli etapp:  Käitamine 
   
 a. Tootja- või paigaldajapoolse toe tagamiseks on kokku lepitud, mis kaughoolduslahendusi kasutatakse, kuidas kaitstakse sideühendusi ning kuidas toimub kaughoolduse seire. 
 b. Robotseadme kaughoolduse tegemisel puudub hoolduse tegijal juurdepääs organisatsiooni muudele süsteemidele või robotseadmetele. 
 c. Robotseadmesse salvestatud andmete kasutamise reeglid on hoolduse tegijaga kooskõlastatud.",Haldusjuht,
033b7d50e956ef674807ecf0affaf7cb,SYS.7.3,SYS.7.3: Autonoomsed süsteemid,3.2,3.2 Põhimeetmed,72fe998795a501deefcd64b57b2b3c03,SYS.7.3.M5,SYS.7.3.M5 Protseduur käituseks pärast garantiiaja lõppu,"Vastutaja:  Haldusjuht 
 Elutsükli etapp:  Käitamine 
   
 a. On kehtestatud protseduur robotseadme turvaliseks käituseks pärast garantiiaja lõppu. 
 b. Robotseadme tarnijaga on sõlmitud tugiteenusleping.",Haldusjuht,
033b7d50e956ef674807ecf0affaf7cb,SYS.7.3,SYS.7.3: Autonoomsed süsteemid,3.3,3.3 Standardmeetmed,c7f9706456f7663e4eeaa4b20336e38d,SYS.7.3.M2,SYS.7.3.M2 Andurite ja robotseadmete turvaline kalibreerimine,"Vastutaja:  Haldusjuht 
 Elutsükli etapp:  Käitamine 
   
 a. Andureid ja autonoomseid robotsüsteeme kalibreeritakse regulaarselt, kalibreerimine dokumenteeritakse. 
 b. Lubamatu juurdepääs kalibreerimisele on tõkestatud.",Haldusjuht,
033b7d50e956ef674807ecf0affaf7cb,SYS.7.3,SYS.7.3: Autonoomsed süsteemid,3.3,3.3 Standardmeetmed,63af579a6af52c9b5a37ccbe5d1a0bed,SYS.7.3.M6,SYS.7.3.M6 Robotseadme ohutuspiirangute kehtestamine,"Vastutaja:  Haldusjuht 
 Elutsükli etapp:  Käitamine 
   
 a. Robotseadme juhtimissessiooni katkestuse või tehniliste rikke korral liigub robotseade ohutusse seisundisse. 
 b. Autonoomselt liikuvatele robotseadmetele rakendatakse geotarastust (ingl  geofencing ).",Haldusjuht,
033b7d50e956ef674807ecf0affaf7cb,SYS.7.3,SYS.7.3: Autonoomsed süsteemid,3.4,3.4 Kõrgmeetmed,4dc05e14688f1ef4f3ab485d880ddc1c,SYS.7.3.M3,SYS.7.3.M3 Traadita side vältimine,"Vastutaja:  Haldusjuht 
 Elutsükli etapp:  Käitamine 
 Turvakomponent:  C 
   
 a. Suurema kaitsetarbe korral ei kasutata robotseadmetega suhtluseks raadiovõrke (nt raadiokohtvõrku (WLAN), lähiväljasidet (NFC) või  Bluetooth 'i). 
 b. Tarbetud sideliidesed desaktiveeritakse.",Haldusjuht,
3f091ebaf943c2c7420ce1082e2d8442,SYS.5.19,SYS.5.19: Elektrooniline arhiivisüsteem,3.2,3.2 Põhimeetmed,f04af229fdec9349b718f2c489cc52a8,SYS.5.19.M3,SYS.5.19.M3 Arhiivisüsteemi ja arhiivimeediumite hoiu sobiv korraldus,"Vastutaja:  IT-juht 
 Elutsükli etapp:  Käitamine 
   
 a. Arhiivisüsteemid ja nendega seotud IT-komponendid on paigutatud ruumidesse, kus on tagatud füüsiline turvalisus ja sobivad keskkonnatingimused. 
 b. Arhiivisüsteemidele ligipääs, sh ruumidesse sisenemisõigus on ainult volitatud isikutel.",IT-juht,
3f091ebaf943c2c7420ce1082e2d8442,SYS.5.19,SYS.5.19: Elektrooniline arhiivisüsteem,3.2,3.2 Põhimeetmed,eb496e0e81bc61976ba1eb94f05f6384,SYS.5.19.M4,SYS.5.19.M4 Andmete ühtne indekseerimine arhiveerimisel,"Vastutaja:  IT-juht 
 Elutsükli etapp:  Käitamine 
   
 a. Kõik arhiivis säilitatavad andmed, dokumendid ja andmekirjed indekseeritakse. 
 b. Kontseptsiooni väljatöötamise käigus määratakse ühtne arhiivi indeksiteabe struktuur. 
 c. Indeksiandmebaasi terviklust kontrollitakse ja vajadusel parandatakse regulaarselt. 
 d. Indeksiandmebaasi varundatakse regulaarselt, varunduse taastatavust kontrollitakse pärast igat varundust. 
 e. Suurte arhiivibaaside puhul indeksiandmebaasid dubleeritakse.",IT-juht,
3f091ebaf943c2c7420ce1082e2d8442,SYS.5.19,SYS.5.19: Elektrooniline arhiivisüsteem,3.2,3.2 Põhimeetmed,a69ef444e9195da1c48a813d95621fde,SYS.5.19.M8,SYS.5.19.M8 Arhiivipöörduste logimine,"Vastutaja:  IT-juht 
 Elutsükli etapp:  Käitamine 
   
 a. Kõikide arhiivipöörduste puhul logitakse pöördumise kuupäev, kellaaeg, kasutajatunnus, arhiivipöörduse põhjus, klientsüsteem, tehtud toimingud ning vigade esinemisel ka veateated. 
 b. Arhiivipöörduste logiandmeid analüüsitakse võimalike kõrvalekallete tuvastamiseks regulaarselt. 
 d. Arhiivipöörduste logiandmeid säilitatakse arhiveerimiseeskirjas määratud säilitustähtaja jooksul.",IT-juht,
3f091ebaf943c2c7420ce1082e2d8442,SYS.5.19,SYS.5.19: Elektrooniline arhiivisüsteem,3.2,3.2 Põhimeetmed,16ce89ccf8e9421d7369b9df79d28bca,SYS.5.19.M10,SYS.5.19.M10 Elektroonilise arhiivisüsteemi kasutamise kord,"Vastutaja:  IT-juht 
 Elutsükli etapp:  Käitamine 
   
 a. Organisatsioonis on kehtestatud elektroonilise arhiivisüsteemi kasutamise kord, mis hõlmab järgnevat: 
 
 käituse ja halduse rollide lahusus ja vastutused; 
 kokkulepitud teenustase; 
 pääsuõiguste haldus; 
 andmete ja andmekandjate käitluse protseduurid; 
 arhiivisüsteemi ja keskkonna järelevalve; 
 andmete varundamise protseduurid; 
 arhiivitoimingute logimine; 
 arhiivisüsteemi muudatuste haldus. 
 
 b. Arhiivisüsteemi haldajad järgivad arhiivisüsteemi kasutamise korda.",IT-juht,
3f091ebaf943c2c7420ce1082e2d8442,SYS.5.19,SYS.5.19: Elektrooniline arhiivisüsteem,3.3,3.3 Standardmeetmed,797992267aa80c4ce7178c8e6773ae72,SYS.5.19.M12,SYS.5.19.M12 Arhiivimeediumi salvestusressursside seire,"Vastutaja:  IT-juht 
 Elutsükli etapp:  Käitamine 
   
 a. Arhiivimeediumi vaba salvestusmahtu kontrollitakse vahetult enne salvestust. 
 b. Kui vaba salvestusmaht väheneb alla määratud piirmäära, teavitatakse sellest süsteemi haldajat. 
 c. Salvestusmahu suurendamiseks on olemas varuressurss ja koostatud protseduur selle kasutusele võtmiseks.",IT-juht,
3f091ebaf943c2c7420ce1082e2d8442,SYS.5.19,SYS.5.19: Elektrooniline arhiivisüsteem,3.3,3.3 Standardmeetmed,c588abf1c0eb8b1d4980f6cf057315d8,SYS.5.19.M16,SYS.5.19.M16 Arhiivisüsteemi tehniliste komponentide uuendamine,"Vastutaja:  IT-juht 
 Elutsükli etapp:  Käitamine 
   
 a. Arhiivisüsteemi tehnilist ajakohasust kontrollitakse regulaarselt. 
 b. Uute komponentide sobivust testitakse enne nende kasutuselevõttu. 
 c. On kehtestatud migratsiooniprotseduur üleminekuks uutele vormingutele või vahenditele. 
 d. Kõik arhiivisüsteemi komponentide muudatused, konverteerimised, testimised ja asenduskavad dokumenteeritakse.",IT-juht,
3f091ebaf943c2c7420ce1082e2d8442,SYS.5.19,SYS.5.19: Elektrooniline arhiivisüsteem,3.3,3.3 Standardmeetmed,0d9c170d85fdfdb9337a3bf25551b5cc,SYS.5.19.M17,SYS.5.19.M17 Sobiva arhiivisüsteemi valimine,"Vastutaja:  IT-juht 
 Elutsükli etapp:  Kavandamine 
   
 b. Elektroonilise arhiivisüsteemi valimisel arvestatakse järgmist: 
 
 dokumentide ja andmete versioonihalduse tugi; 
 funktsioonide ja protsesside vastavus tehniliste standarditega; 
 pääsu reguleerimise mehhanism mitmeastmelise õiguste süsteemiga; 
 logimine; 
 järelevalvele pääsu korraldus; 
 süsteemi laiendatavus; 
 pöördusaeg; 
 piisav salvestusmaht; 
 käsitsi tehtavate operatsioonide võimalikkus; 
 vaba salvestusmahu automaatkontroll ja mahupiiri alarm; 
 ühilduvus muude komponentide ja süsteemidega; 
 krüptomehhanismid või nende tugi.",IT-juht,
c5a738960b3cf37302f169167adee91e,SYS.7.6,SYS.7.6: Käidutehnoloogia komponentide kaughooldus,3.2,3.2 Põhimeetmed,c947b1188e7cc884c631f2f12f6c9ba0,SYS.7.6.M1,SYS.7.6.M1 Käidutehnoloogia komponentide kaughoolduse kord,"Vastutaja:  Haldusjuht 
 Elutsükli etapp:  Kavandamine 
   
 a. On kehtestatud organisatsiooniülene kord käidutehnoloogia (ingl  operational technology , OT) komponentide kaughoolduse tellimiseks ja läbiviimiseks. 
 b. Käidutehnoloogia kaughoolduse kord arvestab järgmisi aspekte: 
 
 seadusandlusest tulenevad nõuded, sh isikuandmete kaitse; 
 käidutehnoloogia komponentide spetsifikatsioonid ja tootjate soovitused; 
 võrkude eraldatusest tulenevad turvanõuded; 
 nõuded liidestusele ja andmesideühendustele; 
 kaughoolduse käideldavusnõuded; 
 keskkonnatingimustest tulenevad erinõuded; 
 koostoime olemasolevate süsteemidega. 
 
 c. Kaughoolduse korda järgivad kõik asjakohased organisatsiooni töötajad ja välised partnerid. 
 d. Kõik kaughoolduseks kasutatavad tehnilised lahendused on keskselt dokumenteeritud. 
 e. Lisanduvate käidutehnoloogia komponentide puhul lepitakse eelnevalt tarnijaga kokku infoturbe nõuded. 
 f. Võimalusel kasutatakse kõigi käidutehnoloogia komponentide kaughoolduseks standardseid ja ühtseid lahendusi.",Haldusjuht,
c5a738960b3cf37302f169167adee91e,SYS.7.6,SYS.7.6: Käidutehnoloogia komponentide kaughooldus,3.2,3.2 Põhimeetmed,831ae4d70cd5f2b88bf96b1b75a1d6e0,SYS.7.6.M3,SYS.7.6.M3 OT kaughoolduse pääsuõiguste kontroll,"Vastutaja:  Infoturbejuht 
 Elutsükli etapp:  Käitamine 
   
 a. Käidutehnoloogia komponentide kaughoolduslahenduste ja seotud juurdepääsuõiguste asjakohasust ja vastavust käidutehnoloogia kaughoolduse korrale kontrollitakse regulaarselt. 
 c. Kõik kaughoolduse teostajad on isikuliselt tuvastatavad. 
 d. Õiguste andmine toimub rollipõhiselt ja minimaalse vajalikkuse põhimõttel. 
 e. Õigused hooldustöö teostamiseks võimaldatakse ajutiseks, koos automaatse aegumisega.",Haldusjuht,
c5a738960b3cf37302f169167adee91e,SYS.7.6,SYS.7.6: Käidutehnoloogia komponentide kaughooldus,3.2,3.2 Põhimeetmed,1bf6b9176950b924a1f30ce23dde2181,SYS.7.6.M4,SYS.7.6.M4 Kokkulepped kaughoolduse teostamiseks väljastpoolt organisatsiooni,"Vastutaja:  Haldusjuht 
 Elutsükli etapp:  Kavandamine 
   
 a. Kõigi organisatsiooniväliste pooltega (käidutehnoloogia komponentide tootjad, integraatorid ja hooldusteenuste osutajad) on kokku lepitud kaughoolduse läbiviimise tingimused. Kokkulepped tagavad, et välised kasutajad kasutavad käidutehnoloogia kaughoolduse juurdepääsu ainult kontrollitult ja kooskõlastatult. 
 b. On määratud, kellel organisatsioonis ja kui suures ulatuses on õigus välistele kasutajatele juurdepääse anda. Täiendavalt on määratud töötajad, kellel on volitused vajadusel seirata ja kontrollida välise hooldepersonali tegevusi. 
 c. Kaughooldust tehes tagatakse käidutehnoloogia süsteemiga töötavate inimeste turvalisus. 
 d. Organisatsiooni käidutehnoloogia spetsialist võib käidutehnoloogia komponentide kaughooldust teha juhul, kui ta on selleks saanud vastava volituse.",Haldusjuht,
c5a738960b3cf37302f169167adee91e,SYS.7.6,SYS.7.6: Käidutehnoloogia komponentide kaughooldus,3.2,3.2 Põhimeetmed,db0d81218651c366b8ea158c8542adb6,SYS.7.6.M5,SYS.7.6.M5 Hooldusprotseduuride kooskõlastamine IT-talitusega,"Vastutaja:  IT-juht 
 Elutsükli etapp:  Käitamine 
   
 a. Käidutehnoloogia talitus on kooskõlastanud IT-talituse ja teiste asjakohaste organisatsioonisiseste üksustega kõik OT komponentide kaughooldusel kasutatavad liidesed, süsteemid ja süsteemide tehnilised parameetrid. 
 b. On määratud kõik käidutehnoloogia talituse välised rollid, protseduurid ja kohustused, mis on kaughoolduse läbiviimiseks vajalikud (sh tarkvaralitsentside taotlemine).",Haldusjuht,
c5a738960b3cf37302f169167adee91e,SYS.7.6,SYS.7.6: Käidutehnoloogia komponentide kaughooldus,3.2,3.2 Põhimeetmed,ec3bef03a95fc4841b6a29f4d80d2daf,SYS.7.6.M6,SYS.7.6.M6 Kaughoolduslahenduste turve käidutehnoloogia võrgus,"Vastutaja:  Haldusjuht 
 Elutsükli etapp:  Käitamine 
   
 a. Kui käidutehnoloogia komponendi kaugjuurdepääs toimub läbi arvutivõrgus oleva seadme või serveri, vastutab käidutehnoloogia talitus vähemalt ühe juurdepääsuks vajaliku turvakomponendi seadistuse ja pääsuõiguste andmise eest. 
 b. Võimaluse korral kasutatakse käidutehnoloogia komponentide kaughoolduseks standardseid, keskselt hallatud autentimislahendusi. 
 c. Kui OT komponendi kaughoolduse juurdepääsusüsteem pole organisatsiooni poolt keskselt hallatav, kaitstakse juurdepääse täiendavalt tüüpse (vaikimisi pakutava) kaugjuurdepääsulahenduse koosseisu mittekuuluva turvamehhanismiga.",Haldusjuht,
c5a738960b3cf37302f169167adee91e,SYS.7.6,SYS.7.6: Käidutehnoloogia komponentide kaughooldus,3.3,3.3 Standardmeetmed,d67db6436b99a2ffbbce4e144052d34c,SYS.7.6.M7,SYS.7.6.M7 Kaughooldusarvuti eraldamine käidutehnoloogia võrgust,"Vastutaja:  Haldusjuht 
 Elutsükli etapp:  Käitamine 
   
 a. Kaugjuurdepääse mis tahes käidutehnoloogia komponendile ei saa algatada otse IT-võrgust. Enne kaughoolduse sessiooni algatamist ühendatakse kaugjuurdepääsuks kasutatav arvuti lahti teistest võrkudest. Kaughoolduseks luuakse uus sessioon. 
 d. Otseühendused IT-võrgust käidutehnoloogia võrku on keelatud. Kaughoolduseks kasutatakse hüppeserverit (ingl  jump server ) või demilitaartsoonis (DMZ) paiknevat rakenduslüüsi (ingl  Application Layer Gateway , ALG). 
 e. Võimaluse korral haldab vastavat DMZ-d käidutehnoloogia talitus.",Haldusjuht,
c5a738960b3cf37302f169167adee91e,SYS.7.6,SYS.7.6: Käidutehnoloogia komponentide kaughooldus,3.3,3.3 Standardmeetmed,f1577512f63b03306bb2afdd4ee03060,SYS.7.6.M8,SYS.7.6.M8 Kaughooldusseansi kontrollitud algatamine,"Vastutaja:  Haldusjuht 
 Elutsükli etapp:  Käitamine 
   
 a. Kõik kaughoolduse seansid kooskõlastatakse käidutehnoloogia süsteemi opereeriva organisatsiooni poolt määratud süsteemi omanikuga (ingl  system owner ). Alles pärast seda aktiveerib vastutav käidutehnoloogia talituse spetsialist kaughoolduse juurdepääsu. Kaughooldusseansside eelnev kooskõlastamine süsteemi omanikuga on vajalik nii eelnevalt kokku lepitud hooldusaegade raames tehtava korralise hoolduse kui erakorralise kaughooldusvajaduse puhul. 
 b. Kaughooldusseanss kestab piiratud aja. Vastutav käidutehnoloogia talituse spetsialistil on otsustusõigus kaughoolduse ajastuse ja kestvuse üle. 
 c. Väline kaughooldusjuurdepääs luuakse vaid seestpoolt väljapoole (algatatakse käidutehnoloogiavõrgust). 
 d. Kaughoolduseks avatud pordid ei ole juurdepääsetavad ebausaldusväärsetest võrkudest. 
 e. Käidutehnoloogia komponentide kaughooldus toimub ainult käidutehnoloogia talituse või keskselt hallatavas kataloogiteenuses (ingl  directory service ) registreeritud kasutajakontodelt.",Haldusjuht,
c5a738960b3cf37302f169167adee91e,SYS.7.6,SYS.7.6: Käidutehnoloogia komponentide kaughooldus,3.3,3.3 Standardmeetmed,d8ae63e415bdc0657c74b1a5f2bdaa1d,SYS.7.6.M9,SYS.7.6.M9 Turvaline failide edastamine kaughoolduse käigus,"Vastutaja:  Haldusjuht 
 Elutsükli etapp:  Käitamine 
   
 a. Turvaliseks failivahetuseks käidutehnoloogia kaughoolduse käigus (nt. konfiguratsioonifailide, süsteemiuuendite või juhendite saatmiseks) on kehtestatud turvameetmeid sisaldavad protseduurid. 
 b. Failide edastamisel kontrollitakse faile võimaliku kahjurvara avastamiseks. 
 c. Failide edastamine saab toimuda ainult eelnevalt autenditud kasutajate vahel. Failiedastus ei ole automaatne, vaid vajab algatamiseks eelnevat luba. 
 d. Failide edastamine logitakse.",Haldusjuht,
c5a738960b3cf37302f169167adee91e,SYS.7.6,SYS.7.6: Käidutehnoloogia komponentide kaughooldus,3.3,3.3 Standardmeetmed,bd20bfb02b97a82a415d1a50ce883eca,SYS.7.6.M10,SYS.7.6.M10 Kaughoolduse seire ja kontroll,"Vastutaja:  Haldusjuht 
 Elutsükli etapp:  Käitamine 
   
 a. Käidutehnoloogia süsteemides tehtav kaughooldus ei kahjusta tootmisprotsessi ega riku käidutehnoloogia süsteeme ja seadmeid. 
 b. Kaughooldus ei ohusta otseselt ega kaudselt inimesi, kes käidutehnoloogia süsteeme kasutavad või viibivad seadmete läheduses. 
 c. Kui eksisteerib oht võimaliku kehavigastuse või varalise kahju tekitamiseks, valideeritakse kõiki kaughooldustoiminguid nelja silma põhimõttel (ingl  four-eyes principle ). 
 d. Kohapeal kaughoolduse toiminguid jälgiv käidutehnoloogia talituse spetsialist saab vajadusel kaughoolduse käiku sekkuda või kaughoolduse seansi katkestada.",Haldusjuht,
c5a738960b3cf37302f169167adee91e,SYS.7.6,SYS.7.6: Käidutehnoloogia komponentide kaughooldus,3.4,3.4 Kõrgmeetmed,a5f8605e1c60679f3d5ce44391547337,SYS.7.6.M12,SYS.7.6.M12 Käidutehnoloogia kaughoolduse erilahendus,"Vastutaja:  Haldusjuht 
 Elutsükli etapp:  Käitamine 
 Turvakomponent:  C; I; A 
   
 a. Kaughoolduseks kasutatakse spetsiaalset OT komponentide kaughoolduslahendust, mis on sõltumatu organisatsiooni arvutivõrgust ja IT-arhitektuurist. Kõik muud võimalused käidutehnoloogia komponentide kaugjuurdepääsuks on deaktiveeritud või blokeeritud. 
 b. Käidutehnoloogia komponentide kaughoolduseks kasutatakse organisatsiooni arvutivõrgust sõltumatut, eraldiseisvat internetiühendust.",Haldusjuht,
c5a738960b3cf37302f169167adee91e,SYS.7.6,SYS.7.6: Käidutehnoloogia komponentide kaughooldus,3.4,3.4 Kõrgmeetmed,c436b39953e34b5ae5031843f0663665,SYS.7.6.M13,SYS.7.6.M13 Kaughoolduse tegevuste laiendatud logimine,"Vastutaja:  Haldusjuht 
 Elutsükli etapp:  Käitamine 
 Turvakomponent:  C; I 
   
 a. Käidutehnoloogia süsteemide kaughoolduse tegevused on täielikult ja koheselt jälgitavad. 
 b. Lisaks sündmustele (ingl  event)  ja seansiandmetele logitakse täiendavalt kaughoolduse toimingute sisu.",Haldusjuht,
c5a738960b3cf37302f169167adee91e,SYS.7.6,SYS.7.6: Käidutehnoloogia komponentide kaughooldus,3.4,3.4 Kõrgmeetmed,8844c0abfab557c95cf4e46da068ec12,SYS.7.6.M14,SYS.7.6.M14 Kaughoolduse seansi tehniline kontroll,"Vastutaja:  Haldusjuht 
 Elutsükli etapp:  Käitamine 
 Turvakomponent:  C; I; A 
   
 a. Kõiki käsutasandi tegevusi ehk käsitsi või automaatselt antud käsklusi on võimalik vajadusel tehniliselt takistada. 
 b. Käidutehnoloogia kaughoolduse seansside automaatseirelahendus käivitab alarmi mitte ainult konkreetsete tehniliste reeglite rikkumise, vaid ka kasutusmustris toimuvate anomaaliate (nt ootamatult suurenenud andmesidemaht) esinemisel.",Haldusjuht,
4c483bcb41f8eb0435515ce3d5e7a9ae,SYS.6.1,SYS.6.1: Pilvandmetöötlus üldiselt,3.2,3.2 Põhimeetmed,1078bd622c93391d9e15a71124c227fa,SYS.6.1.M1,SYS.6.1.M1 Pilvandmetöötluse kavandamine,"Vastutaja:  IT-juht 
 Elutsükli etapp:  Kavandamine 
 Turvakomponent:  C 
   
 a. Organisatsioon koostab pilvandmetöötluse kasutuselevõtu kava, mis hõlmab vähemalt järgmist: 
 
 millised äriprotsessid ja IT-süsteemid viiakse pilve ning milline on nende kriitilisuse tase; 
 millist pilveteenuse mudelit (SaaS, PaaS, IaaS) kasutatakse; 
 andmete elutsükkel pilves (loomine, töötlemine, kustutamine); 
 nõuded andmete asukohale (EL/EMP vs kolmandad riigid); 
 integratsioonid olemasolevate süsteemidega; 
 taastevõimekuse (RTO/RPO) nõuded.",IT-juht,
4c483bcb41f8eb0435515ce3d5e7a9ae,SYS.6.1,SYS.6.1: Pilvandmetöötlus üldiselt,3.2,3.2 Põhimeetmed,7b5f71b5c114e412c030d2f7aeeffb8b,SYS.6.1.M2,SYS.6.1.M2 Pilvandmetöötluse riskide hindamine,"Vastutaja:  IT-juht 
 Elutsükli etapp:  Kavandamine 
   
 a. Enne pilvteenuse kasutuselevõttu viiakse läbi riskianalüüs, mis käsitleb spetsiifiliselt pilvandmetöötlusega seotud riske: 
 
 andmete lekkimine pilveteenusepakkuja taristu kaudu; 
 ressursside ühiskasutuse ja teiste klientide tegevusega seotud riskid (ingl  multi-tenancy risk ); 
 andmetele juurdepääsu kaotamine (pakkuja maksejõuetus, teenuse lõpetamine, geopoliitiline risk); 
 regulatiivne ja õiguslik risk andmete piiriülese edastamise korral; 
 sõltuvusrisk pilvteenuse lõpetamisel (ingl  vendor lock-in ) ning võimetus migreeruda ilma andmekadudeta; 
 jagatud vastutuse mudeli (ingl  shared responsibility model ) valesti mõistmisest tulenev kaitseta jätmine.",IT-juht,
4c483bcb41f8eb0435515ce3d5e7a9ae,SYS.6.1,SYS.6.1: Pilvandmetöötlus üldiselt,3.2,3.2 Põhimeetmed,b9966f8427f4ad646c1d26b51a0a9644,SYS.6.1.M3,SYS.6.1.M3 Pilvandmete klassifitseerimine,"Vastutaja:  IT-juht 
 Elutsükli etapp:  Kavandamine 
   
 a. Pilvteenusesse lisatavad andmed on organisatsiooni andmeklassifikatsiooni kohaselt klassifitseeritud. 
 b. Andmete klassifitseerimine määrab: 
 
 kas ja milliseid andmeid on lubatud pilve paigutada; 
 millise turvatasemega pilveteenuse kasutamine on lubatud; 
 milliseid täiendavaid kaitsemeetmeid rakendatakse; 
 millised isikud/rollid saavad pilves paiknevatele andmetele juurdepääsuõiguse.",IT-juht,
4c483bcb41f8eb0435515ce3d5e7a9ae,SYS.6.1,SYS.6.1: Pilvandmetöötlus üldiselt,3.2,3.2 Põhimeetmed,a2009e887e7f27d64cc93befc03a595a,SYS.6.1.M4,SYS.6.1.M4 Sobiva pilvandmetöötlusmudeli valimine,"Vastutaja:  IT-juht 
 Elutsükli etapp:  Kavandamine 
   
 a. Pilveteenuse mudeli valikul (SaaS, PaaS, IaaS; avalik, privaatne, hübriidpilv) arvestatakse: 
 
 andmete klassifitseerimise tulemusi; 
 jagatud vastutuse mudelist tulenevat turvakoormust organisatsioonile; 
 sertifitseeringute nõudeid vastava andmeklassi jaoks; 
 andmete residentsuse nõudeid.",IT-juht,
4c483bcb41f8eb0435515ce3d5e7a9ae,SYS.6.1,SYS.6.1: Pilvandmetöötlus üldiselt,3.2,3.2 Põhimeetmed,c94973888ecae33544cd2f18c25c2372,SYS.6.1.M5,SYS.6.1.M5 Pilvteenuse pakkuja hindamine,"Vastutaja:  IT-juht 
 Elutsükli etapp:  Kavandamine 
   
 a. Pilvteenuse pakkuja turvataseme hindamisel kontrollitakse asja- ja ajakohaste sertifikaatide ja vastavustõendite olemasolu. 
 b. Tehniliste turvavõimekuste hindamisel kontrollitakse vähemalt järgmist: 
 
 krüpteerimisvõimekus andmete puhkeolekus (ingl  data at rest ) ja edastamisel (ingl  data in transit ); 
 kliendi võimalused oma andmete endapoolseks krüpteerimiseks (ingl  Bring Your Own Key , BYOK); 
 auditilogi ja selle kättesaadavus kliendile; 
 mitmikautentimise (ingl  multifactor authentication , MFA) rakendamine nii halduritele kui kasutajatele; 
 
 c. Pilvteenuse pakkuja usaldusväärsuse ja läbipaistvuse hindamisel kontrollitakse vähemalt järgmist: 
 
 tarneahel ja kasutatavad alltöövõtjad; 
 turvanõrkustest ja intsidentidest teavitamise poliitikad ja protseduurid; 
 läbiviidud auditite ja turvatestimiste kokkuvõtted.",IT-juht,
4c483bcb41f8eb0435515ce3d5e7a9ae,SYS.6.1,SYS.6.1: Pilvandmetöötlus üldiselt,3.2,3.2 Põhimeetmed,8aab66020070dab9aa2e845c9608854c,SYS.6.1.M6,SYS.6.1.M6 Pilvandmetöötluse lepingu sõlmimine teenuseandjaga,"Vastutaja:  IT-juht 
 Elutsükli etapp:  Kavandamine 
   
 a. Teenuseandjaga sõlmitud pilvandmetöötluse leping sisaldab vähemalt: 
 
 andmete omandiõiguse selge määratlus (andmed kuuluvad organisatsioonile); 
 intsidentidest teavitamise kohustus, kontaktisikud ja ajakava; 
 auditeerimisõigus või sõltumatu audiitori aruannete kättesaadavus; 
 tarneahela turvanõuded, sh alltöövõtjate kasutamise tingimused ja muutuste teavitus; 
 andmete hoidmise kohustusmääratud geograafilistes piirkondades; 
 teenustaseme lepped (ingl  Service Level Agreement , SLA) käideldavuse, taaste ja turvaintsidentide lahendamise kohta; 
 lepingupoolte tegevused lepingu peatamisel, sh tugi andmete migreerimisel; 
 andmete kustutamise ja tagastamise kohustus lepingu lõppemisel.",IT-juht,
4c483bcb41f8eb0435515ce3d5e7a9ae,SYS.6.1,SYS.6.1: Pilvandmetöötlus üldiselt,3.2,3.2 Põhimeetmed,883a3d14c563ce7b5622ce954d5e462e,SYS.6.1.M10,SYS.6.1.M10 Pilvandmetöötluse tarneahela turve,"Vastutaja:  IT-juht 
 Elutsükli etapp:  Käitamine 
   
 a. Tarneahela turbe nõuded on esitatud pilvandmetöötluse lepingus. 
 b. Organisatsioonil on õigus veenduda teenuseandja infoturbe halduse süsteemi toimivuses. 
 c. API võtmete ja saladuste hoidmiseks kasutatakse turvalisi saladuste hoidlaid. 
 d. Organisatsioonil on olemas ajakohastatud ülevaade, kes ja millisest organisatsioonist omab andmetele juurdepääsu. 
 e. Teave kolmandate osapoolte tarkvara ja pluginate kasutamise kohta pilvteenustes on teenuseandja poolt kättesaadavaks tehtud. 
 f. Teenuseandja tarneahela turvanõuete täitmist hinnatakse regulaarselt. 
 g. Oluliste puuduste või intsidentide ilmnemisel kaalutakse lepingu lõpetamist ja teenuseandja vahetamist.",IT-juht,
4c483bcb41f8eb0435515ce3d5e7a9ae,SYS.6.1,SYS.6.1: Pilvandmetöötlus üldiselt,3.3,3.3 Standardmeetmed,838d41178f0470f189a5ff81092cb669,SYS.6.1.M7,SYS.6.1.M7 Pilvteenuste turvaarhitektuur,"Vastutaja:  Infoturbejuht 
 Elutsükli etapp:  Käitamine 
   
 a. Pilvteenuste kasutuselevõtul kujundatakse turvanõuded ja turvaarhitektuur, mis hõlmab vähemalt võrguturvet ja identiteedihaldust. 
 b. Ligipääs pilveteenusele suunatakse läbi organisatsiooni kontrollitud ühenduspunkti või kasutatakse pakkuja IP-piiranguid. 
 c. Pilvteenuse turvaarhitektuur võimaldab SSO integratsiooni organisatsiooni identiteedihaldussüsteemiga. 
 d. Mitmikautentimine (MFA) on kohustuslik kõikidele kasutajatele. Administraatoritele on võimalik lisada täiendavaid autentimisvahendeid.",IT-juht,
4c483bcb41f8eb0435515ce3d5e7a9ae,SYS.6.1,SYS.6.1: Pilvandmetöötlus üldiselt,3.3,3.3 Standardmeetmed,aeb9b7ce84a0a55b4297118b7b72b7b3,SYS.6.1.M8,SYS.6.1.M8 Andmete krüpteerimine pilves,"Vastutaja:  IT-juht 
 Elutsükli etapp:  Käitamine 
   
 a. Andmevahetus pilvteenuse andja ja organisatsiooni vahel ning andmete hoidmine teenuseandja IT-süsteemides on krüpteeritud. 
 b. Andmete krüpteerimiseks nende salvestus- või töötluskohas on kokku lepitud, kas andmed krüpteerib pilvteenust kasutav organisatsioon (enne nende edastamist pilvteenuse andjale) või krüpteeritakse edastatavad andmed pilvteenuse andja IT-süsteemides (ingl  server-side encryption ). 
 c. Kui andmed krüpteerib pilvteenuse andja, määratakse lubatud krüpteerimismehhanismid, võtme pikkused ja turvalise võtmehalduse nõuded pilvandmetöötluse teenuslepingus. Kui andmeid krüpteerib organisatsioon, kooskõlastatakse see eelnevalt teenuseandjaga. 
 d. Andmesideühendused pilvteenusega kasutavad protokolli TLS 1.2 või selle uuemat versiooni. Aegunud protokollide (TLS 1.0/1.1, SSL) tugi keelatakse nii kliendi kui teenuse poolel. 
 e. Tundlikud andmed krüpteeritakse pilves organisatsiooni enda hallatud võtmetega (ingl  Bring Your Own Key , BYOK).",IT-juht,
4c483bcb41f8eb0435515ce3d5e7a9ae,SYS.6.1,SYS.6.1: Pilvandmetöötlus üldiselt,3.3,3.3 Standardmeetmed,9c504c93e04476113f07a2fae523126c,SYS.6.1.M9,SYS.6.1.M9 Pilvandmetöötluse logimine ja seire,"Vastutaja:  IT-juht 
 Elutsükli etapp:  Käitamine 
   
 a. Organisatsioon on kehtestanud pilvandmetöötluse logimise ja seire korra. 
 b. Pilvandmetöötluse seire hõlmab vähemalt järgmist: 
 
 kasutajate autentimissündmused; 
 eelisõigustega kontode kasutamine; 
 konfiguratsioonimuudatused; 
 haldustoimingud: 
 võrguühenduse toimimine, teenuste käideldavus; 
 teenuse jõudlusnäitajad. 
 
 c. Pilvteenuste logid eksporditakse edasiseks analüüsiks organisatsiooni logihalduse süsteemi. 
 d. Pilvandmetöötluse turvaseadistuste hindamiseks kasutatakse pilveturbe seisundi halduse tööriista (ingl  Cloud Security Posture Management , CSPM) või muud samaväärset automatiseeritud kontrollimehhanismi.",IT-juht,
4c483bcb41f8eb0435515ce3d5e7a9ae,SYS.6.1,SYS.6.1: Pilvandmetöötlus üldiselt,3.3,3.3 Standardmeetmed,6e2d89acc2a7560da1289c488e141a40,SYS.6.1.M11,SYS.6.1.M11 Pilvteenustest väljumise strateegia,"Vastutaja:  IT-juht 
 Elutsükli etapp:  Kõrvaldamine 
   
 a. On määratud maksimaalne vastuvõetav ajaaken teenuse lõpetamisest kuni uues kohas käivitamiseni. Pilvandmetöötluse lepingus määratud etteteatamistähtajad on sellega kooskõlas. 
 b. Kõik teenuse migreerimise sammud, sh kõik tegevused ja nende eest vastutajad dokumenteeritakse enne teenuse lõpetamist ja migreerimistegevuste alustamist. 
 c. Osapooltega lepitakse kokku ja dokumenteeritakse andmete ülekandmise andmevormingud ja protseduurid. 
 d. Andmete eksportimist ja importimist alternatiivkeskkonda testitakse enne teenuse migreerimist.",IT-juht,
4c483bcb41f8eb0435515ce3d5e7a9ae,SYS.6.1,SYS.6.1: Pilvandmetöötlus üldiselt,3.4,3.4 Kõrgmeetmed,5db1a9f9427cb8b5f1be5009e0ce7ef3,SYS.6.1.M12,SYS.6.1.M12 Pilvteenuste liidendusteenuste kasutamine,"Vastutaja:  IT-juht 
 Elutsükli etapp:  Käitamine 
 Turvakomponent:  C; I; A 
   
 a. Kui pilvteenuste jaoks kasutatakse liidendusteenuseid (ingl  Federation Service ), edastatakse kesksest kataloogiteenusest saadud identsustõendiga (nt SAML-pilet (ingl  Security Assertion Markup Language ,SAML)) pilvteenuse andjale üksnes vajalikku teavet. 
 b. Kasutajate õigusi kontrollitakse regulaarselt ja identsustõendi saavad ainult volitatud kasutajad. 
 c. Kui andmed krüpteerib pilvteenuse andja, määratakse lubatud krüpteerimismehhanismid, võtme pikkused ja turvalise võtmehalduse nõuded pilvteenuslepingus. 
 d. Kui andmeid krüpteerib organisatsioon, kooskõlastatakse see eelnevalt teenuseandjaga.",IT-juht,
747e219874b7a9e6ae51a189c8a8d353,APP.1,APP.1: Tarkvara üldiselt,3.2,3.2 Põhimeetmed,21803b9109e83447158c9a6e13b30452,APP.1.M1,APP.1.M1 Tarkvara kasutuselevõtu kavandamine,"Vastutaja:  IT-juht 
 Elutsükli etapp:  Kavandamine 
   
 a. Tarkvara kasutuselevõtu kavandamise käigus on kirjeldatud: 
 
 tarkvara kasutamise eesmärk ja äriline vajadus; 
 tarkvara funktsionaalsed nõuded; 
 tarkvara mittefunktsionaalsed nõuded; 
 andmed, mida tarkvaraga töödeldakse, sh andmete klassifikatsioon ja tundlikkus; 
 riistvara ja IT-süsteemid, millel tarkvara kasutatakse; 
 tarkvara liidestus ja lõimimine olemasolevate rakendustega; 
 tarkvara eeldatav elutsükkel, sealhulgas asendamine või kasutusest kõrvaldamine; 
 välise toe vajadus tarkvara juurutamisel ja käigushoidmisel. 
 
 c. Tüüptarkvara kasutuselevõtuks määratakse vajalikud kooskõlastused ning vastutajad, kes: 
 
 koostavad nõuete loendi; 
 valivad tarkvaratoote; 
 testivad tarkvara; 
 installivad tarkvaratoote. 
 
 d. Tarkvara tohib kasutada ainult juhul, kui kasutamine vastab tarkvara litsentsitingimustele.",IT-juht,
747e219874b7a9e6ae51a189c8a8d353,APP.1,APP.1: Tarkvara üldiselt,3.2,3.2 Põhimeetmed,503f5a319a4a5de8b34ddb67457193b7,APP.1.M2,APP.1.M2 Tarkvara mittefunktsionaalsed nõuded,"Vastutaja:  IT-juht 
 Elutsükli etapp:  Kavandamine 
   
 c. Mittefunktsionaalsete nõuetena kirjeldatakse vähemalt: 
 
 rakenduse keskkond, sh platvorm, välisseadmed, liidestus; 
 ühilduvus muude komponentidega, sh migratsiooni tugi ja tagasiühilduvus; 
 jõudlusnõuded; 
 koostalitlusnõuded; 
 usaldatavusnõuded, sh stabiilsus-, veakindlus- ja veatõrjenõuded; 
 vastavus standarditele ja sise-eeskirjadele; 
 kasutatavusnõuded, sh kasutamise hõlpsus, arusaadavus, õpitavus; 
 kulude ülapiir; 
 nõuded dokumentatsioonile; 
 nõuded tarkvara kvaliteedile; 
 kasutajate ja süsteemide identifitseerimise ning autentimise nõuded; 
 pääsuõiguste reguleerimise nõuded; 
 logimis- ja jälgitavusnõuded; 
 andmete konfidentsiaalsuse, tervikluse ja käideldavuse tagamine; 
 turvaline andmeedastus ja krüpteerimine; 
 andmete varundamise ja taastamise nõuded; 
 tarkvara ja andmete rikkumiskindlus. 
 
 e. Tarkvarale esitatavad nõuded on kooskõlas isikuandmete kaitse alase regulatsiooniga. 
 f. Tarkvarale esitatavate mittefunktsionaalsete nõuete loend on organisatsioonisiseselt kooskõlastatud kõigi mõjutatud üksuste ja seotud osapooltega.",IT-juht,
747e219874b7a9e6ae51a189c8a8d353,APP.1,APP.1: Tarkvara üldiselt,3.2,3.2 Põhimeetmed,2982f7c3193fb3f0d2c335024c93c97f,APP.1.M3,APP.1.M3 Tarkvara turvaline hankimine,"Vastutaja:  Äriüksuse juht 
 Elutsükli etapp:  Kavandamine 
   
 a. Tarkvara hankimisel lähtutakse tarkvarale esitatavate nõuete loendis esitatud tingimustest. 
 b. Tarkvara hangitakse ainult usaldusväärsetest allikatest. Hangitud tarkvara autentsus ja terviklus on tõendatav. 
 c. Tarkvara kogu eeldatava eluea jooksul on tagatud tarkvarale tootja tugi ja turvapaikade olemasolu. 
 d. Tundlikku infot ei tohi Riigihangete registris või muudmoodi hankes osalejatele kättesaadavaks teha enne lepingu sõlmimist.",IT-juht,
747e219874b7a9e6ae51a189c8a8d353,APP.1,APP.1: Tarkvara üldiselt,3.2,3.2 Põhimeetmed,fb974c93494ef97740ba8c02b6eb3ea6,APP.1.M4,APP.1.M4 Tarkvara turvaline installimine,"Vastutaja:  IT-juht 
 Elutsükli etapp:  Kavandamine 
   
 a. Tarkvara installitakse ainult vajaliku funktsionaalsuse ulatuses, tarbetud teenused ja funktsioonid desinstallitakse või lülitatakse välja. 
 c. Tarkvara installimiseks on koostatud installijuhend, mis kirjeldab tarkvara tüüpkonfiguratsiooni, kõiki käsitsi tehtavaid installi- ja seadistussamme ning installimise käigus tehtavaid konfiguratsioonimuudatusi. 
 d. Tarkvara installiprotseduure viivad läbi selleks volitatud IT-talituse töötajad. 
 e. Enne tarkvara installimist veendutakse installipaketi autentsuses ja tervikluses, kasutades selleks tarkvara väljastaja poolt antud digiallkirja või failiräsi teavet. 
 h. Installitakse ainult eelnevalt testitud ja kasutuselevõtuks kinnitatud tarkvara. 
 i. Juhendist lahknevused kooskõlastatakse asutuses infoturvet korraldava isikuga.",IT-juht,
747e219874b7a9e6ae51a189c8a8d353,APP.1,APP.1: Tarkvara üldiselt,3.2,3.2 Põhimeetmed,c0b2a8e3967f7b5c47ef34e3a9b5d1b8,APP.1.M9,APP.1.M9 Tarkvara inventuur,"Vastutaja:  IT-juht 
 Elutsükli etapp:  Käitamine 
   
 a. Kasutatavad tarkvaratooted on arvele võetud inventari nimekirja. 
 b. Tarkvara inventari nimekirjas on esitatud tarkvara nimetus, litsentsitüüp, litsentside arv, litsentside maksumus ja litsentsi kehtivusaeg. 
 d. Tüüptarkvarast erinevate tarkvaratoodete puhul on inventari nimekirjas märgitud tarkvara kasutamise põhjus. 
 e. Tarkvara inventari nimekirja ajakohastatakse kohe pärast uue tarkvara kasutusele võtmist. 
 f. Kasutataval tarkvaratootel on tootjapoolne tehniline tugi.",IT-juht,
747e219874b7a9e6ae51a189c8a8d353,APP.1,APP.1: Tarkvara üldiselt,3.2,3.2 Põhimeetmed,38ee6cddefecb36b694a303aebd8e59c,APP.1.M10,APP.1.M10 Tarkvara kasutusjuhend,"Vastutaja:  IT-juht 
 Elutsükli etapp:  Käitamine 
   
 a. Nõuded tarkvara turvaliseks seadistamiseks ja kasutamiseks on koondatud tarkvara kasutusjuhendisse. 
 b. Asjakohased välised osapooled ja organisatsiooni töötajad järgivad tarkvara kasutusjuhendit igapäevaste tööülesannete täitmisel.",IT-juht,
747e219874b7a9e6ae51a189c8a8d353,APP.1,APP.1: Tarkvara üldiselt,3.2,3.2 Põhimeetmed,c89e2f9a1d12a38e4bf5835d3db46566,APP.1.M16,APP.1.M16 Tarkvara eelseadistamine,"Vastutaja:  IT-juht 
 Elutsükli etapp:  Kavandamine 
   
 a. Tarkvara installijuhend sisaldab tarkvara seadistamise nõudeid, muuhulgas: 
 
 tarkvara ei käivita URL-e ja faile ilma kasutaja otsuseta; 
 rakendusel ei ole lubatud kirjutada süsteemikaustadesse; 
 tarkvara käitatakse minimaalselt vajalike pääsuõigustega.",IT-juht,
747e219874b7a9e6ae51a189c8a8d353,APP.1,APP.1: Tarkvara üldiselt,3.2,3.2 Põhimeetmed,af807e050b0123e1d168a8a53add3c8e,APP.1.M17,APP.1.M17 Tarkvara lisamine avariihaldusplaani,"Vastutaja:  IT-juht 
 Elutsükli etapp:  Käitamine 
   
 a. Organisatsioon on viinud läbi äritoime analüüsi (BIA) ning määranud, millised tarkvarad on talitluspidevuse seisukohalt kriitilised ja milliseid käsitletakse avariihaldusplaanis. 
 b. Iga olulise tarkvara jaoks on määratud alternatiivlahendus, mida kasutatakse juhul, kui primaarne tarkvara ei ole pikema aja jooksul kasutatav.",IT-juht,
747e219874b7a9e6ae51a189c8a8d353,APP.1,APP.1: Tarkvara üldiselt,3.3,3.3 Standardmeetmed,78be8b77814fee802543843c6e43218f,APP.1.M6,APP.1.M6 Täiendavad tarkvara turvafunktsioonid,"Vastutaja:  IT-juht 
 Elutsükli etapp:  Käitamine 
   
 a. Suure kaitsetarbe korral hinnatakse kasutusele võetud tarkvara turvafunktsioonide piisavust, võimalusel tehakse seda nõuete määramise ja tarkvaratoote valimise käigus. 
 b. Täiendavate turvafunktsioonidena kaalutakse vähemalt järgmist: 
 
 logiandmete turbe tugevdamine; 
 tarkvara käitava riistvara ja operatsioonisüsteemi tugevdamine (ingl  hardening) ; 
 andmevahetuse krüpteerimismehhanismide tugevdamine; 
 pääsuõiguste detailsem astmestus.",IT-juht,
747e219874b7a9e6ae51a189c8a8d353,APP.1,APP.1: Tarkvara üldiselt,3.3,3.3 Standardmeetmed,a722e7b285fd01542e79c7399ee5c187,APP.1.M7,APP.1.M7 Sobiva tarkvara valimine,"Vastutaja:  IT-juht 
 Elutsükli etapp:  Kavandamine 
   
 a. Saadaolevaid tarkvaratooteid analüüsitakse ja võrreldakse nõuete loendi alusel, kasutades sobivat võrdlusskaalat. 
 b. Tarkvara valikul hinnatakse toote kasutamisega kaasnevaid majanduslikke ja organisatsioonilisi mõjusid. 
 c. Tarkvaratoote valik tehakse koostöös selle kasutuselevõtust mõjutatud üksuste esindajatega, tuginedes eelnevale vajaduste hindamisele ja toote testimise tulemustele. 
 d. Tarkvara valimisel arvestatakse kasutatavate komponentide ja sõltuvuste läbipaistvusega, sealhulgas avatud lähtekoodi kasutamisega seotud riskidega.",IT-juht,
747e219874b7a9e6ae51a189c8a8d353,APP.1,APP.1: Tarkvara üldiselt,3.3,3.3 Standardmeetmed,d61e5044e9d1e1b63cacd5887e40c8e2,APP.1.M8,APP.1.M8 Tarkvara paigalduspakettide turvaline käsitlemine,"Vastutaja:  IT-juht 
 Elutsükli etapp:  Käitamine 
   
 a. Tarkvara paigalduspakettidest või nende kontrollitud koopiatest on vajaduse korral tehtud varukoopia ning korduvatel installimistel kasutatakse usaldusväärset ja kontrollitud allikat. 
 b. Installimeediat ja paigalduspakette hoitakse viisil, mis välistab volitamata juurdepääsu ja muutmise. 
 d. Tarkvara paigalduspaketid ja konfiguratsioonifailid on dokumenteeritud ning varundatud viisil, mis võimaldab tarkvara seadistuse ja konfiguratsiooni taastamist. 
 e. Tarkvara taaspaigaldamise ja taastamise protseduurid on kooskõlas organisatsiooni varundus- ja taastekorra ning talitluspidevuse nõuetega.",IT-juht,
747e219874b7a9e6ae51a189c8a8d353,APP.1,APP.1: Tarkvara üldiselt,3.3,3.3 Standardmeetmed,20ba177100916152c84e420b4e79b91c,APP.1.M11,APP.1.M11 Tarkvara lisandmoodulite ja laienduste haldus,"Vastutaja:  IT-juht 
 Elutsükli etapp:  Käitamine 
   
 a. On lubatud ainult tarkvara eesmärgipäraseks käitamiseks vajalike lisandmoodulite ja laienduste kasutamine. 
 b. Üleliigsed lisandmoodulid ja laiendused on desinstallitud või desaktiveeritud.",IT-juht,
747e219874b7a9e6ae51a189c8a8d353,APP.1,APP.1: Tarkvara üldiselt,3.3,3.3 Standardmeetmed,5ec6661371a45a31fb9bff6d6df7c5f9,APP.1.M12,APP.1.M12 Tarkvara kasutusest loobumine,"Vastutaja:  IT-juht 
 Elutsükli etapp:  Kõrvaldamine 
   
 a. Organisatsioonis on koostatud tegevusi ja vastutajaid sisaldav kava tarkvara turvaliseks kasutamisest loobumiseks, sh otsustamise, üleminekute ja töökorralduse muutuste käsitlemiseks. 
 b. Kui tarkvara kasutamisest loobumine mõjutab töötajate igapäevaseid tööülesandeid, teavitatakse töötajaid sellest piisavalt ette ning tagatakse neile vajalik väljaõpe ja tugi.",IT-juht,
747e219874b7a9e6ae51a189c8a8d353,APP.1,APP.1: Tarkvara üldiselt,3.3,3.3 Standardmeetmed,560671de32d374da1809073906fd2123,APP.1.M13,APP.1.M13 Tarkvara turvaline desinstallimine,"Vastutaja:  IT-juht 
 Elutsükli etapp:  Kõrvaldamine 
   
 a. Tarkvara desinstallimisel taastatakse IT-süsteem võimalikult suures ulatuses tarkvara paigaldusele eelnenud seisund, eemaldades tarkvaraga seotud failid, teenused ja seadistused vastavalt tootja või organisatsiooni kehtestatud desinstallimisprotseduurile. 
 b. Desinstallimise käigus tehtud süsteemimuudatused dokumenteeritakse käsitsi või automatiseeritud vahendite abil.",IT-juht,
747e219874b7a9e6ae51a189c8a8d353,APP.1,APP.1: Tarkvara üldiselt,3.3,3.3 Standardmeetmed,0801d21de98cc605e25cb977128c75c2,APP.1.M15,APP.1.M15 Tarkvaraprofiil,"Vastutaja:  IT-juht 
 Elutsükli etapp:  Käitamine 
   
 a. Organisatsioonil on ajakohane tarkvaraprofiil. Tarkvaraprofiilis sisalduvad tarkvarad on hinnatud usaldusväärseks.",IT-juht,
3e478911e1a6fa723b6e4ab229449d29,SYS.7.1,SYS.7.1: Käidutehnoloogia üldiselt,3.2,3.2 Põhimeetmed,20bf61c3c9ecfdfeb68133d8cdc0a1ef,SYS.7.1.M1,SYS.7.1.M1 Käidutehnoloogia süsteemide integreerimine turbekorraldusse,"Vastutaja:  Infoturbejuht 
 Elutsükli etapp:  Kavandamine 
   
 a. Käidutehnoloogia süsteemide turbe halduseks on loodud iseseisev infoturbe halduse kord või on see integreeritud organisatsiooniülese infoturbe halduse süsteemiga. 
 b. Turbekorraldusse on kaasatud kõik käidutehnoloogia huvipooled. 
 c. Organisatsioonis on määratud käidutehnoloogia valdkonna turbe eest vastutaja. 
 d. Infoturbe halduses on arvestatud käidutehnoloogia valdkonnaspetsiifiliste õigusaktide, eeskirjade ja erinõuetega.",Haldusjuht,
3e478911e1a6fa723b6e4ab229449d29,SYS.7.1,SYS.7.1: Käidutehnoloogia üldiselt,3.2,3.2 Põhimeetmed,fc6ed5a444d6b42171166bf81c1d0592,SYS.7.1.M3,SYS.7.1.M3 Käidutehnoloogia süsteemide kahjurprogrammide tõrje,"Vastutaja:  Haldusjuht 
 Elutsükli etapp:  Käitamine 
   
 a. Kahjurprogrammide suhtes kontrollitakse järgmisi käidutehnoloogia komponente: 
 
 välisliidesed; 
 ühendused sisevõrgu, Interneti ja partnerivõrkudega; 
 ird-andmekandjad; 
 hooldus-, häälestus- ja programmeerimisterminalid. 
 
 b. Arvestatakse käidutehnoloogia komponentide tootja juhistega kahjurvaratõrje tarkvara kasutamiseks, vajadusel rakendatakse alternatiivseid kaitsemeetmeid. 
 c. Kahjurprogrammide tunnuste andmestiku hankimine käidutehnoloogia süsteemidesse ei tohi toimuda otse Internetist. 
 d. Kui kahjurvaratõrje tarkvara ei saa komponendi ressursi nappuse või reaalajanõuete tõttu kasutada, rakendatakse kompenseerivaid meetmeid (nt käidutehnoloogia tootmisvõrgu isoleerimine).",Haldusjuht,
3e478911e1a6fa723b6e4ab229449d29,SYS.7.1,SYS.7.1: Käidutehnoloogia üldiselt,3.2,3.2 Põhimeetmed,ab8d69c3eaa7928f3a48d60cb77a9dc1,SYS.7.1.M4,SYS.7.1.M4 Käidutehnoloogia varade dokumenteerimine,"Vastutaja:  Haldusjuht 
 Elutsükli etapp:  Käitamine 
   
 a. Käidutehnoloogia varadest on olemas ajakohane ja praktiliselt kasutatav varade loend. 
 b. Varade loendisse on kantud andmed kõigi käidutehnoloogia tarkvara-, süsteemi- ja võrgukomponentide kohta, sealhulgas: 
 
 nimetus, tähis, otstarve; 
 asukoht, füüsiline turvatsoon; 
 vastutaja koos kontaktandmetega; 
 toote mudel, tüüp, versioon, konfiguratsioon; 
 toote keskkond või platvorm, liidestusandmed, andmevahetus; 
 võrgu andmed (võrguskeem tsoonidega, aadressid, pordid, protokolliversioon); 
 valmistaja või tarnija andmed.",Haldusjuht,
3e478911e1a6fa723b6e4ab229449d29,SYS.7.1,SYS.7.1: Käidutehnoloogia üldiselt,3.2,3.2 Põhimeetmed,d9515ee5bdca4ba7032268c338705299,SYS.7.1.M19,SYS.7.1.M19 Käidutehnoloogia süsteemide varukoopiate tegemine,"Vastutaja:  Haldusjuht 
 Elutsükli etapp:  Käitamine 
   
 a. Käidutehnoloogia süsteemi tarkvarast ning andmetest tehakse regulaarselt varukoopiaid. 
 b. Täiendavalt tehakse varukoopia enne käidutehnoloogia komponentides muudatuste tegemist.",Haldusjuht,
3e478911e1a6fa723b6e4ab229449d29,SYS.7.1,SYS.7.1: Käidutehnoloogia üldiselt,3.3,3.3 Standardmeetmed,e5cb2f8500c62b2bcf1dbc21a476f36b,SYS.7.1.M5,SYS.7.1.M5 Käidutehnoloogia võrgu tsoonimispõhimõtete väljatöötamine,"Vastutaja:  Haldusjuht 
 Elutsükli etapp:  Käitamine 
   
 a. Käidutehnoloogia võrgutsoonide loomisel on arvestatud käidutehnoloogia süsteemide funktsioone ning nende erinevat kaitsetarvet võrreldes kontorivõrguga. 
 b. Käidutehnoloogia võrgutsoon on kontorivõrgust eraldatud. 
 c. Käituse võrgusegmendid on teineteisest võimalikult sõltumatud. Võrgusegmendid, millest tehnoloogilist protsessi juhitakse, peavad olema muu tsooni rikke või eraldamise korral endiselt käideldavad, nõutav ajavahemik määratakse avariikäsitluse korras. 
 d. Teostatakse perioodilisi kontrolle dokumenteerimata võrguühenduste avastamiseks ja kõrvaldamiseks.",Haldusjuht,
3e478911e1a6fa723b6e4ab229449d29,SYS.7.1,SYS.7.1: Käidutehnoloogia üldiselt,3.3,3.3 Standardmeetmed,f1269400deaa5bc76279f4389b866b5a,SYS.7.1.M7,SYS.7.1.M7 Käidutehnoloogia kasutajate õiguste haldus,"Vastutaja:  Infoturbejuht 
 Elutsükli etapp:  Käitamine 
   
 a. Käidutehnoloogia kasutajate pääsuõiguste haldus lähtub keskselt kehtestatud pääsuõiguste halduse nõuetest. 
 b. Õigusi käidutehnoloogia süsteemidesse antakse rollipõhiselt ning vastavalt vähima vajaduse põhimõttele. Kõigi rolli- ja personalimuudatuste korral viiakse läbi mõjutatud isikute pääsuõiguste ülevaatus. 
 c. Tööjaamapõhiseid juurdepääsuõigusi tulemüüri või marsruuteri pääsuloendite kaudu käsitletakse kui kasutajaõiguste andmist vastavalt pääsuõiguste halduse korrale.",Haldusjuht,
3e478911e1a6fa723b6e4ab229449d29,SYS.7.1,SYS.7.1: Käidutehnoloogia üldiselt,3.3,3.3 Standardmeetmed,3e9dfece471c8185d9a6bf64b8d85a40,SYS.7.1.M8,SYS.7.1.M8 Käidutehnoloogia komponentide turvaline haldus,"Vastutaja:  Haldusjuht 
 Elutsükli etapp:  Käitamine 
   
 a. Käidutehnoloogia komponentide esmaseks konfigureerimiseks on koostatud kontroll-loend, mis sõltuvalt komponendist määrab: 
 
 tarbetute või ebaturvaliste funktsioonide, liideste jm elementide desaktiveerimise; 
 turvafunktsioonide aktiveerimise; 
 pääsu reguleerimise ja autentimise; 
 algparoolide asendamise; 
 kaugpääsu ja kaughoolduse; 
 aja sünkroniseerimise; 
 logimise. 
 
 b. Käidutehnoloogia komponentide kaughoolduseks kasutatakse eraldatud haldusvõrkusid, kus on kasutusel turvalised protokollid ja rakendatud turvaline autentimine. 
 c. Juurdepääs hooldeliidestele on piiratud selleks õigusi omavate isikutega. 
 d. Haldusjuurdepääs on piiratud ainult nende süsteemide ja funktsioonidega, mis on vajalikud administreerimisülesannete täitmiseks. 
 e. Käidutehnoloogia varade haldus- ja hooldustööd, sh andmete varundamine ja teabevahetus tarnijaga, dokumenteeritakse. 
 f. Kaughooldus- ja haldustoimingute volitamine, järelevalve ja juhtimine toimub reguleeritult. Juurdepääs kaughoolduseks aktiveeritakse ainult konkreetseks kasutuskorraks ja pärast seda uuesti desaktiveeritakse. 
 i. Turvaliseks autentimiseks kasutatakse mitmikautentimist (ingl  multifactor authentication ). 
 j. Kõik käidutehnoloogia süsteemi konfiguratsioonis tehtavad muudatused logitakse.",Haldusjuht,
3e478911e1a6fa723b6e4ab229449d29,SYS.7.1,SYS.7.1: Käidutehnoloogia üldiselt,3.3,3.3 Standardmeetmed,5e60a960de73a8756749ed5ba1277ee7,SYS.7.1.M9,SYS.7.1.M9 Ird-andmekandjate kasutamise piiramine,"Vastutaja:  Haldusjuht 
 Elutsükli etapp:  Käitamine 
   
 b. Käidutehnoloogia toodangukeskkonnas (ingl  production environment ) on ird-andmekandjate ühendamine käidutehnoloogia süsteemidega keelatud, erandjuhud lubatakse ainult kirjaliku kooskõlastuse alusel. 
 c. Välised partnerid on ird-andmekandjate kasutamise piirangutest teadlikud. 
 d. Käidutehnoloogia komponentide tarbetud andmevahetusliidesed on desaktiveeritud.",Haldusjuht,
3e478911e1a6fa723b6e4ab229449d29,SYS.7.1,SYS.7.1: Käidutehnoloogia üldiselt,3.3,3.3 Standardmeetmed,4ad35448007849b9850440da2d870c3b,SYS.7.1.M10,"SYS.7.1.M10 Sündmuste seire, logimine ja avastamine","Vastutaja:  Haldusjuht 
 Elutsükli etapp:  Käitamine 
   
 a. Organisatsioonis on kehtestatud käidutehnoloogia süsteemide logi- ja sündmustehalduse protseduur, mis sisaldab turvasündmuste tuvastamise ja nendest teavitamise meetmeid ning intsidentide käsitlemise plaani. 
 b. Intsidentide käsitlemise plaani koostamisel lähtutakse organisatsiooniülesest turvaintsidentide halduse protsessist. 
 d. Käidutehnoloogia süsteemi kasutamisel logitakse vähemalt alljärgnevad sündmused: 
 
 süsteemi käivitus ja restart; 
 olulised sündmused käidutehnoloogia platvormis; 
 teenuse käivitus; 
 sisselogimised ja sisselogimiskatsed; 
 haldus- ja hooldustoimingud; 
 võrgusündmused (ühenduse katkemised, sõnumite blokeerimised, ummistused); 
 turvalisust puudutavad vea- ja tõrketeated. 
 
 e. Käidutehnoloogia komponentide süsteemiaeg võetakse usaldusväärsetest allikatest, see on pidevalt sünkroonne välise etaloniga ja standardses vormingus (ajavöönd, suve- ja talveaeg). 
 f. Kõrgendatud kaitsevajadusega käidutehnoloogia võrgus rakendatakse sissetungi tuvastuse süsteemi (IDS).",Haldusjuht,
3e478911e1a6fa723b6e4ab229449d29,SYS.7.1,SYS.7.1: Käidutehnoloogia üldiselt,3.3,3.3 Standardmeetmed,5196eec18307b812050b92226b0188b9,SYS.7.1.M11,SYS.7.1.M11 Turvaline hankimine ja süsteemiarendus,"Vastutaja:  Infoturbejuht 
 Elutsükli etapp:  Kavandamine 
   
 a. Käidutehnoloogia süsteemide hankimiseks, arendamiseks ja integreerimiseks on kehtestatud ja dokumenteeritud ühilduvus-, töökindlus- ja turvanõuded. Need nõudeid käsitletakse osana pakkumiskutse dokumentidest. 
 b. Infoturvameetmed kavandatakse käidusüsteemide hankimise varases järgus. 
 c. Lepingupartneritega (arendajad, tarnijad või organisatsioonivälised käitajad) on sõlmitud konfidentsiaalsuslepped. 
 d. Järgitakse tootjate või integreerijate soovitusi käidutehnoloogia komponentide turvaliseks kasutamiseks. 
 e. On määratud meetmed tegevuse jätkamiseks juhul, kui käidutehnoloogia partner lõpetab teenuse andmise.",Haldusjuht,
3e478911e1a6fa723b6e4ab229449d29,SYS.7.1,SYS.7.1: Käidutehnoloogia üldiselt,3.3,3.3 Standardmeetmed,787723d9dfa181665c153ecdeecde3d2,SYS.7.1.M12,SYS.7.1.M12 Käidutehnoloogia süsteemide nõrkuste tuvastamine,"Vastutaja:  Haldusjuht 
 Elutsükli etapp:  Käitamine 
   
 b. Uutest haavatavustest teadasaamiseks jälgitakse asjakohaste huvigruppide (nt tootjate ning CERT-i) avaldatud aruandeid. 
 c. Käidutehnoloogia süsteemis tuvastatud nõrkused prioriseeritakse ning kavandatakse ja rakendatakse parandusmeetmed (nt turvapaikade paigaldamine). 
 e. Käidutehnoloogia süsteemide nõrkuste tuvastamiseks korraldatakse regulaarselt läbivaatusi ja auditeid.",Haldusjuht,
3e478911e1a6fa723b6e4ab229449d29,SYS.7.1,SYS.7.1: Käidutehnoloogia üldiselt,3.3,3.3 Standardmeetmed,f7badcfb4ac27a05eb9f26f8aff602c9,SYS.7.1.M20,SYS.7.1.M20 Käidutehnoloogia süsteemide laiendatud dokumentatsioon,"Vastutaja:  Haldusjuht 
 Elutsükli etapp:  Käitamine 
   
 a. Käidutehnoloogia süsteemid on dokumenteeritud nende kasutamiseks ja haldamiseks piisava detailsusega. Vajalikku pädevust omav isik on võimeline dokumentatsioonist lähtudes käidutehnoloogia hooldustöid läbi viima. 
 b. Süsteemidokumentatsioon sisaldab vähemalt: 
 
 võimalikke kasutusjuhte (nt korraline hooldus, komponentide vahetus ja remont, välised teenused); 
 organisatsioonipõhiste erisuste kirjeldust; 
 käidutehnoloogia süsteemi andmevahetuspartnereid, andmekategooriaid; 
 andmevahetuse tehnilist spetsifikatsiooni; 
 juhiseid süsteemi haldamiseks (sealhulgas kaughaldus); 
 tööstusautomaatika komponentide muudatuste kronoloogiat. 
 
 c. Käidutehnoloogia süsteemide dokumentatsioon hoitakse ajakohasena. 
 e. Dokumentatsioon on käidutehnoloogia süsteemi tõrgete korral volitatud isikutele kättesaadav.",Haldusjuht,
3e478911e1a6fa723b6e4ab229449d29,SYS.7.1,SYS.7.1: Käidutehnoloogia üldiselt,3.3,3.3 Standardmeetmed,94980ec3abed32f0070f42cb03617025,SYS.7.1.M22,SYS.7.1.M22 Keskne logimine ja seire,"Vastutaja:  Haldusjuht 
 Elutsükli etapp:  Käitamine 
   
 a. Käidu- ja protsessijuhtimissüsteemi logiandmed saadetakse kesksesse logisüsteemi. 
 b. Logiandmeid analüüsitakse regulaarselt. 
 c. Automaatseire käigus tuvastatud võimalikest turvakriitilistest sündmustest teavitatakse vastutavaid töötajaid automaatselt.",Haldusjuht,
3e478911e1a6fa723b6e4ab229449d29,SYS.7.1,SYS.7.1: Käidutehnoloogia üldiselt,3.3,3.3 Standardmeetmed,2e30b8a0e159d5e193d58fb252a459c2,SYS.7.1.M23,SYS.7.1.M23 Käidutehnoloogia komponentide kõrvaldamine,"Vastutaja:  Haldusjuht 
 Elutsükli etapp:  Kõrvaldamine 
   
 a. Vanade või defektsete käidutehnoloogia komponentide kõrvaldamisel kustutatakse automaatikakomponendist turvaliselt kõik tundlikud andmed. 
 b. Automaatikakomponendi kasutuselt kõrvaldamisel veendutakse, et kõik kasutajate pääsuandmed on seadmest kustutatud.",Haldusjuht,
3e478911e1a6fa723b6e4ab229449d29,SYS.7.1,SYS.7.1: Käidutehnoloogia üldiselt,3.3,3.3 Standardmeetmed,c8f617f741f8b12407410398a2515cbc,SYS.7.1.M24,SYS.7.1.M24 Tegutsemine sidesüsteemide rikke korral,"Vastutaja:  Haldusjuht 
 Elutsükli etapp:  Käitamine 
   
 a. Käidutehnoloogia süsteemide käitamiseks vajalike sidekanalite rikke korral on loodud alternatiivsed ja teist tehnoloogiat kasutavad varusidekanalid. 
 b. Käidutehnoloogia süsteemi tegevusvõime säilitamiseks on loodud sidesüsteemidest sõltumatud võimalused süsteemi juhtimiseks. 
 c. Varusidekanalite ja käidutehnoloogia autonoomse juhtimise toimimist testitakse regulaarselt.",Haldusjuht,
3e478911e1a6fa723b6e4ab229449d29,SYS.7.1,SYS.7.1: Käidutehnoloogia üldiselt,3.4,3.4 Kõrgmeetmed,0780eaf45f6302c93565671a813e38d4,SYS.7.1.M13,SYS.7.1.M13 Käidutehnoloogia süsteemide talitluspidevuse tagamine,"Vastutaja:  Haldusjuht 
 Elutsükli etapp:  Käitamine 
 Turvakomponent:  A 
   
 a. Iga käidutehnoloogia süsteemi jaoks on kehtestatud ja dokumenteeritud toibumisplaan (ingl  disaster recovery plan ), mis arvestab vähemalt järgmiste intsidendistsenaariumitega: 
 
 internetiühenduse pikaajaline (üle ühe nädala) katkestus; 
 kontori-IT täielik väljalangemine teatud ajaks (nt 2 päeva); 
 käidutehnoloogia elutähtsate IT-komponentide ajutine väljalangemine; 
 käidutehnoloogia elutähtsate IT-komponentide turvarike ründe või kahjurprogrammi tõttu. 
 
 b. Käidutehnoloogia süsteemide jaoks on välja töötatud varundamise ja taastamise protseduurid. 
 c. Käidutehnoloogia toibumisplaanide toimimist testitakse regulaarselt (vähemalt kord aastas). Testimise käigus simuleeritakse avariisid ja harjutatakse taastetegevusi. 
 d. Käidutehnoloogia süsteemide tööks vajalikud tugisüsteemid (nt elektritoide, võrgukomponendid) on dubleeritud. 
 e. Väga suure käideldavustarbe puhul on teise asukohta rajatud varujuhtimiskeskus, mille saab peamise juhtimiskeskuse väljalangemisel määratud aja jooksul kasutusele võtta. 
 f. On hinnatud varuosade vajadust ja loodud tingimused esmavajalike varuosade hoiustamiseks.",Haldusjuht,
3e478911e1a6fa723b6e4ab229449d29,SYS.7.1,SYS.7.1: Käidutehnoloogia üldiselt,3.4,3.4 Kõrgmeetmed,8bfc83f7ff6b159bf530b57b4f69cef1,SYS.7.1.M14,SYS.7.1.M14 Käidutehnoloogia komponentide tugev autentimine,"Vastutaja:  Haldusjuht 
 Elutsükli etapp:  Käitamine 
 Turvakomponent:  C; I; A 
   
 a. Käidutehnoloogia komponentide ja teenuste poole pöördumisel kasutatakse nullusaldusmudelil ( zero trust security model ) põhinevat kasutajate identifitseerimist ja autentimist. 
 c. Avariide puhuks on loodud lokaalsed süsteemide ja rakenduste kontod, mida hoitakse turvaliselt. 
 e. Autentimissüsteemide konfiguratsioon ja muudatused dokumenteeritakse ning süsteeme kontrollitakse intsidentide avastamiseks. 
 f. Kõrgemat turvalisust nõudvaid ja ärikriitilisi haldustoiminguid saab teha ainult mitme administraatori koostöös.",Haldusjuht,
3e478911e1a6fa723b6e4ab229449d29,SYS.7.1,SYS.7.1: Käidutehnoloogia üldiselt,3.4,3.4 Kõrgmeetmed,9d8b79bca0986675c54f2cc287161aad,SYS.7.1.M15,SYS.7.1.M15 Õiguste kontroll ja seire,"Vastutaja:  Haldusjuht 
 Elutsükli etapp:  Käitamine 
 Turvakomponent:  C; I; A 
   
 a. Organisatsioonil on igal ajahetkel ülevaade kõigi oluliste käidu- ja protsessijuhtimissüsteemide pääsuõiguste hetkeseisust ja õiguste muutmise ajaloost. 
 b. On võimalik vaadata konkreetse kasutaja õigusi kõigis süsteemides, ja teistpidi, iga süsteemi üksikute kasutajate õigusi. 
 c. Olulise tähtsusega haldustoimingud logitakse. 
 d. Käidutehnoloogia süsteemide logid on kaitstud lubamatu kustutuse ja muutmise eest.",Haldusjuht,
3e478911e1a6fa723b6e4ab229449d29,SYS.7.1,SYS.7.1: Käidutehnoloogia üldiselt,3.4,3.4 Kõrgmeetmed,23c424c1b3be6e6137ccae66738f2d79,SYS.7.1.M16,SYS.7.1.M16 Käidutehnoloogia süsteemide tugev isoleerimine,"Vastutaja:  Haldusjuht 
 Elutsükli etapp:  Käitamine 
 Turvakomponent:  I; A 
   
 a. Süsteemitasandil raskesti kaitstavad käidusüsteemid on paigutatud isoleeritud võrgusegmenti. 
 b. Andmeliidestusega käidusüsteemile on kohandatud P-A-P-struktuuriga (paketifilter - rakenduslüüs - paketifilter) demilitaartsoon(id), mis võimaldavad viirusetõrjet, andmevormingute kontrolli ning sõnumisisu kontrolli ja filtreerimist. 
 c. Turvalisest perimeetrist tahtliku või juhusliku möödumise (nt ird-andmekandjate ja mobiilseadmete kasutamise kaudu) tõkestamiseks on rakendatud täiendavaid korralduslikke ja tehnilisi infoturbe meetmeid.",Haldusjuht,
3e478911e1a6fa723b6e4ab229449d29,SYS.7.1,SYS.7.1: Käidutehnoloogia üldiselt,3.4,3.4 Kõrgmeetmed,38a7448612688cb0bc76f28e4ac34d13,SYS.7.1.M17,SYS.7.1.M17 Käidutehnoloogia turbe regulaarne läbivaatus,"Vastutaja:  Infoturbejuht 
 Elutsükli etapp:  Käitamine 
 Turvakomponent:  I 
   
 a. Käidutehnoloogia komponentide turbe vastavust turvanõuetele ning komponentide konfiguratsiooni asjakohasust vaadatakse regulaarselt üle. 
 b. Turbe läbivaatus hõlmab vähemalt neid süsteeme, mis on välisliideste või otsese kasutajate juurdepääsu tõttu ohtudele rohkem avatud. 
 c. Läbivaatused sisaldavad nõrkuste hindamist ja praktilist testimist. Käidutehnoloogia komponentide läbistustestimisel arvestatakse võimalike mõjudega süsteemi käideldavusele.",Haldusjuht,
33fac9c5449b6876241d9a6dbd75be17,APP.4,APP.4: Kontoritarkvara,3.2,3.2 Põhimeetmed,5c54504eb294830b935c78b98450d094,APP.4.M2,APP.4.M2 Kontoritarkvara aktiivsisu piiramine,"Vastutaja:  IT-juht 
 Elutsükli etapp:  Kavandamine 
   
 a. Kontoritarkvaras on aktiivsisu automaatne käivitamine vaikimisi keelatud. 
 b. Aktiivsisu käivitamine on lubatud ainult kooskõlastusel infoturbejuhiga ja vastav otsus on dokumenteeritud.",IT-juht,
33fac9c5449b6876241d9a6dbd75be17,APP.4,APP.4: Kontoritarkvara,3.2,3.2 Põhimeetmed,f884fc7f8ed4498eb3cd9c53042df587,APP.4.M3,APP.4.M3 Failide turvaline töötlemine,"Vastutaja:  Kasutaja 
 Elutsükli etapp:  Käitamine 
   
 a. Kõiki faile kontrollitakse kahjurvara suhtes enne töötlemist. 
 b. Organisatsioonis on kokku lepitud lubatud failivormingute loetelu. Keelatud failivormingute kasutamine on tehniliselt tõkestatud.",IT-juht,
33fac9c5449b6876241d9a6dbd75be17,APP.4,APP.4: Kontoritarkvara,3.3,3.3 Standardmeetmed,59af31d68d50514bf00623eaf8bb869c,APP.4.M13,APP.4.M13 Vaatefunktsioonide kasutamine,"Vastutaja:  Kasutaja 
 Elutsükli etapp:  Käitamine 
   
 a. Dokumendid avatakse vaikimisi automaatselt piiratud vaate- või kaitstud režiimis, milles dokumenti ei saa vahetult muuta ega aktiivsisu käivitada.",IT-juht,
33fac9c5449b6876241d9a6dbd75be17,APP.4,APP.4: Kontoritarkvara,3.3,3.3 Standardmeetmed,72bfeea8bf8d973d9379a59de47573ea,APP.4.M14,APP.4.M14 Andmete kaitsmine tagantjärele muutmise eest,"Vastutaja:  Kasutaja 
 Elutsükli etapp:  Käitamine 
   
 a. Olenevalt dokumendi plaanitud kasutusotstarbest kasutatakse loodud faili edasise töötlemise piiramiseks kontoritarkvaras olevaid turvamehhanisme.",IT-juht,
70f6d5368544c47cd03b2bb1ab77fb9e,APP.5,APP.5: Rühmatarkvara,3.2,3.2 Põhimeetmed,1d29069e23f67502a1e05a50e7f94e37,APP.5.M2,APP.5.M2 Rühmatarkvara kasutuselevõtule eelnev võrgulahenduse kontroll,"Vastutaja:  IT-juht 
 Elutsükli etapp:  Kavandamine 
   
 a. Rühmatarkvara kasutusvalmiduse hindamisel arvestatakse järgmiseid võrgutehnilisi aspekte: 
 
 rühmatarkvara jõudlusparameetrid - lubatav paketikadu (ingl  packet loss ), faasivärin (ingl  jitter ) ja latentsusaeg (ingl  latency ); 
 videokonverentside läbiviimiseks piisava võrgu läbilaskevõime (ingl  bandwidth ) olemasolu; 
 statsionaarsete lõppseadmete toimimiseks vajalik Ethernet-toite (ingl  Power over Ethernet,  PoE); 
 WLAN sideühenduse võimalus mobiilseadmetele. 
 
 b. Enne rühmatarkvara kasutuselevõttu kontrollitakse võrgu vastavust rühmatarkvara spetsiifilistele jõudlusparameetritele ning koostatakse kava leitud puuduste kõrvaldamiseks. 
 c. Täiendavate rühmatarkvara lisandumisel vaadatakse eeltoodud tehnilised aspektid uuesti üle.",IT-juht,
70f6d5368544c47cd03b2bb1ab77fb9e,APP.5,APP.5: Rühmatarkvara,3.3,3.3 Standardmeetmed,f71104fad314d71b5b2ef0ebfe523c2c,APP.5.M10,APP.5.M10 Edastatava teabe sisupõhine piiramine,"Vastutaja:  IT-juht 
 Elutsükli etapp:  Käitamine 
   
 a. Organisatsioon on hinnanud vestluse sisu automaatse analüüsi ja piiramise meetmete rakendamise proportsionaalsust, arvestades töödeldava teabe kaitsetarvet, tehnilisi võimalusi ning andmekaitsenõudeid. 
 b. Teabe sisupõhist piiramist on võimalik vajadusel desaktiveerida kas täielikult või ühe konkreetse vestluse kaupa. 
 d. Rühmatöötarkvara kasutajaid on sisupõhisest piiramisest ja vestluse sisu analüüsimisest eelnevalt teavitatud ning nad on andnud selleks selgesõnalise ja üheselt mõistetava nõusoleku. 
 e. Vestluste hindamise käigus tekkinud andmestik on kaitstud volitamata juurdepääsu eest.",IT-juht,
effc4ea85ea51ac5b15d911d2b292eea,SYS.7.4,SYS.7.4: Ohutusautomaatika,3.2,3.2 Põhimeetmed,07f05c8f19f7131071f597cc925453b1,SYS.7.4.M1,SYS.7.4.M1 Ohutusautomaatika süsteemi dokumenteerimine,"Vastutaja:  Haldusjuht 
 Elutsükli etapp:  Käitamine 
   
 b. Ohutusautomaatika süsteemi dokumentatsioon sisaldab järgmist: 
 
 andmeühendustes kasutatavate signaalide spetsifikatsioon; 
 andmetüüp; 
 andmevahetuse partnerid; 
 andmevahetusprotokoll ja suund; 
 turvateave (autentimine, sertifikaadid, krüpteerimine); 
 ohutusautomaatika kavandamise, teostuse, hoolduse, seire, kontrolli ja muutmise protsesside eest vastutavad allüksused ja rollid. 
 
 c. Ohutusautomaatika süsteemi dokumentatsiooni ajakohastatakse muudatuste korral ja kontrollitakse vähemalt kord aastas.",Haldusjuht,
effc4ea85ea51ac5b15d911d2b292eea,SYS.7.4,SYS.7.4: Ohutusautomaatika,3.2,3.2 Põhimeetmed,70106354759ddf0956eecefa8b881cdd,SYS.7.4.M3,SYS.7.4.M3 Ohutusautomaatika loogikasüsteemi turve,"Vastutaja:  Haldusjuht 
 Elutsükli etapp:  Käitamine 
   
 a. Ohutusautomaatika loogikasüsteemi turvamehhanismid on aktiveeritud. Kui see pole tehtav või kui kaitsetarve on suurem, lisatakse korralduslikke meetmeid. 
 b. Ohutusautomaatika seadmete konfiguratsiooni saavad muuta ja süsteemi installimise kinnitada ainult selleks volitatud isikud. 
 d. Programmeerimisseadmeid ühendatakse süsteemiga ainult vajaduse korral ja seansipõhiselt. 
 e. Ohutusautomaatika programmeerimise töövahendeid ei kasutata muuks otstarbeks.",Haldusjuht,
effc4ea85ea51ac5b15d911d2b292eea,SYS.7.4,SYS.7.4: Ohutusautomaatika,3.3,3.3 Standardmeetmed,b569b5bc33e68a970f17c3acdf5fb07d,SYS.7.4.M4,SYS.7.4.M4 Ohutusautomaatika süsteemide turvaline haldus,"Vastutaja:  Haldusjuht 
 Elutsükli etapp:  Käitamine 
   
 a. Ohutusautomaatika süsteemi haldusega seotud protsessid, õigused ja kohustused on selgelt määratletud ja integreeritud organisatsiooniülesesse turbekorraldusse. 
 c. Ohutusautomaatika süsteemi tehniliste parameetrite juhusliku ja volitamata muutmise võimalused on tõkestatud. 
 d. Allalaaditavana väljastatav tarkvara on kaitstud manipuleerimise eest. Püsivara uuendid ja konfiguratsioonipaketid saadakse valmistajalt signeeritult. 
 e. Kõik ebaturvalised võrguteenused (nt Telnet, FTP, HTTP) on tõkestatud.",Haldusjuht,
effc4ea85ea51ac5b15d911d2b292eea,SYS.7.4,SYS.7.4: Ohutusautomaatika,3.3,3.3 Standardmeetmed,686a8eae1b63d4030f7dc4d6e0634ced,SYS.7.4.M5,SYS.7.4.M5 Ohutusautomaatika intsidendihaldus,"Vastutaja:  Infoturbejuht 
 Elutsükli etapp:  Käitamine 
   
 a. On kehtestatud ohutusautomaatika intsidendikäsitlusplaan, mis määrab vajalikud rollid ja kohustused. 
 b. Intsidendikäsitlusplaanis arvestatakse vähemalt järgmiste stsenaariumitega: 
 
 ohutusautomaatika side katkemine, sidepartneri turvarike; 
 anduri või loogikasüsteemi turvarike (nt kahjurvara hooldepaneelis). 
 
 c. Tegutsemist intsidendistsenaariumide korral harjutatakse regulaarselt.",Haldusjuht,
effc4ea85ea51ac5b15d911d2b292eea,SYS.7.4,SYS.7.4: Ohutusautomaatika,3.3,3.3 Standardmeetmed,741322c5e6d4cf2bb63cd7c1554e08b9,SYS.7.4.M7,SYS.7.4.M7 Ohutusautomaatika süsteemide autonoomse toimimise tagamine,"Vastutaja:  Haldusjuht 
 Elutsükli etapp:  Käitamine 
   
 a. Ohutusautomaatika seadmeid kaitstakse kahjulike keskkonnamõjude ja tehnoloogilise mõjutamise (sh vigased või ummistavad andmed) eest. 
 b. Andmeside katkemise puhul säilitab ohutusautomaatika süsteem autonoomse toimimise võime. 
 d. Ohutusautomaatika seadmevõrgud on IT-võrgust ja teistest tööstusautomaatika võrkudest loogiliselt või füüsiliselt eraldatud. 
 e. Ohutusautomaatika juhtimine (nt juhtpaneel) on ühendatud otse ohutusautomaatika kontrolleritega ning ei sõltu väliste võrkude käideldavusest.",Haldusjuht,
effc4ea85ea51ac5b15d911d2b292eea,SYS.7.4,SYS.7.4: Ohutusautomaatika,3.3,3.3 Standardmeetmed,77d7098f788779471098d54f402f0df9,SYS.7.4.M9,SYS.7.4.M9 Andme- ja signaaliühenduste turve,"Vastutaja:  Haldusjuht 
 Elutsükli etapp:  Käitamine 
   
 a. Ühesuunalise andmeside kaitseks rakendatakse tehnilisi turvameetmed (näiteks suundlüüs). 
 b. Andme- ja signaaliühendustele, mis vajavad tagasisidet (kahesuunaline andmeside), rakendatakse sõltuvalt vajadusest alljärgnevaid tehnilisi meetmeid: 
 
 edastatavad andmed krüpteeritakse, sidepartner on autenditud; 
 ühendused algatatakse alati ohutusautomaatika keskkonnast; 
 andmeliiklus on piiratud määratud portide ja aadressidega; 
 edastatavate sõnumite sisu seire võimalike anomaaliate leidmiseks. 
 
 c. Edastavate andmetemuutujate väärtusepiirid on määratletud, võimalikest anomaaliatest alarmeeritakse. 
 d. Kontrollsignaalide puudumisel lülitub ohutusautomaatika ohutusse režiimi, mis ei põhjusta riske inimestele, keskkonnale ja varale.",Haldusjuht,
effc4ea85ea51ac5b15d911d2b292eea,SYS.7.4,SYS.7.4: Ohutusautomaatika,3.4,3.4 Kõrgmeetmed,ef15c5bee6ae1a42af4bf868fadf7726,SYS.7.4.M12,SYS.7.4.M12 Rakendusprogrammide ja konfiguratsiooniandmete tervikluse ja autentsuse tagamine,"Vastutaja:  Haldusjuht 
 Elutsükli etapp:  Käitamine 
 Turvakomponent:  I 
   
 a. Hangitakse ainult sertifitseeritud ohutusautomaatika vahendeid, millele tootja on välja töötanud piisavad terviklus- ja autentsuskontrolli mehhanismid. 
 b. Loogikasüsteemi või sellega seotud andurite konfiguratsiooniandmete ja rakendusprogrammide terviklus- ja autentsuskontrolli mehhanismid on aktiveeritud ja turvaliselt konfigureeritud. 
 c. Tervikluse rikked tuvastatakse ja tehakse teatavaks automaatselt. 
 g. Kriitiliste käskude edastamine või piirväärtuste muutmine nõuab neljasilmakontrolli või kahe vastutaja samaaegset heakskiitu.",Haldusjuht,
726a4472c4286afb4f99cbc9aebdc342,SYS.7.5,SYS.7.5: Programmeeritavad kontrollerid,3.3,3.3 Standardmeetmed,841f46c620d38527b0612ae015bfa000,SYS.7.5.M1,SYS.7.5.M1 Programmeeritavate kontrollerite turvaline haldus,"Vastutaja:  Haldusjuht 
 Elutsükli etapp:  Käitamine 
   
 a. Kõik PLC juhtimisprogrammi või PLC konfiguratsiooni muudatused dokumenteeritakse. Konfiguratsioon salvestatakse enne ja pärast iga muudatust. 
 c. PLC võetakse kasutusele üksnes pärast vastuvõtukontrolli ja -testimise läbimist. 
 d. Kaugjuurdepääs PLC-dele on vaikimisi keelatud. 
 e. Kõik hooldustööd registreeritakse. Dokumenteeritakse vähemalt tegija, kuupäev/kellaaeg ja hooldustegevuse põhjus.",Haldusjuht,
726a4472c4286afb4f99cbc9aebdc342,SYS.7.5,SYS.7.5: Programmeeritavad kontrollerid,3.3,3.3 Standardmeetmed,ef0b13a74771bb614b1b12de155d8b6b,SYS.7.5.M3,SYS.7.5.M3 Programmeeritavate kontrollerite kella sünkroniseerimine,"Vastutaja:  Haldusjuht 
 Elutsükli etapp:  Käitamine 
   
 a. Programmeeritavate kontrollerite kellad sünkroniseeritakse organisatsioonisisese, käidutehnoloogia süsteemide kasutuseks mõeldud ajaserveriga. 
 b. Organisatsiooniväliste avalike ajaserveri teenuste kasutamine on keelatud.",Haldusjuht,
74a6fa46ad062a575a168d09aaae078a,APP.3,APP.3: E-posti klient,3.2,3.2 Põhimeetmed,036e7d4b48881a2891bad01ee68af8dd,APP.3.M1,APP.3.M1 E-posti kliendi turvaline konfiguratsioon,"Vastutaja:  IT-juht 
 Elutsükli etapp:  Käitamine 
   
 b. Kasutajale antakse klientprogramm turvalise konfiguratsiooniga. Kasutajal on konfiguratsiooni muutmine keelatud või tehniliselt tõkestatud. 
 c. Enne manuste avamist lõppkasutaja poolt kontrollitakse manuseid kahjurvaratõrje tarkvaraga. 
 d. E-posti kliendi konfiguratsioon välistab e-kirjades sisalduva aktiivse sisu automaatse käivitamise ning blokeerib vaikimisi väliste ressursside automaatse laadimise. 
 e. Manusfailide automaatne eelvaatefunktsioon on kliendi konfiguratsioonis keelatud. 
 f. E-kirjade automaatne edasisaatmine toimub vastavalt organisatsiooni kehtestatud teabevahetuse korrale. 
 g. Ebaturvalistes võrkudes on e-posti serveriga ühenduse loomine lubatud ainult turvatud andmesidekanali kaudu. 
 h. Väljaspoolt organisatsiooni saabunud e-kirjad märgistatakse teavitustekstiga.",IT-juht,
4258841c4132ac91d18f210995834ea9,APP.6,APP.6: Mobiilirakendus,3.2,3.2 Põhimeetmed,3b6682c884888b055046d9b03d42539a,APP.6.M1,APP.6.M1 Mobiilirakenduse nõuete analüüs,"Vastutaja:  IT-juht 
 Elutsükli etapp:  Kavandamine 
   
 a. Enne mobiilirakenduse kasutuselevõttu kaardistatakse äriprotsessidest tulenevad mobiilirakenduse nõuded. 
 b. Analüüsitakse mobiilirakenduse kasutuselevõtuga kaasnevaid riske ja tuvastatakse turvanõuded, arvestades töödeldavate andmete kaitsetarvet, IT-keskkonda ja õiguslikke raamtingimusi.",IT-juht,
4258841c4132ac91d18f210995834ea9,APP.6,APP.6: Mobiilirakendus,3.2,3.2 Põhimeetmed,67d018c458b2eeac3550df3379aa462d,APP.6.M8,APP.6.M8 Andmelekete avastamine ja takistamine,"Vastutaja:  IT-juht 
 Elutsükli etapp:  Käitamine 
   
 b. Kontrollitakse, et mobiilirakendus ei salvestaks logi-, tõrke- ega abifailidesse konfidentsiaalseid või muid kaitstavaid andmeid. 
 c. Mobiilirakenduste seadistamisel ja kasutamisel rakendatakse organisatsioonilisi ja tehnilisi meetmeid, et vältida tundlike andmete põhjendamatut edastamist või avalikustamist, sealhulgas rakenduse funktsionaalsuse piiramine, andmete minimeerimine ning kasutajate teadlikkuse tõstmine.",IT-juht,
4258841c4132ac91d18f210995834ea9,APP.6,APP.6: Mobiilirakendus,3.2,3.2 Põhimeetmed,2497810a99ff29d6388b1db2b57d9330,APP.6.M17,APP.6.M17 Mitmikautentimine mobiilirakendustes,"Vastutaja:  IT-juht 
 Elutsükli etapp:  Käitamine 
   
 a. Kui mobiilirakendus võimaldab juurdepääsu kaitstavatele andmetele või organisatsiooni siseressurssidele, kasutatakse autentimiseks mitmikautentimist. 
 b. Autentimistegurid on piisavalt võltsimatud. Biomeetriliste tuvastusmeetodite korral on analüüsitud, kas autentimiskindlus on võltsimiskatsete vältimiseks piisav.",IT-juht,
4258841c4132ac91d18f210995834ea9,APP.6,APP.6: Mobiilirakendus,3.3,3.3 Standardmeetmed,bf9dd799ce07b79909a25c2f970db7f1,APP.6.M16,APP.6.M16 Mobiilirakenduste haldus,"Vastutaja:  IT-juht 
 Elutsükli etapp:  Käitamine 
   
 a. Mobiilirakenduste seadistamiseks ja haldamiseks kasutatakse tsentraalset mobiilseadmete haldust. 
 b. Tsentraalse halduse abil rakendatakse mobiilirakendustele organisatsiooni kehtestatud turvanõuded. 
 c. Kui tsentraalne haldus ei ole tehniliselt või õiguslikult võimalik, on kehtestatud alternatiivsed meetmed mobiilirakenduste turvanõuete järgimise tagamiseks.",IT-juht,
7a0fdcf99978d019e3564876f1ac6554,APP.2,APP.2: Veebilehitseja,3.2,3.2 Põhimeetmed,693fde23adebe31b52085826b05736f8,APP.2.M1,APP.2.M1 Veebilehitseja kasutuselevõtu kavandamine,"Vastutaja:  IT-juht 
 Elutsükli etapp:  Kavandamine 
   
 a. Kasutusele võetakse veebilehitseja, mis toetab aedikkäitust (ingl  sandboxing ). 
 b. Kasutusele võetakse veebilehitsejat, mis toetab veebisaitide töötlemist üksteisest eraldi protsessidena. 
 c. Kasutusele võetavas veebilehitsejas on aktiveeritud ajakohased turbefunktsionaalsused. 
 d. Kasutusele võetav veebilehitseja toetab  DNS-over-HTTPS  (DoH) protokolli.",IT-juht,
7a0fdcf99978d019e3564876f1ac6554,APP.2,APP.2: Veebilehitseja,3.2,3.2 Põhimeetmed,8385211865ae5eb07b58cc6b7d7a0207,APP.2.M2,APP.2.M2 Andmeside krüpteerimine veebilehitsejas,"Vastutaja:  IT-juht 
 Elutsükli etapp:  Käitamine 
   
 a. Veebilehitseja toetab ja kasutab transpordikihi turvaprotokolli TLS ajakohaseid ja turvalisi versioone. 
 b. Ebaturvaliste TLS-i versioonide ja krüptograafiliste algoritmide (nt SSL, TLS 1.0 ja TLS 1.1) kasutamine on blokeeritud. 
 c. Veebilehitseja toetab RFC 6797 kirjeldusele vastavat turvamehhanismi HSTS (ingl  HTTP Strict Transport Security ).",IT-juht,
7a0fdcf99978d019e3564876f1ac6554,APP.2,APP.2: Veebilehitseja,3.2,3.2 Põhimeetmed,24c04bce240be157ddcb4638d81e07b9,APP.2.M3,APP.2.M3 Turvaline sertifikaatide haldus veebilehitseja seadistustes,"Vastutaja:  IT-juht 
 Elutsükli etapp:  Käitamine 
   
 a. Veebilehitseja võimaldab hallata usaldatavate juursertifikaatide loendit ning toetab organisatsioonis kasutusele võetud sertifikaatide lisamist. 
 b. Veebilehitseja toetab laiendvalideerimise sertifikaate (ingl  extended validation (EV) certificate ). 
 c. Juursertifikaate on võimalik lisada, muuta või kustutada ainult haldusõigustega kasutajatel. 
 e. Veebilehitseja kontrollib avalike võtmete ja kehtivusaja abil serveri sertifikaatide kehtivust. 
 f. Veebilehitseja valideerib kogu sertifikaadiahela, sealhulgas vahe- ja juursertifikaadid. 
 g. Kasutajale kuvatakse selge indikatsioon, kui sertifikaat on kehtetu, aegunud, valelt väljastajalt või ei vasta domeenile. 
 h. Ühenduse loomist kehtetu sertifikaadiga ei lubata, välja arvatud juhul, kui kasutaja annab selgesõnalise kinnituse.",IT-juht,
7a0fdcf99978d019e3564876f1ac6554,APP.2,APP.2: Veebilehitseja,3.2,3.2 Põhimeetmed,79ac2c18db8877accd6aa6620385a63d,APP.2.M7,APP.2.M7 Andmete kaitse veebilehitsejas,"Vastutaja:  IT-juht 
 Elutsükli etapp:  Käitamine 
   
 a. Kolmandate poolte brauseriküpsised (ingl  browser cookie ) on blokeeritud. 
 b. Andmesisestuse automaatjätkamine (ingl  autocompletion ) on desaktiveeritud. 
 c. Kasutajal on võimalik kustutada veebilehitseja sirvimisajalugu, brauseriküpsised ja puhverdatud failid. 
 d. Veebilehitseja andmete sünkroniseerimine pilvteenustega on desaktiveeritud või lubatud ainult eraldi kooskõlastatud juhtudel. 
 e. Tootja telemeetriafunktsioonid ja tõrketeadete automaatne edastamine on desaktiveeritud. 
 f. Veebilehitseja ligipääs välisseadmetele (nt mikrofon, veebikaamera) on vaikimisi keelatud ning lubatud ainult kasutaja kinnituse alusel.",IT-juht,
7a0fdcf99978d019e3564876f1ac6554,APP.2,APP.2: Veebilehitseja,3.3,3.3 Standardmeetmed,32bf6abc77dae2858361725ba3e799e4,APP.2.M10,APP.2.M10 Veebilehitseja privaatrežiimi kasutamine,"Vastutaja:  IT-juht 
 Elutsükli etapp:  Käitamine 
 Turvakomponent:  C; I 
   
 a. Veebilehitsejat kasutatakse privaatrežiimis (ingl  incognito, private ), milles andmeid püsivalt ei salvestata. 
 b. Veebilehitseja kustutab seansi lõpul automaatselt kogu sirvimisajaloo ja lokaalsed andmed. 
 c. Privaatrežiimi kasutamine ei takista organisatsiooni poolt seadistatud logimise toimimist.",IT-juht,
7a0fdcf99978d019e3564876f1ac6554,APP.2,APP.2: Veebilehitseja,3.3,3.3 Standardmeetmed,2cf5153b51d82e9f619ecb839cefb7d3,APP.2.M11,APP.2.M11 Veebilehitseja liidestus kahjurvaratõrje tarkvaraga,"Vastutaja:  IT-juht 
 Elutsükli etapp:  Käitamine 
 Turvakomponent:  C 
   
 a. Veebilehtede turvalisust kontrollitakse enne nende avamist, kasutades pahavaratõrje-, maine- ja domeeniohutuse kontrolli. Ohtlikuks hinnatud veebilehtedele juurdepääs blokeeritakse. 
 b. Veebilehtede kontrolli teostamisel järgitakse andmekaitsealaseid õigusakte ning tagatakse, et kogutavad ja töödeldavad andmed on piiratud vajalikuga. 
 c. Veebilehitseja toetab sisseehitatud kahjurvaratõrje mehhanisme.",IT-juht,
7a0fdcf99978d019e3564876f1ac6554,APP.2,APP.2: Veebilehitseja,3.3,3.3 Standardmeetmed,c22b4201ca6f1f567f67105279dda4b1,APP.2.M12,APP.2.M12 Alternatiivse veebilehitseja strateegia,"Vastutaja:  IT-juht 
 Elutsükli etapp:  Käitamine 
 Turvakomponent:  A 
   
 a. Organisatsioonis on määratud vähemalt kaks turvalist ja toetatud veebibrauserit, et vähendada sõltuvust ühest brauseritootjast ning tagada töö jätkusuutlikkus turvaintsidentide või kriitiliste haavatavuste korral. 
 b. Vajaduse korral kasutatakse erinevaid veebilehitsejaid erineva riskitasemega tegevusteks. 
 c. Alternatiivse veebilehitseja kasutuselevõtt on dokumenteeritud organisatsiooni tarkvaraprofiilis.",IT-juht,
